student_profile_id,question_text,question_number,difficulty_level,pre_or_post,transcription_human,transcription_ai,score_human_total,score_human_max,feedback_human_json,feedback_ai_json,ai_utterance_duration_seconds,grader_name,grader_notes,ai_submission_id,lesson_id,question_id,submission_date,audio_filename,audio_link,ai_utterance_duration_seconds,city,school_name,question_text_original,grade
31203,Come on. We can do it together.,1,,pre,Come on We can do it together,Come on we can do do it together,13.0,14,"{""come"": 2, ""on"": 1, ""we"": 2, ""can"": 2, ""do"": 2, ""it"": 2, ""together"": 2}","{""come"": {""actual_score"": 91.0, ""normalized_score"": 1.82, ""normalized_rounded"": 2}, ""on"": {""actual_score"": 85.0, ""normalized_score"": 1.7, ""normalized_rounded"": 2}, ""we"": {""actual_score"": 55.0, ""normalized_score"": 1.1, ""normalized_rounded"": 1}, ""can"": {""actual_score"": 79.0, ""normalized_score"": 1.58, ""normalized_rounded"": 2}, ""do"": {""actual_score"": 76.0, ""normalized_score"": 1.52, ""normalized_rounded"": 2}, ""it"": {""actual_score"": 91.0, ""normalized_score"": 1.82, ""normalized_rounded"": 2}, ""together"": {""actual_score"": 48.0, ""normalized_score"": 0.96, ""normalized_rounded"": 1}}",6.84,ali,,1079836,3167,6675,2025-07-02 04:32:21.624,grade1_profile31203_q1_LP_20251122_095026.mp3,https://drive.google.com/file/d/1gNIIRCu66cFoUycmnYbuXQfjAYlPGC8v/view?usp=drivesdk,6.84,,Wisdom School System,Come on. We can do it  together.,1
31203,It's locked. I can open it.,2,,pre,It's locked I can open it,It's locked i can open it,12.0,12,"{""it's"": 2, ""locked"": 2, ""i"": 2, ""can"": 2, ""open"": 2, ""it"": 2}","{""it's"": {""actual_score"": 94.0, ""normalized_score"": 1.88, ""normalized_rounded"": 2}, ""locked"": {""actual_score"": 79.0, ""normalized_score"": 1.58, ""normalized_rounded"": 2}, ""i"": {""actual_score"": 82.0, ""normalized_score"": 1.64, ""normalized_rounded"": 2}, ""can"": {""actual_score"": 82.0, ""normalized_score"": 1.64, ""normalized_rounded"": 2}, ""open"": {""actual_score"": 85.0, ""normalized_score"": 1.7, ""normalized_rounded"": 2}, ""it"": {""actual_score"": 91.0, ""normalized_score"": 1.82, ""normalized_rounded"": 2}}",4.11,rehma,,1079867,3167,6674,2025-07-02 04:34:12.443,grade1_profile31203_q2_LP_20251122_100201.mp3,https://drive.google.com/file/d/1QhMl4Rtsp4mtN2zThRsGBDiQ9CvKX7wc/view?usp=drivesdk,4.11,,Wisdom School System,It's locked. I can open it. ,1
31203,It's locked. I can open it.,2,,post,It's locked I can open it,It's locked i can open it,11.0,12,"{""it's"": 2, ""locked"": 1, ""i"": 2, ""can"": 2, ""open"": 2, ""it"": 2}","{""it's"": {""actual_score"": 26.0, ""normalized_score"": 0.52, ""normalized_rounded"": 1}, ""locked"": {""actual_score"": 60.0, ""normalized_score"": 1.2, ""normalized_rounded"": 1}, ""i"": {""actual_score"": 91.0, ""normalized_score"": 1.82, ""normalized_rounded"": 2}, ""can"": {""actual_score"": 91.0, ""normalized_score"": 1.82, ""normalized_rounded"": 2}, ""open"": {""actual_score"": 91.0, ""normalized_score"": 1.82, ""normalized_rounded"": 2}, ""it"": {""actual_score"": 97.0, ""normalized_score"": 1.94, ""normalized_rounded"": 2}}",3.99,ali,,1508720,4248,7983,2025-07-25 05:08:07.788,grade1_profile31203_q2_QK_20251122_100724.mp3,https://drive.google.com/file/d/1ZETZf7yiTU5oFdoBJgwMmiC7amV-q6Mi/view?usp=drivesdk,3.99,,Wisdom School System,It's locked. I can open it. ,1
31203,This is Zara. She loves to draw. This is Faiz. He loves to build things.,3,,post,This is Zara She loves to draw This is Faiz He loves to building build things,This is zara she loves to draw this is faiz he loves to build things build things,30.0,30,"{""this"": 2, ""is"": 2, ""zara"": 2, ""she"": 2, ""loves"": 2, ""to"": 2, ""draw"": 2, ""this.1"": 2, ""is.1"": 2, ""faiz"": 2, ""he"": 2, ""loves.1"": 2, ""to.1"": 2, ""build"": 2, ""things"": 2}","{""this"": {""actual_score"": 85.0, ""normalized_score"": 1.7, ""normalized_rounded"": 2}, ""is"": {""actual_score"": 94.0, ""normalized_score"": 1.88, ""normalized_rounded"": 2}, ""zara"": {""actual_score"": 85.0, ""normalized_score"": 1.7, ""normalized_rounded"": 2}, ""she"": {""actual_score"": 94.0, ""normalized_score"": 1.88, ""normalized_rounded"": 2}, ""loves"": {""actual_score"": 97.0, ""normalized_score"": 1.94, ""normalized_rounded"": 2}, ""to"": {""actual_score"": 88.0, ""normalized_score"": 1.76, ""normalized_rounded"": 2}, ""draw"": {""actual_score"": 94.0, ""normalized_score"": 1.88, ""normalized_rounded"": 2}, ""faiz"": {""actual_score"": 46.0, ""normalized_score"": 0.92, ""normalized_rounded"": 1}, ""he"": {""actual_score"": 91.0, ""normalized_score"": 1.82, ""normalized_rounded"": 2}, ""build"": {""actual_score"": 88.0, ""normalized_score"": 1.76, ""normalized_rounded"": 2}, ""things"": {""actual_score"": 16.0, ""normalized_score"": 0.32, ""normalized_rounded"": 0}}",11.8,salman,,1508779,4248,7982,2025-07-25 05:09:16.817,grade1_profile31203_q3_QK_20251122_101834.mp3,https://drive.google.com/file/d/1f6Whu2WzTtlJwNGTTkulRjvIo1_aPJwA/view?usp=drivesdk,11.8,,Wisdom School System,This is Zara. She loves to draw. This is Faiz. He loves to build things. ,1
28417,Come on. We can do it together.,1,,pre,Come on We can do it toogether,Come on we can do it together,13.0,14,"{""come"": 2, ""on"": 2, ""we"": 2, ""can"": 2, ""do"": 2, ""it"": 2, ""together"": 1}","{""come"": {""actual_score"": 70.0, ""normalized_score"": 1.4, ""normalized_rounded"": 1}, ""on"": {""actual_score"": 79.0, ""normalized_score"": 1.58, ""normalized_rounded"": 2}, ""we"": {""actual_score"": 88.0, ""normalized_score"": 1.76, ""normalized_rounded"": 2}, ""can"": {""actual_score"": 88.0, ""normalized_score"": 1.76, ""normalized_rounded"": 2}, ""do"": {""actual_score"": 82.0, ""normalized_score"": 1.64, ""normalized_rounded"": 2}, ""it"": {""actual_score"": 91.0, ""normalized_score"": 1.82, ""normalized_rounded"": 2}, ""together"": {""actual_score"": 56.0, ""normalized_score"": 1.12, ""normalized_rounded"": 1}}",6.39,anum,Seems like someone was assisting the kid in the background.,1021546,3167,6675,2025-06-25 07:06:18.208,grade1_profile28417_q1_LP_20251122_095026.mp3,https://drive.google.com/file/d/1ONPAPhcjW3CEPrqyUJ8FxQ4iXzEKtg8S/view?usp=drivesdk,6.39,Sargodha,Pak Academia International School,Come on. We can do it  together.,1
28417,It's locked. I can open it.,2,,pre,It's locked I can open it,It's locked i can open it,12.0,12,"{""it's"": 2, ""locked"": 2, ""i"": 2, ""can"": 2, ""open"": 2, ""it"": 2}","{""it's"": {""actual_score"": 97.0, ""normalized_score"": 1.94, ""normalized_rounded"": 2}, ""locked"": {""actual_score"": 64.0, ""normalized_score"": 1.28, ""normalized_rounded"": 1}, ""i"": {""actual_score"": 91.0, ""normalized_score"": 1.82, ""normalized_rounded"": 2}, ""can"": {""actual_score"": 94.0, ""normalized_score"": 1.88, ""normalized_rounded"": 2}, ""open"": {""actual_score"": 94.0, ""normalized_score"": 1.88, ""normalized_rounded"": 2}, ""it"": {""actual_score"": 94.0, ""normalized_score"": 1.88, ""normalized_rounded"": 2}}",4.59,rehma,,1021592,3167,6674,2025-06-25 07:07:50.228,grade1_profile28417_q2_LP_20251122_100201.mp3,https://drive.google.com/file/d/1Z_P4lgPd49AqBdVIcl1zCbprEFvZ9_PW/view?usp=drivesdk,4.59,Sargodha,Pak Academia International School,It's locked. I can open it. ,1
28417,This is Zara. She loves to draw. This is Faiz. He loves to build things.,3,,pre,This is Zara She love to draw This is Faiz He loves to build things,This is zara he loves loves to draw this is faiz he loves loves build things things,29.0,30,"{""this"": 2, ""is"": 2, ""zara"": 2, ""she"": 2, ""loves"": 1, ""to"": 2, ""draw"": 2, ""this.1"": 2, ""is.1"": 2, ""faiz"": 2, ""he"": 2, ""loves.1"": 2, ""to.1"": 2, ""build"": 2, ""things"": 2}","{""this"": {""actual_score"": 73.0, ""normalized_score"": 1.46, ""normalized_rounded"": 1}, ""is"": {""actual_score"": 85.0, ""normalized_score"": 1.7, ""normalized_rounded"": 2}, ""zara"": {""actual_score"": 82.0, ""normalized_score"": 1.64, ""normalized_rounded"": 2}, ""he"": {""actual_score"": 76.0, ""normalized_score"": 1.52, ""normalized_rounded"": 2}, ""loves"": {""actual_score"": 17.0, ""normalized_score"": 0.34, ""normalized_rounded"": 0}, ""to"": {""actual_score"": 70.0, ""normalized_score"": 1.4, ""normalized_rounded"": 1}, ""draw"": {""actual_score"": 46.0, ""normalized_score"": 0.92, ""normalized_rounded"": 1}, ""faiz"": {""actual_score"": 10.0, ""normalized_score"": 0.2, ""normalized_rounded"": 0}, ""build"": {""actual_score"": 80.0, ""normalized_score"": 1.6, ""normalized_rounded"": 2}, ""things"": {""actual_score"": 79.0, ""normalized_score"": 1.58, ""normalized_rounded"": 2}}",24.45,salman,Parent helping,1021668,3167,6677,2025-06-25 07:20:34.491,grade1_profile28417_q3_LP_20251122_101304.mp3,https://drive.google.com/file/d/1sSlUGns3gk2Dm8ogn5Eh39iZNmNqflE6/view?usp=drivesdk,24.45,Sargodha,Pak Academia International School,This is Zara. She loves to draw. This is Faiz. He loves to build things. ,1
28417,Come on. We can do it together.,1,,post,Come on We can do it it the gather,Come on we can do it it together,12.0,14,"{""come"": 2, ""on"": 2, ""we"": 2, ""can"": 2, ""do"": 2, ""it"": 2, ""together"": 0}","{""come"": {""actual_score"": 85.0, ""normalized_score"": 1.7, ""normalized_rounded"": 2}, ""on"": {""actual_score"": 91.0, ""normalized_score"": 1.82, ""normalized_rounded"": 2}, ""we"": {""actual_score"": 91.0, ""normalized_score"": 1.82, ""normalized_rounded"": 2}, ""can"": {""actual_score"": 88.0, ""normalized_score"": 1.76, ""normalized_rounded"": 2}, ""do"": {""actual_score"": 79.0, ""normalized_score"": 1.58, ""normalized_rounded"": 2}, ""it"": {""actual_score"": 91.0, ""normalized_score"": 1.82, ""normalized_rounded"": 2}, ""together"": {""actual_score"": 9.0, ""normalized_score"": 0.18, ""normalized_rounded"": 0}}",5.53,ali,Parent helping in background,1710622,4248,7979,2025-08-15 18:06:37.817,grade1_profile28417_q1_QK_20251122_095622.mp3,https://drive.google.com/file/d/1T02mzDIDD5vp7c6G79lTgx7ZofsNNRAb/view?usp=drivesdk,5.53,Sargodha,Pak Academia International School,Come on. We can do it  together.,1
28417,It's locked. I can open it.,2,,post,This locked I can open it,It's locked i can open it,10.0,12,"{""it's"": 0, ""locked"": 2, ""i"": 2, ""can"": 2, ""open"": 2, ""it"": 2}","{""it's"": {""actual_score"": 24.0, ""normalized_score"": 0.48, ""normalized_rounded"": 0}, ""locked"": {""actual_score"": 56.0, ""normalized_score"": 1.12, ""normalized_rounded"": 1}, ""i"": {""actual_score"": 88.0, ""normalized_score"": 1.76, ""normalized_rounded"": 2}, ""can"": {""actual_score"": 88.0, ""normalized_score"": 1.76, ""normalized_rounded"": 2}, ""open"": {""actual_score"": 91.0, ""normalized_score"": 1.82, ""normalized_rounded"": 2}, ""it"": {""actual_score"": 94.0, ""normalized_score"": 1.88, ""normalized_rounded"": 2}}",5.47,ali,,1710629,4248,7983,2025-08-15 18:07:45.009,grade1_profile28417_q2_QK_20251122_100724.mp3,https://drive.google.com/file/d/1ahDtRbHfkMLeAzZ1C13m2RNWCFo-4Deg/view?usp=drivesdk,5.47,Sargodha,Pak Academia International School,It's locked. I can open it. ,1
28417,It's locked. I can open it.,2,,post,Thees lockdd I can open eet,It's locked i can open it,8.0,12,"{""it's"": 0, ""locked"": 1, ""i"": 2, ""can"": 2, ""open"": 2, ""it"": 1}","{""it's"": {""actual_score"": 24.0, ""normalized_score"": 0.48, ""normalized_rounded"": 0}, ""locked"": {""actual_score"": 56.0, ""normalized_score"": 1.12, ""normalized_rounded"": 1}, ""i"": {""actual_score"": 88.0, ""normalized_score"": 1.76, ""normalized_rounded"": 2}, ""can"": {""actual_score"": 88.0, ""normalized_score"": 1.76, ""normalized_rounded"": 2}, ""open"": {""actual_score"": 91.0, ""normalized_score"": 1.82, ""normalized_rounded"": 2}, ""it"": {""actual_score"": 94.0, ""normalized_score"": 1.88, ""normalized_rounded"": 2}}",5.47,anum,,1710629,4248,7983,2025-08-15 18:07:45.009,grade1_profile28417_q2_QK_20251122_100724.mp3,https://drive.google.com/file/d/1ahDtRbHfkMLeAzZ1C13m2RNWCFo-4Deg/view?usp=drivesdk,5.47,Sargodha,Pak Academia International School,It's locked. I can open it. ,1
28376,Come on. We can do it together.,1,,pre,Come on to gate together,Come on together it together,6.0,14,"{""come"": 2, ""on"": 2, ""we"": 0, ""can"": 0, ""do"": 0, ""it"": 0, ""together"": 2}","{""come"": {""actual_score"": 69.0, ""normalized_score"": 1.38, ""normalized_rounded"": 1}, ""on"": {""actual_score"": 56.0, ""normalized_score"": 1.12, ""normalized_rounded"": 1}, ""together"": {""actual_score"": 11.0, ""normalized_score"": 0.22, ""normalized_rounded"": 0}, ""it"": {""actual_score"": 80.0, ""normalized_score"": 1.6, ""normalized_rounded"": 2}}",1.67,semal,,1025957,3167,6675,2025-06-26 05:00:08.883,grade1_profile28376_q1_LP_20251122_095026.mp3,https://drive.google.com/file/d/1S_LHQa0uSEoUEr2EAPDkOkmuVPKxHQZa/view?usp=drivesdk,1.67,,,Come on. We can do it  together.,1
28376,It's locked. I can open it.,2,,pre,It's lock I an open it,It's locked i can open it,8.0,12,"{""it's"": 2, ""locked"": 0, ""i"": 2, ""can"": 0, ""open"": 2, ""it"": 2}","{""it's"": {""actual_score"": 94.0, ""normalized_score"": 1.88, ""normalized_rounded"": 2}, ""locked"": {""actual_score"": 61.0, ""normalized_score"": 1.22, ""normalized_rounded"": 1}, ""i"": {""actual_score"": 94.0, ""normalized_score"": 1.88, ""normalized_rounded"": 2}, ""can"": {""actual_score"": 7.0, ""normalized_score"": 0.14, ""normalized_rounded"": 0}, ""open"": {""actual_score"": 94.0, ""normalized_score"": 1.88, ""normalized_rounded"": 2}, ""it"": {""actual_score"": 94.0, ""normalized_score"": 1.88, ""normalized_rounded"": 2}}",2.92,rehma,,1025960,3167,6674,2025-06-26 05:00:58.796,grade1_profile28376_q2_LP_20251122_100201.mp3,https://drive.google.com/file/d/1XPoOMcxYhQyqSzfqPPvhf7xvdOGeni9Y/view?usp=drivesdk,2.92,,,It's locked. I can open it. ,1
28376,It's locked. I can open it.,2,,pre,It's lock I an open it,It's locked i can open it,10.0,12,"{""it's"": 2, ""locked"": 1, ""i"": 2, ""can"": 1, ""open"": 2, ""it"": 2}","{""it's"": {""actual_score"": 94.0, ""normalized_score"": 1.88, ""normalized_rounded"": 2}, ""locked"": {""actual_score"": 61.0, ""normalized_score"": 1.22, ""normalized_rounded"": 1}, ""i"": {""actual_score"": 94.0, ""normalized_score"": 1.88, ""normalized_rounded"": 2}, ""can"": {""actual_score"": 7.0, ""normalized_score"": 0.14, ""normalized_rounded"": 0}, ""open"": {""actual_score"": 94.0, ""normalized_score"": 1.88, ""normalized_rounded"": 2}, ""it"": {""actual_score"": 94.0, ""normalized_score"": 1.88, ""normalized_rounded"": 2}}",2.92,salman,,1025960,3167,6674,2025-06-26 05:00:58.796,grade1_profile28376_q2_LP_20251122_100201.mp3,https://drive.google.com/file/d/1XPoOMcxYhQyqSzfqPPvhf7xvdOGeni9Y/view?usp=drivesdk,2.92,,,It's locked. I can open it. ,1
28376,This is Zara. She loves to draw. This is Faiz. He loves to build things.,3,,pre,This is Zara She loves to draw She this is a Faiz  She he loves a draw to build things,This is zara she loves to draw she she this is this is this is faiz she he loves draw she loves to draw she loves to she loves to draw build build things,30.0,30,"{""this"": 2, ""is"": 2, ""zara"": 2, ""she"": 2, ""loves"": 2, ""to"": 2, ""draw"": 2, ""this.1"": 2, ""is.1"": 2, ""faiz"": 2, ""he"": 2, ""loves.1"": 2, ""to.1"": 2, ""build"": 2, ""things"": 2}","{""this"": {""actual_score"": 85.0, ""normalized_score"": 1.7, ""normalized_rounded"": 2}, ""is"": {""actual_score"": 94.0, ""normalized_score"": 1.88, ""normalized_rounded"": 2}, ""zara"": {""actual_score"": 85.0, ""normalized_score"": 1.7, ""normalized_rounded"": 2}, ""she"": {""actual_score"": 82.0, ""normalized_score"": 1.64, ""normalized_rounded"": 2}, ""loves"": {""actual_score"": 94.0, ""normalized_score"": 1.88, ""normalized_rounded"": 2}, ""to"": {""actual_score"": 82.0, ""normalized_score"": 1.64, ""normalized_rounded"": 2}, ""draw"": {""actual_score"": 44.0, ""normalized_score"": 0.88, ""normalized_rounded"": 1}, ""faiz"": {""actual_score"": 53.0, ""normalized_score"": 1.06, ""normalized_rounded"": 1}, ""he"": {""actual_score"": 50.0, ""normalized_score"": 1.0, ""normalized_rounded"": 1}, ""build"": {""actual_score"": 82.0, ""normalized_score"": 1.64, ""normalized_rounded"": 2}, ""things"": {""actual_score"": 60.0, ""normalized_score"": 1.2, ""normalized_rounded"": 1}}",46.33,salman,Parent helping,1025993,3167,6677,2025-06-26 05:05:26.130,grade1_profile28376_q3_LP_20251122_101304.mp3,https://drive.google.com/file/d/19edvKFbZF2QYSB8gHw3QsQvINy6T-sZu/view?usp=drivesdk,46.33,,,This is Zara. She loves to draw. This is Faiz. He loves to build things. ,1
28376,Come on. We can do it together.,1,,post,Come on we can do it to gather,Come on we can do it together,13.0,14,"{""come"": 2, ""on"": 2, ""we"": 2, ""can"": 2, ""do"": 2, ""it"": 2, ""together"": 1}","{""come"": {""actual_score"": 94.0, ""normalized_score"": 1.88, ""normalized_rounded"": 2}, ""on"": {""actual_score"": 94.0, ""normalized_score"": 1.88, ""normalized_rounded"": 2}, ""we"": {""actual_score"": 97.0, ""normalized_score"": 1.94, ""normalized_rounded"": 2}, ""can"": {""actual_score"": 97.0, ""normalized_score"": 1.94, ""normalized_rounded"": 2}, ""do"": {""actual_score"": 94.0, ""normalized_score"": 1.88, ""normalized_rounded"": 2}, ""it"": {""actual_score"": 97.0, ""normalized_score"": 1.94, ""normalized_rounded"": 2}, ""together"": {""actual_score"": 94.0, ""normalized_score"": 1.88, ""normalized_rounded"": 2}}",2.35,semal,,1624057,4248,7979,2025-08-01 22:39:24.259,grade1_profile28376_q1_QK_20251122_095622.mp3,https://drive.google.com/file/d/1EM4CNlgxnOL_CCPbEXMb93gGxqrVGCoA/view?usp=drivesdk,2.35,,,Come on. We can do it  together.,1
28425,It's locked. I can open it.,2,,pre,It's locked I can open it,It's locked i can open it,12.0,12,"{""it's"": 2, ""locked"": 2, ""i"": 2, ""can"": 2, ""open"": 2, ""it"": 2}","{""it's"": {""actual_score"": 91.0, ""normalized_score"": 1.82, ""normalized_rounded"": 2}, ""locked"": {""actual_score"": 57.0, ""normalized_score"": 1.14, ""normalized_rounded"": 1}, ""i"": {""actual_score"": 94.0, ""normalized_score"": 1.88, ""normalized_rounded"": 2}, ""can"": {""actual_score"": 97.0, ""normalized_score"": 1.94, ""normalized_rounded"": 2}, ""open"": {""actual_score"": 97.0, ""normalized_score"": 1.94, ""normalized_rounded"": 2}, ""it"": {""actual_score"": 97.0, ""normalized_score"": 1.94, ""normalized_rounded"": 2}}",3.32,anum,,1020627,3167,6674,2025-06-25 05:42:17.564,grade1_profile28425_q2_LP_20251122_100201.mp3,https://drive.google.com/file/d/17V0Pp8X6fYVhqZIT6Kt11TcZTtjZ0xD7/view?usp=drivesdk,3.32,Lahore,The Educators,It's locked. I can open it. ,1
28425,This is Zara. She loves to draw. This is Faiz. He loves to build things.,3,,pre,This is Zara She loves to draw This is Faiz He loves to build things,This is zara she loves to draw this is faiz he loves to build things,30.0,30,"{""this"": 2, ""is"": 2, ""zara"": 2, ""she"": 2, ""loves"": 2, ""to"": 2, ""draw"": 2, ""this.1"": 2, ""is.1"": 2, ""faiz"": 2, ""he"": 2, ""loves.1"": 2, ""to.1"": 2, ""build"": 2, ""things"": 2}","{""this"": {""actual_score"": 94.0, ""normalized_score"": 1.88, ""normalized_rounded"": 2}, ""is"": {""actual_score"": 97.0, ""normalized_score"": 1.94, ""normalized_rounded"": 2}, ""zara"": {""actual_score"": 70.0, ""normalized_score"": 1.4, ""normalized_rounded"": 1}, ""she"": {""actual_score"": 28.0, ""normalized_score"": 0.56, ""normalized_rounded"": 1}, ""loves"": {""actual_score"": 15.0, ""normalized_score"": 0.3, ""normalized_rounded"": 0}, ""to"": {""actual_score"": 91.0, ""normalized_score"": 1.82, ""normalized_rounded"": 2}, ""draw"": {""actual_score"": 64.0, ""normalized_score"": 1.28, ""normalized_rounded"": 1}, ""faiz"": {""actual_score"": 48.0, ""normalized_score"": 0.96, ""normalized_rounded"": 1}, ""he"": {""actual_score"": 51.0, ""normalized_score"": 1.02, ""normalized_rounded"": 1}, ""build"": {""actual_score"": 91.0, ""normalized_score"": 1.82, ""normalized_rounded"": 2}, ""things"": {""actual_score"": 79.0, ""normalized_score"": 1.58, ""normalized_rounded"": 2}}",8.24,salman,,1020661,3167,6677,2025-06-25 05:45:28.637,grade1_profile28425_q3_LP_20251122_101304.mp3,https://drive.google.com/file/d/1NTE8UFNlLS3MtQks8SxVdcQpwUZ64ben/view?usp=drivesdk,8.24,Lahore,The Educators,This is Zara. She loves to draw. This is Faiz. He loves to build things. ,1
28425,Come on. We can do it together.,1,,post,come on we can do it together,Come on we can do it together,14.0,14,"{""come"": 2, ""on"": 2, ""we"": 2, ""can"": 2, ""do"": 2, ""it"": 2, ""together"": 2}","{""come"": {""actual_score"": 79.0, ""normalized_score"": 1.58, ""normalized_rounded"": 2}, ""on"": {""actual_score"": 82.0, ""normalized_score"": 1.64, ""normalized_rounded"": 2}, ""we"": {""actual_score"": 60.0, ""normalized_score"": 1.2, ""normalized_rounded"": 1}, ""can"": {""actual_score"": 70.0, ""normalized_score"": 1.4, ""normalized_rounded"": 1}, ""do"": {""actual_score"": 82.0, ""normalized_score"": 1.64, ""normalized_rounded"": 2}, ""it"": {""actual_score"": 91.0, ""normalized_score"": 1.82, ""normalized_rounded"": 2}, ""together"": {""actual_score"": 60.0, ""normalized_score"": 1.2, ""normalized_rounded"": 1}}",4.38,salman,,1505687,4248,7979,2025-07-25 02:40:39.967,grade1_profile28425_q1_QK_20251122_095622.mp3,https://drive.google.com/file/d/11TAG0wYZNKNvU2chuDHmy3p-UdhMPMtn/view?usp=drivesdk,4.38,Lahore,The Educators,Come on. We can do it  together.,1
28425,It's locked. I can open it.,2,,post,It'sh rocked I can open it,It's i can open it,9.0,12,"{""it's"": 1, ""locked"": 0, ""i"": 2, ""can"": 2, ""open"": 2, ""it"": 2}","{""it's"": {""actual_score"": 67.0, ""normalized_score"": 1.34, ""normalized_rounded"": 1}, ""i"": {""actual_score"": 94.0, ""normalized_score"": 1.88, ""normalized_rounded"": 2}, ""can"": {""actual_score"": 94.0, ""normalized_score"": 1.88, ""normalized_rounded"": 2}, ""open"": {""actual_score"": 91.0, ""normalized_score"": 1.82, ""normalized_rounded"": 2}, ""it"": {""actual_score"": 94.0, ""normalized_score"": 1.88, ""normalized_rounded"": 2}}",3.58,rehma,,1505697,4248,7983,2025-07-25 02:41:15.212,grade1_profile28425_q2_QK_20251122_100724.mp3,https://drive.google.com/file/d/1ZTyggh8rdRPamHgC62W9FPHjhb_7wIPj/view?usp=drivesdk,3.58,Lahore,The Educators,It's locked. I can open it. ,1
28425,This is Zara. She loves to draw. This is Faiz. He loves to build things.,3,,post,This is Zara She loves to draw This is Faiz He loves to build things,This is zara she loves to draw this is faiz he loves to build things,30.0,30,"{""this"": 2, ""is"": 2, ""zara"": 2, ""she"": 2, ""loves"": 2, ""to"": 2, ""draw"": 2, ""this.1"": 2, ""is.1"": 2, ""faiz"": 2, ""he"": 2, ""loves.1"": 2, ""to.1"": 2, ""build"": 2, ""things"": 2}","{""this"": {""actual_score"": 97.0, ""normalized_score"": 1.94, ""normalized_rounded"": 2}, ""is"": {""actual_score"": 97.0, ""normalized_score"": 1.94, ""normalized_rounded"": 2}, ""zara"": {""actual_score"": 69.0, ""normalized_score"": 1.38, ""normalized_rounded"": 1}, ""she"": {""actual_score"": 62.0, ""normalized_score"": 1.24, ""normalized_rounded"": 1}, ""loves"": {""actual_score"": 94.0, ""normalized_score"": 1.88, ""normalized_rounded"": 2}, ""to"": {""actual_score"": 80.0, ""normalized_score"": 1.6, ""normalized_rounded"": 2}, ""draw"": {""actual_score"": 26.0, ""normalized_score"": 0.52, ""normalized_rounded"": 1}, ""faiz"": {""actual_score"": 50.0, ""normalized_score"": 1.0, ""normalized_rounded"": 1}, ""he"": {""actual_score"": 94.0, ""normalized_score"": 1.88, ""normalized_rounded"": 2}, ""build"": {""actual_score"": 88.0, ""normalized_score"": 1.76, ""normalized_rounded"": 2}, ""things"": {""actual_score"": 73.0, ""normalized_score"": 1.46, ""normalized_rounded"": 1}}",7.75,salman,,1505715,4248,7982,2025-07-25 02:42:24.283,grade1_profile28425_q3_QK_20251122_101834.mp3,https://drive.google.com/file/d/1AbpPGcPHM03peprotKbNvx7SUnvsf_3C/view?usp=drivesdk,7.75,Lahore,The Educators,This is Zara. She loves to draw. This is Faiz. He loves to build things. ,1
28431,Come on. We can do it together.,1,,post,come on we can do it together,Come on come on we can do it it it together,14.0,14,"{""come"": 2, ""on"": 2, ""we"": 2, ""can"": 2, ""do"": 2, ""it"": 2, ""together"": 2}","{""come"": {""actual_score"": 57.0, ""normalized_score"": 1.14, ""normalized_rounded"": 1}, ""on"": {""actual_score"": 50.0, ""normalized_score"": 1.0, ""normalized_rounded"": 1}, ""we"": {""actual_score"": 57.0, ""normalized_score"": 1.14, ""normalized_rounded"": 1}, ""can"": {""actual_score"": 70.0, ""normalized_score"": 1.4, ""normalized_rounded"": 1}, ""do"": {""actual_score"": 49.0, ""normalized_score"": 0.98, ""normalized_rounded"": 1}, ""it"": {""actual_score"": 88.0, ""normalized_score"": 1.76, ""normalized_rounded"": 2}, ""together"": {""actual_score"": 49.0, ""normalized_score"": 0.98, ""normalized_rounded"": 1}}",12.23,salman,,1557046,4248,7979,2025-07-27 07:21:13.323,grade1_profile28431_q1_QK_20251122_095622.mp3,https://drive.google.com/file/d/1oB9GirjW3v5t5w17oKp0eqxUoa-4nvlX/view?usp=drivesdk,12.23,Faisalabad,Oxford Grammar School,Come on. We can do it  together.,1
28431,It's locked. I can open it.,2,,post,I can open it,I can open it,8.0,12,"{""it's"": 0, ""locked"": 0, ""i"": 2, ""can"": 2, ""open"": 2, ""it"": 2}","{""i"": {""actual_score"": 91.0, ""normalized_score"": 1.82, ""normalized_rounded"": 2}, ""can"": {""actual_score"": 82.0, ""normalized_score"": 1.64, ""normalized_rounded"": 2}, ""open"": {""actual_score"": 91.0, ""normalized_score"": 1.82, ""normalized_rounded"": 2}, ""it"": {""actual_score"": 91.0, ""normalized_score"": 1.82, ""normalized_rounded"": 2}}",2.49,rehma,,1557050,4248,7983,2025-07-27 07:22:16.171,grade1_profile28431_q2_QK_20251122_100724.mp3,https://drive.google.com/file/d/1XgaOhFFpDHryC86pvLR6CwapTvHz3mvv/view?usp=drivesdk,2.49,Faisalabad,Oxford Grammar School,It's locked. I can open it. ,1
30544,This is Zara. She loves to draw. This is Faiz. He loves to build things.,3,,pre,This is Zara She love to draw This is Faiz He love to build things,This is zara she loves to draw this is faiz build things,28.0,30,"{""this"": 2, ""is"": 2, ""zara"": 2, ""she"": 2, ""loves"": 1, ""to"": 2, ""draw"": 2, ""this.1"": 2, ""is.1"": 2, ""faiz"": 2, ""he"": 2, ""loves.1"": 1, ""to.1"": 2, ""build"": 2, ""things"": 2}","{""this"": {""actual_score"": 88.0, ""normalized_score"": 1.76, ""normalized_rounded"": 2}, ""is"": {""actual_score"": 80.0, ""normalized_score"": 1.6, ""normalized_rounded"": 2}, ""zara"": {""actual_score"": 49.0, ""normalized_score"": 0.98, ""normalized_rounded"": 1}, ""she"": {""actual_score"": 27.0, ""normalized_score"": 0.54, ""normalized_rounded"": 1}, ""loves"": {""actual_score"": 17.0, ""normalized_score"": 0.34, ""normalized_rounded"": 0}, ""to"": {""actual_score"": 70.0, ""normalized_score"": 1.4, ""normalized_rounded"": 1}, ""draw"": {""actual_score"": 53.0, ""normalized_score"": 1.06, ""normalized_rounded"": 1}, ""faiz"": {""actual_score"": 50.0, ""normalized_score"": 1.0, ""normalized_rounded"": 1}, ""build"": {""actual_score"": 8.0, ""normalized_score"": 0.16, ""normalized_rounded"": 0}, ""things"": {""actual_score"": 21.0, ""normalized_score"": 0.42, ""normalized_rounded"": 0}}",14.26,anum,,1035063,3167,6677,2025-06-27 06:40:14.709,grade1_profile30544_q3_LP_20251122_101304.mp3,https://drive.google.com/file/d/1FBlufK8v9aEPNYTxrztDSXQJeCxf9MwK/view?usp=drivesdk,14.26,Islamabad,,This is Zara. She loves to draw. This is Faiz. He loves to build things. ,1
30544,It's locked. I can open it.,2,,pre,It's locked I can open it,It's locked i can open it,12.0,12,"{""it's"": 2, ""locked"": 2, ""i"": 2, ""can"": 2, ""open"": 2, ""it"": 2}","{""it's"": {""actual_score"": 91.0, ""normalized_score"": 1.82, ""normalized_rounded"": 2}, ""locked"": {""actual_score"": 61.0, ""normalized_score"": 1.22, ""normalized_rounded"": 1}, ""i"": {""actual_score"": 94.0, ""normalized_score"": 1.88, ""normalized_rounded"": 2}, ""can"": {""actual_score"": 73.0, ""normalized_score"": 1.46, ""normalized_rounded"": 1}, ""open"": {""actual_score"": 55.0, ""normalized_score"": 1.1, ""normalized_rounded"": 1}, ""it"": {""actual_score"": 91.0, ""normalized_score"": 1.82, ""normalized_rounded"": 2}}",5.33,rehma,,1033724,3167,6674,2025-06-27 03:45:11.443,grade1_profile30544_q2_LP_20251122_100201.mp3,https://drive.google.com/file/d/1E4ZzV9cF8mDksdNfaUCf-aBuwM-Ul3FN/view?usp=drivesdk,5.33,Islamabad,,It's locked. I can open it. ,1
28389,Come on. We can do it together.,1,,pre,Come onnnn We can do it to gaather,Come on we can do it together,12.0,14,"{""come"": 2, ""on"": 1, ""we"": 2, ""can"": 2, ""do"": 2, ""it"": 2, ""together"": 1}","{""come"": {""actual_score"": 69.0, ""normalized_score"": 1.38, ""normalized_rounded"": 1}, ""on"": {""actual_score"": 52.0, ""normalized_score"": 1.04, ""normalized_rounded"": 1}, ""we"": {""actual_score"": 55.0, ""normalized_score"": 1.1, ""normalized_rounded"": 1}, ""can"": {""actual_score"": 73.0, ""normalized_score"": 1.46, ""normalized_rounded"": 1}, ""do"": {""actual_score"": 79.0, ""normalized_score"": 1.58, ""normalized_rounded"": 2}, ""it"": {""actual_score"": 88.0, ""normalized_score"": 1.76, ""normalized_rounded"": 2}, ""together"": {""actual_score"": 54.0, ""normalized_score"": 1.08, ""normalized_rounded"": 1}}",6.93,rehma,,1020682,3167,6675,2025-06-25 05:48:08.135,grade1_profile28389_q1_LP_20251122_095026.mp3,https://drive.google.com/file/d/1iF5VIiN2p0HZynpFeARr7HR1Wae0P85u/view?usp=drivesdk,6.93,Rawalpindi,Falcon House School,Come on. We can do it  together.,1
28389,It's locked. I can open it.,2,,pre,It's lock I can open e,It's locked i can open it,9.0,12,"{""it's"": 2, ""locked"": 0, ""i"": 2, ""can"": 2, ""open"": 2, ""it"": 1}","{""it's"": {""actual_score"": 91.0, ""normalized_score"": 1.82, ""normalized_rounded"": 2}, ""locked"": {""actual_score"": 88.0, ""normalized_score"": 1.76, ""normalized_rounded"": 2}, ""i"": {""actual_score"": 88.0, ""normalized_score"": 1.76, ""normalized_rounded"": 2}, ""can"": {""actual_score"": 91.0, ""normalized_score"": 1.82, ""normalized_rounded"": 2}, ""open"": {""actual_score"": 94.0, ""normalized_score"": 1.88, ""normalized_rounded"": 2}, ""it"": {""actual_score"": 88.0, ""normalized_score"": 1.76, ""normalized_rounded"": 2}}",3.63,rehma,,1020693,3167,6674,2025-06-25 05:50:14.466,grade1_profile28389_q2_LP_20251122_100201.mp3,https://drive.google.com/file/d/1ekFl2B5omJbkL_dMgWnC6-26zrBw5R6y/view?usp=drivesdk,3.63,Rawalpindi,Falcon House School,It's locked. I can open it. ,1
28389,Come on. We can do it together.,1,,post,Come on we can do eat to gather,Come on we can do it together,12.0,14,"{""come"": 2, ""on"": 2, ""we"": 2, ""can"": 2, ""do"": 2, ""it"": 1, ""together"": 1}","{""come"": {""actual_score"": 37.0, ""normalized_score"": 0.74, ""normalized_rounded"": 1}, ""on"": {""actual_score"": 82.0, ""normalized_score"": 1.64, ""normalized_rounded"": 2}, ""we"": {""actual_score"": 57.0, ""normalized_score"": 1.14, ""normalized_rounded"": 1}, ""can"": {""actual_score"": 79.0, ""normalized_score"": 1.58, ""normalized_rounded"": 2}, ""do"": {""actual_score"": 79.0, ""normalized_score"": 1.58, ""normalized_rounded"": 2}, ""it"": {""actual_score"": 91.0, ""normalized_score"": 1.82, ""normalized_rounded"": 2}, ""together"": {""actual_score"": 25.0, ""normalized_score"": 0.5, ""normalized_rounded"": 0}}",4.42,semal,,1544680,4248,7979,2025-07-26 09:08:05.691,grade1_profile28389_q1_QK_20251122_095622.mp3,https://drive.google.com/file/d/1zovUWa0ILV7yXIcGoMkRE6MRt_j7wIat/view?usp=drivesdk,4.42,Rawalpindi,Falcon House School,Come on. We can do it  together.,1
30693,Come on. We can do it together.,1,,pre,come on to we can do it gether,Come on do,13.0,14,"{""come"": 2, ""on"": 2, ""we"": 2, ""can"": 2, ""do"": 2, ""it"": 2, ""together"": 1}","{""come"": {""actual_score"": 21.0, ""normalized_score"": 0.42, ""normalized_rounded"": 0}, ""on"": {""actual_score"": 48.0, ""normalized_score"": 0.96, ""normalized_rounded"": 1}, ""do"": {""actual_score"": 25.0, ""normalized_score"": 0.5, ""normalized_rounded"": 0}}",1.85,salman,Multiple people are speaking ,1025525,3167,6675,2025-06-25 16:32:49.940,grade1_profile30693_q1_LP_20251122_095026.mp3,https://drive.google.com/file/d/1HJ-pOHjaDWCo6IyAv8c8xtP2d4s5W1hw/view?usp=drivesdk,1.85,Rawalpindi,Vision Montessori And School,Come on. We can do it  together.,1
30693,This is Zara. She loves to draw. This is Faiz. He loves to build things.,3,,pre,,This is zara she loves,0.0,0,{},"{""this"": {""actual_score"": 82.0, ""normalized_score"": 1.64, ""normalized_rounded"": 2}, ""is"": {""actual_score"": 82.0, ""normalized_score"": 1.64, ""normalized_rounded"": 2}, ""zara"": {""actual_score"": 16.0, ""normalized_score"": 0.32, ""normalized_rounded"": 0}, ""she"": {""actual_score"": 79.0, ""normalized_score"": 1.58, ""normalized_rounded"": 2}, ""loves"": {""actual_score"": 91.0, ""normalized_score"": 1.82, ""normalized_rounded"": 2}}",3.21,ali,Three people speaking in one audio,1025538,3167,6677,2025-06-25 16:36:04.070,grade1_profile30693_q3_LP_20251122_101304.mp3,https://drive.google.com/file/d/1n5BfLlXXkO7bBxKay-ktNv0IzQkJWGi6/view?usp=drivesdk,3.21,Rawalpindi,Vision Montessori And School,This is Zara. She loves to draw. This is Faiz. He loves to build things. ,1
30693,Come on. We can do it together.,1,,post,,,0.0,0,{},{},0.0,semal,Sentence not recorded,1600852,4248,7979,2025-07-30 20:57:03.713,grade1_profile30693_q1_QK_20251122_095622.mp3,https://drive.google.com/file/d/1LyAexXaCKooYWBffza_UsaRxVWVsD32_/view?usp=drivesdk,0.0,Rawalpindi,Vision Montessori And School,Come on. We can do it  together.,1
30693,It's locked. I can open it.,2,,post,-,,0.0,0,{},{},0.0,rehma,e3,1600853,4248,7983,2025-07-30 20:57:34.651,grade1_profile30693_q2_QK_20251122_100724.mp3,https://drive.google.com/file/d/16Z620e3tK2oayW-M94VQeU9yWaNodktD/view?usp=drivesdk,0.0,Rawalpindi,Vision Montessori And School,It's locked. I can open it. ,1
28345,It's locked. I can open it.,2,,pre,Locked I can aupen it,Locked i can open,7.0,10,"{""it's"": 0, ""locked"": 2, ""i"": 2, ""can"": 2, ""open"": 1}","{""locked"": {""actual_score"": 60.0, ""normalized_score"": 1.2, ""normalized_rounded"": 1}, ""i"": {""actual_score"": 94.0, ""normalized_score"": 1.88, ""normalized_rounded"": 2}, ""can"": {""actual_score"": 97.0, ""normalized_score"": 1.94, ""normalized_rounded"": 2}, ""open"": {""actual_score"": 46.0, ""normalized_score"": 0.92, ""normalized_rounded"": 1}}",2.05,anum,The audio got cut off from the end while recording.,1046643,3167,6674,2025-06-29 16:09:07.219,grade1_profile28345_q2_LP_20251122_100201.mp3,https://drive.google.com/file/d/1tLEOraTIKyJ8_G5rugAt1r5DfLYvbIWP/view?usp=drivesdk,2.05,Rawalpindi,Grammar School Rawalpindi,It's locked. I can open it. ,1
28345,This is Zara. She loves to draw. This is Faiz. He loves to build things.,3,,pre,This is Zara She loves to draw This is Faiz He loves to build things,This is zara she loves to draw this is faiz he loves to build things,30.0,30,"{""this"": 2, ""is"": 2, ""zara"": 2, ""she"": 2, ""loves"": 2, ""to"": 2, ""draw"": 2, ""this.1"": 2, ""is.1"": 2, ""faiz"": 2, ""he"": 2, ""loves.1"": 2, ""to.1"": 2, ""build"": 2, ""things"": 2}","{""this"": {""actual_score"": 94.0, ""normalized_score"": 1.88, ""normalized_rounded"": 2}, ""is"": {""actual_score"": 94.0, ""normalized_score"": 1.88, ""normalized_rounded"": 2}, ""zara"": {""actual_score"": 94.0, ""normalized_score"": 1.88, ""normalized_rounded"": 2}, ""she"": {""actual_score"": 94.0, ""normalized_score"": 1.88, ""normalized_rounded"": 2}, ""loves"": {""actual_score"": 97.0, ""normalized_score"": 1.94, ""normalized_rounded"": 2}, ""to"": {""actual_score"": 97.0, ""normalized_score"": 1.94, ""normalized_rounded"": 2}, ""draw"": {""actual_score"": 97.0, ""normalized_score"": 1.94, ""normalized_rounded"": 2}, ""faiz"": {""actual_score"": 70.0, ""normalized_score"": 1.4, ""normalized_rounded"": 1}, ""he"": {""actual_score"": 97.0, ""normalized_score"": 1.94, ""normalized_rounded"": 2}, ""build"": {""actual_score"": 97.0, ""normalized_score"": 1.94, ""normalized_rounded"": 2}, ""things"": {""actual_score"": 85.0, ""normalized_score"": 1.7, ""normalized_rounded"": 2}}",9.44,ali,Parent speaking,1046647,3167,6677,2025-06-29 16:25:11.708,grade1_profile28345_q3_LP_20251122_101304.mp3,https://drive.google.com/file/d/1p0H-VE6GYIV4T12lCj-OKSEUcS4W2Cuf/view?usp=drivesdk,9.44,Rawalpindi,Grammar School Rawalpindi,This is Zara. She loves to draw. This is Faiz. He loves to build things. ,1
28345,It's locked. I can open it.,2,,post,It's locked I can open it,It's locked i can open it,12.0,12,"{""it's"": 2, ""locked"": 2, ""i"": 2, ""can"": 2, ""open"": 2, ""it"": 2}","{""it's"": {""actual_score"": 97.0, ""normalized_score"": 1.94, ""normalized_rounded"": 2}, ""locked"": {""actual_score"": 79.0, ""normalized_score"": 1.58, ""normalized_rounded"": 2}, ""i"": {""actual_score"": 97.0, ""normalized_score"": 1.94, ""normalized_rounded"": 2}, ""can"": {""actual_score"": 97.0, ""normalized_score"": 1.94, ""normalized_rounded"": 2}, ""open"": {""actual_score"": 97.0, ""normalized_score"": 1.94, ""normalized_rounded"": 2}, ""it"": {""actual_score"": 97.0, ""normalized_score"": 1.94, ""normalized_rounded"": 2}}",2.71,rehma,,1535862,4248,7983,2025-07-25 17:05:49.196,grade1_profile28345_q2_QK_20251122_100724.mp3,https://drive.google.com/file/d/15CbKnGJ7GiWVVvsPPiUz9FKYOzfVsc7u/view?usp=drivesdk,2.71,Rawalpindi,Grammar School Rawalpindi,It's locked. I can open it. ,1
28446,Come on. We can do it together.,1,,pre,Come on We can do it to gather,Come on we can do it together,13.0,14,"{""come"": 2, ""on"": 2, ""we"": 2, ""can"": 2, ""do"": 2, ""it"": 2, ""together"": 1}","{""come"": {""actual_score"": 91.0, ""normalized_score"": 1.82, ""normalized_rounded"": 2}, ""on"": {""actual_score"": 85.0, ""normalized_score"": 1.7, ""normalized_rounded"": 2}, ""we"": {""actual_score"": 97.0, ""normalized_score"": 1.94, ""normalized_rounded"": 2}, ""can"": {""actual_score"": 97.0, ""normalized_score"": 1.94, ""normalized_rounded"": 2}, ""do"": {""actual_score"": 91.0, ""normalized_score"": 1.82, ""normalized_rounded"": 2}, ""it"": {""actual_score"": 100.0, ""normalized_score"": 2.0, ""normalized_rounded"": 2}, ""together"": {""actual_score"": 76.0, ""normalized_score"": 1.52, ""normalized_rounded"": 2}}",4.65,rehma,,1025778,3167,6675,2025-06-25 21:32:19.445,grade1_profile28446_q1_LP_20251122_095026.mp3,https://drive.google.com/file/d/12x6PDPo76MGSMzLeGR-YUySMk-THBRfg/view?usp=drivesdk,4.65,Rawalpindi,Grammar School Rawalpindi,Come on. We can do it  together.,1
28446,It's locked. I can open it.,2,,pre,It's lock I can open it,It's locked i can open it,10.0,12,"{""it's"": 2, ""locked"": 0, ""i"": 2, ""can"": 2, ""open"": 2, ""it"": 2}","{""it's"": {""actual_score"": 97.0, ""normalized_score"": 1.94, ""normalized_rounded"": 2}, ""locked"": {""actual_score"": 88.0, ""normalized_score"": 1.76, ""normalized_rounded"": 2}, ""i"": {""actual_score"": 91.0, ""normalized_score"": 1.82, ""normalized_rounded"": 2}, ""can"": {""actual_score"": 91.0, ""normalized_score"": 1.82, ""normalized_rounded"": 2}, ""open"": {""actual_score"": 94.0, ""normalized_score"": 1.88, ""normalized_rounded"": 2}, ""it"": {""actual_score"": 97.0, ""normalized_score"": 1.94, ""normalized_rounded"": 2}}",3.19,rehma,,1025779,3167,6674,2025-06-25 21:33:09.256,grade1_profile28446_q2_LP_20251122_100201.mp3,https://drive.google.com/file/d/13UrTlvRtY1xuoHp8GFKa-jrfSzzcnZ_4/view?usp=drivesdk,3.19,Rawalpindi,Grammar School Rawalpindi,It's locked. I can open it. ,1
28446,This is Zara. She loves to draw. This is Faiz. He loves to build things.,3,,pre,This is Zara She loves to draw This is Faiz He loves to build things,This is zara she loves to draw this is faiz he loves he loves loves to build things,30.0,30,"{""this"": 2, ""is"": 2, ""zara"": 2, ""she"": 2, ""loves"": 2, ""to"": 2, ""draw"": 2, ""this.1"": 2, ""is.1"": 2, ""faiz"": 2, ""he"": 2, ""loves.1"": 2, ""to.1"": 2, ""build"": 2, ""things"": 2}","{""this"": {""actual_score"": 97.0, ""normalized_score"": 1.94, ""normalized_rounded"": 2}, ""is"": {""actual_score"": 94.0, ""normalized_score"": 1.88, ""normalized_rounded"": 2}, ""zara"": {""actual_score"": 91.0, ""normalized_score"": 1.82, ""normalized_rounded"": 2}, ""she"": {""actual_score"": 91.0, ""normalized_score"": 1.82, ""normalized_rounded"": 2}, ""loves"": {""actual_score"": 97.0, ""normalized_score"": 1.94, ""normalized_rounded"": 2}, ""to"": {""actual_score"": 91.0, ""normalized_score"": 1.82, ""normalized_rounded"": 2}, ""draw"": {""actual_score"": 94.0, ""normalized_score"": 1.88, ""normalized_rounded"": 2}, ""faiz"": {""actual_score"": 49.0, ""normalized_score"": 0.98, ""normalized_rounded"": 1}, ""he"": {""actual_score"": 94.0, ""normalized_score"": 1.88, ""normalized_rounded"": 2}, ""build"": {""actual_score"": 9.0, ""normalized_score"": 0.18, ""normalized_rounded"": 0}, ""things"": {""actual_score"": 85.0, ""normalized_score"": 1.7, ""normalized_rounded"": 2}}",14.29,ali,Parent helping in background.,1025780,3167,6677,2025-06-25 21:34:31.057,grade1_profile28446_q3_LP_20251122_101304.mp3,https://drive.google.com/file/d/1Tq-BnkEYBwhIHnxnR1mEW8cFiUfUM_LZ/view?usp=drivesdk,14.29,Rawalpindi,Grammar School Rawalpindi,This is Zara. She loves to draw. This is Faiz. He loves to build things. ,1
28446,It's locked. I can open it.,2,,post,It's locked I can opan it,It's locked i can open it,11.0,12,"{""it's"": 2, ""locked"": 2, ""i"": 2, ""can"": 2, ""open"": 1, ""it"": 2}","{""it's"": {""actual_score"": 82.0, ""normalized_score"": 1.64, ""normalized_rounded"": 2}, ""locked"": {""actual_score"": 88.0, ""normalized_score"": 1.76, ""normalized_rounded"": 2}, ""i"": {""actual_score"": 97.0, ""normalized_score"": 1.94, ""normalized_rounded"": 2}, ""can"": {""actual_score"": 97.0, ""normalized_score"": 1.94, ""normalized_rounded"": 2}, ""open"": {""actual_score"": 97.0, ""normalized_score"": 1.94, ""normalized_rounded"": 2}, ""it"": {""actual_score"": 97.0, ""normalized_score"": 1.94, ""normalized_rounded"": 2}}",2.05,anum,,1517844,4248,7983,2025-07-25 08:04:28.933,grade1_profile28446_q2_QK_20251122_100724.mp3,https://drive.google.com/file/d/1gyXSUmWGyXFOAJUr2bMnlSyI-EPPBxuO/view?usp=drivesdk,2.05,Rawalpindi,Grammar School Rawalpindi,It's locked. I can open it. ,1
28362,It's locked. I can open it.,2,,pre,It's locked I can apen it,It's locked i can open it,11.0,12,"{""it's"": 2, ""locked"": 2, ""i"": 2, ""can"": 2, ""open"": 1, ""it"": 2}","{""it's"": {""actual_score"": 97.0, ""normalized_score"": 1.94, ""normalized_rounded"": 2}, ""locked"": {""actual_score"": 79.0, ""normalized_score"": 1.58, ""normalized_rounded"": 2}, ""i"": {""actual_score"": 94.0, ""normalized_score"": 1.88, ""normalized_rounded"": 2}, ""can"": {""actual_score"": 97.0, ""normalized_score"": 1.94, ""normalized_rounded"": 2}, ""open"": {""actual_score"": 94.0, ""normalized_score"": 1.88, ""normalized_rounded"": 2}, ""it"": {""actual_score"": 94.0, ""normalized_score"": 1.88, ""normalized_rounded"": 2}}",3.91,rehma,,1021080,3167,6674,2025-06-25 06:28:40.779,grade1_profile28362_q2_LP_20251122_100201.mp3,https://drive.google.com/file/d/190MgljNxOpPv74E5sPOpil9O5WRmLs30/view?usp=drivesdk,3.91,Sukkur,Allied School,It's locked. I can open it. ,1
28362,This is Zara. She loves to draw. This is Faiz. He loves to build things.,3,,pre,This is Zara She loves to draaa This is Faaiz He loves to bluid (build) things,This is zara she loves to draw this is faiz he loves to build things,27.0,30,"{""this"": 2, ""is"": 2, ""zara"": 2, ""she"": 2, ""loves"": 2, ""to"": 2, ""draw"": 1, ""this.1"": 2, ""is.1"": 2, ""faiz"": 1, ""he"": 2, ""loves.1"": 2, ""to.1"": 2, ""build"": 1, ""things"": 2}","{""this"": {""actual_score"": 94.0, ""normalized_score"": 1.88, ""normalized_rounded"": 2}, ""is"": {""actual_score"": 91.0, ""normalized_score"": 1.82, ""normalized_rounded"": 2}, ""zara"": {""actual_score"": 91.0, ""normalized_score"": 1.82, ""normalized_rounded"": 2}, ""she"": {""actual_score"": 88.0, ""normalized_score"": 1.76, ""normalized_rounded"": 2}, ""loves"": {""actual_score"": 94.0, ""normalized_score"": 1.88, ""normalized_rounded"": 2}, ""to"": {""actual_score"": 79.0, ""normalized_score"": 1.58, ""normalized_rounded"": 2}, ""draw"": {""actual_score"": 76.0, ""normalized_score"": 1.52, ""normalized_rounded"": 2}, ""faiz"": {""actual_score"": 85.0, ""normalized_score"": 1.7, ""normalized_rounded"": 2}, ""he"": {""actual_score"": 97.0, ""normalized_score"": 1.94, ""normalized_rounded"": 2}, ""build"": {""actual_score"": 88.0, ""normalized_score"": 1.76, ""normalized_rounded"": 2}, ""things"": {""actual_score"": 82.0, ""normalized_score"": 1.64, ""normalized_rounded"": 2}}",12.11,anum,"Mother prompted the correct pronunciation of ""build"" to the kid.",1021107,3167,6677,2025-06-25 06:29:54.604,grade1_profile28362_q3_LP_20251122_101304.mp3,https://drive.google.com/file/d/1rlPS_7TThwAJr03rlJyQpvY2gYPsBNZ4/view?usp=drivesdk,12.11,Sukkur,Allied School,This is Zara. She loves to draw. This is Faiz. He loves to build things. ,1
28362,Come on. We can do it together.,1,,post,Come on We can do it together,Come on we can do it together,14.0,14,"{""come"": 2, ""on"": 2, ""we"": 2, ""can"": 2, ""do"": 2, ""it"": 2, ""together"": 2}","{""come"": {""actual_score"": 68.0, ""normalized_score"": 1.36, ""normalized_rounded"": 1}, ""on"": {""actual_score"": 67.0, ""normalized_score"": 1.34, ""normalized_rounded"": 1}, ""we"": {""actual_score"": 85.0, ""normalized_score"": 1.7, ""normalized_rounded"": 2}, ""can"": {""actual_score"": 91.0, ""normalized_score"": 1.82, ""normalized_rounded"": 2}, ""do"": {""actual_score"": 85.0, ""normalized_score"": 1.7, ""normalized_rounded"": 2}, ""it"": {""actual_score"": 94.0, ""normalized_score"": 1.88, ""normalized_rounded"": 2}, ""together"": {""actual_score"": 48.0, ""normalized_score"": 0.96, ""normalized_rounded"": 1}}",3.21,ali,,1516311,4248,7979,2025-07-25 07:33:30.229,grade1_profile28362_q1_QK_20251122_095622.mp3,https://drive.google.com/file/d/1zZpYhMLsTyRuTo1AxLzrLb7XaOGNlqNv/view?usp=drivesdk,3.21,Sukkur,Allied School,Come on. We can do it  together.,1
28362,It's locked. I can open it.,2,,post,It's looked I can aupen it,It's locked i can open it,10.0,12,"{""it's"": 2, ""locked"": 1, ""i"": 2, ""can"": 2, ""open"": 1, ""it"": 2}","{""it's"": {""actual_score"": 82.0, ""normalized_score"": 1.64, ""normalized_rounded"": 2}, ""locked"": {""actual_score"": 52.0, ""normalized_score"": 1.04, ""normalized_rounded"": 1}, ""i"": {""actual_score"": 94.0, ""normalized_score"": 1.88, ""normalized_rounded"": 2}, ""can"": {""actual_score"": 94.0, ""normalized_score"": 1.88, ""normalized_rounded"": 2}, ""open"": {""actual_score"": 88.0, ""normalized_score"": 1.76, ""normalized_rounded"": 2}, ""it"": {""actual_score"": 91.0, ""normalized_score"": 1.82, ""normalized_rounded"": 2}}",3.17,anum,,1516331,4248,7983,2025-07-25 07:33:55.323,grade1_profile28362_q2_QK_20251122_100724.mp3,https://drive.google.com/file/d/1eoW4PBEnU1YlHk94E2JtjLvPdhMvlRgL/view?usp=drivesdk,3.17,Sukkur,Allied School,It's locked. I can open it. ,1
28362,This is Zara. She loves to draw. This is Faiz. He loves to build things.,3,,post,This is Zara She loves to draw This is Faiz He loves to buld build things,This is zara she loves to draw this is he loves to build things,30.0,30,"{""this"": 2, ""is"": 2, ""zara"": 2, ""she"": 2, ""loves"": 2, ""to"": 2, ""draw"": 2, ""this.1"": 2, ""is.1"": 2, ""faiz"": 2, ""he"": 2, ""loves.1"": 2, ""to.1"": 2, ""build"": 2, ""things"": 2}","{""this"": {""actual_score"": 91.0, ""normalized_score"": 1.82, ""normalized_rounded"": 2}, ""is"": {""actual_score"": 94.0, ""normalized_score"": 1.88, ""normalized_rounded"": 2}, ""zara"": {""actual_score"": 73.0, ""normalized_score"": 1.46, ""normalized_rounded"": 1}, ""she"": {""actual_score"": 88.0, ""normalized_score"": 1.76, ""normalized_rounded"": 2}, ""loves"": {""actual_score"": 94.0, ""normalized_score"": 1.88, ""normalized_rounded"": 2}, ""to"": {""actual_score"": 85.0, ""normalized_score"": 1.7, ""normalized_rounded"": 2}, ""draw"": {""actual_score"": 85.0, ""normalized_score"": 1.7, ""normalized_rounded"": 2}, ""he"": {""actual_score"": 94.0, ""normalized_score"": 1.88, ""normalized_rounded"": 2}, ""build"": {""actual_score"": 9.0, ""normalized_score"": 0.18, ""normalized_rounded"": 0}, ""things"": {""actual_score"": 10.0, ""normalized_score"": 0.2, ""normalized_rounded"": 0}}",8.35,anum,,1516351,4248,7982,2025-07-25 07:34:24.097,grade1_profile28362_q3_QK_20251122_101834.mp3,https://drive.google.com/file/d/199muNCwAnQd4tmeZWL_4AYXnOvr4S6wy/view?usp=drivesdk,8.35,Sukkur,Allied School,This is Zara. She loves to draw. This is Faiz. He loves to build things. ,1
28470,It's locked. I can open it.,2,,pre,It's loooock I can open it,It's locked i can open it,10.0,12,"{""it's"": 2, ""locked"": 0, ""i"": 2, ""can"": 2, ""open"": 2, ""it"": 2}","{""it's"": {""actual_score"": 91.0, ""normalized_score"": 1.82, ""normalized_rounded"": 2}, ""locked"": {""actual_score"": 60.0, ""normalized_score"": 1.2, ""normalized_rounded"": 1}, ""i"": {""actual_score"": 82.0, ""normalized_score"": 1.64, ""normalized_rounded"": 2}, ""can"": {""actual_score"": 69.0, ""normalized_score"": 1.38, ""normalized_rounded"": 1}, ""open"": {""actual_score"": 60.0, ""normalized_score"": 1.2, ""normalized_rounded"": 1}, ""it"": {""actual_score"": 100.0, ""normalized_score"": 2.0, ""normalized_rounded"": 2}}",7.6,rehma,,1280149,3167,6674,2025-07-16 05:23:50.009,grade1_profile28470_q2_LP_20251122_100201.mp3,https://drive.google.com/file/d/10SRf9nJwwNaEqcICAI2PrGHB1BkFRpeY/view?usp=drivesdk,7.6,Rawalpindi,Grammar School Rawalpindi,It's locked. I can open it. ,1
28470,This is Zara. She loves to draw. This is Faiz. He loves to build things.,3,,pre,This is Zara She love to draw This is Faiz He loves to some build thing,This is zara she loves to draw this is faiz he loves to build build things,27.0,30,"{""this"": 2, ""is"": 2, ""zara"": 2, ""she"": 2, ""loves"": 1, ""to"": 2, ""draw"": 1, ""this.1"": 2, ""is.1"": 2, ""faiz"": 2, ""he"": 2, ""loves.1"": 2, ""to.1"": 2, ""build"": 2, ""things"": 1}","{""this"": {""actual_score"": 88.0, ""normalized_score"": 1.76, ""normalized_rounded"": 2}, ""is"": {""actual_score"": 88.0, ""normalized_score"": 1.76, ""normalized_rounded"": 2}, ""zara"": {""actual_score"": 73.0, ""normalized_score"": 1.46, ""normalized_rounded"": 1}, ""she"": {""actual_score"": 91.0, ""normalized_score"": 1.82, ""normalized_rounded"": 2}, ""loves"": {""actual_score"": 94.0, ""normalized_score"": 1.88, ""normalized_rounded"": 2}, ""to"": {""actual_score"": 80.0, ""normalized_score"": 1.6, ""normalized_rounded"": 2}, ""draw"": {""actual_score"": 39.0, ""normalized_score"": 0.78, ""normalized_rounded"": 1}, ""faiz"": {""actual_score"": 9.0, ""normalized_score"": 0.18, ""normalized_rounded"": 0}, ""he"": {""actual_score"": 94.0, ""normalized_score"": 1.88, ""normalized_rounded"": 2}, ""build"": {""actual_score"": 91.0, ""normalized_score"": 1.82, ""normalized_rounded"": 2}, ""things"": {""actual_score"": 42.0, ""normalized_score"": 0.84, ""normalized_rounded"": 1}}",19.31,ali,,1280249,3167,6677,2025-07-16 05:26:16.865,grade1_profile28470_q3_LP_20251122_101304.mp3,https://drive.google.com/file/d/1FltIiu-5nUtbLO5eEOEhK8ojycZE6W5n/view?usp=drivesdk,19.31,Rawalpindi,Grammar School Rawalpindi,This is Zara. She loves to draw. This is Faiz. He loves to build things. ,1
28470,Come on. We can do it together.,1,,post,Come on We can do it too geh geder,Come on we can do it do,12.0,12,"{""come"": 2, ""on"": 2, ""we"": 2, ""can"": 2, ""do"": 2, ""it"": 2}","{""come"": {""actual_score"": 88.0, ""normalized_score"": 1.76, ""normalized_rounded"": 2}, ""on"": {""actual_score"": 79.0, ""normalized_score"": 1.58, ""normalized_rounded"": 2}, ""we"": {""actual_score"": 62.0, ""normalized_score"": 1.24, ""normalized_rounded"": 1}, ""can"": {""actual_score"": 88.0, ""normalized_score"": 1.76, ""normalized_rounded"": 2}, ""do"": {""actual_score"": 79.0, ""normalized_score"": 1.58, ""normalized_rounded"": 2}, ""it"": {""actual_score"": 91.0, ""normalized_score"": 1.82, ""normalized_rounded"": 2}}",3.89,anum,"Mother prompted the kid ""geh"" and the kid completed the word by saying geder.",1563297,4248,7979,2025-07-27 16:13:54.343,grade1_profile28470_q1_QK_20251122_095622.mp3,https://drive.google.com/file/d/1pWWumEHyNT6M_aVPgxOpCMUHKJo-9wYT/view?usp=drivesdk,3.89,Rawalpindi,Grammar School Rawalpindi,Come on. We can do it  together.,1
28470,It's locked. I can open it.,2,,post,It's lock I can open it,It's locked i can open it,12.0,12,"{""it's"": 2, ""locked"": 2, ""i"": 2, ""can"": 2, ""open"": 2, ""it"": 2}","{""it's"": {""actual_score"": 94.0, ""normalized_score"": 1.88, ""normalized_rounded"": 2}, ""locked"": {""actual_score"": 55.0, ""normalized_score"": 1.1, ""normalized_rounded"": 1}, ""i"": {""actual_score"": 79.0, ""normalized_score"": 1.58, ""normalized_rounded"": 2}, ""can"": {""actual_score"": 76.0, ""normalized_score"": 1.52, ""normalized_rounded"": 2}, ""open"": {""actual_score"": 79.0, ""normalized_score"": 1.58, ""normalized_rounded"": 2}, ""it"": {""actual_score"": 88.0, ""normalized_score"": 1.76, ""normalized_rounded"": 2}}",5.6,anum,,1563305,4248,7983,2025-07-27 16:14:35.240,grade1_profile28470_q2_QK_20251122_100724.mp3,https://drive.google.com/file/d/1zNXzItVQCkdrSWYa8lG9gLH8DiUyU4a_/view?usp=drivesdk,5.6,Rawalpindi,Grammar School Rawalpindi,It's locked. I can open it. ,1
28498,It's locked. I can open it.,2,,pre,It's looked I can,It's locked i can,6.0,12,"{""it's"": 2, ""locked"": 0, ""i"": 2, ""can"": 2, ""open"": 0, ""it"": 0}","{""it's"": {""actual_score"": 94.0, ""normalized_score"": 1.88, ""normalized_rounded"": 2}, ""locked"": {""actual_score"": 58.0, ""normalized_score"": 1.16, ""normalized_rounded"": 1}, ""i"": {""actual_score"": 97.0, ""normalized_score"": 1.94, ""normalized_rounded"": 2}, ""can"": {""actual_score"": 94.0, ""normalized_score"": 1.88, ""normalized_rounded"": 2}}",1.92,salman,,1046494,3167,6674,2025-06-29 14:31:44.190,grade1_profile28498_q2_LP_20251122_100201.mp3,https://drive.google.com/file/d/1jywOhl4B-QSaIXfY6rpvVRJLXZZ0swr8/view?usp=drivesdk,1.92,Kashmir,Fauji Foundation School,It's locked. I can open it. ,1
28498,Come on. We can do it together.,1,,post,Come on we can do it to get,Come on we can do it together,12.0,14,"{""come"": 2, ""on"": 2, ""we"": 2, ""can"": 2, ""do"": 2, ""it"": 2, ""together"": 0}","{""come"": {""actual_score"": 82.0, ""normalized_score"": 1.64, ""normalized_rounded"": 2}, ""on"": {""actual_score"": 65.0, ""normalized_score"": 1.3, ""normalized_rounded"": 1}, ""we"": {""actual_score"": 91.0, ""normalized_score"": 1.82, ""normalized_rounded"": 2}, ""can"": {""actual_score"": 97.0, ""normalized_score"": 1.94, ""normalized_rounded"": 2}, ""do"": {""actual_score"": 97.0, ""normalized_score"": 1.94, ""normalized_rounded"": 2}, ""it"": {""actual_score"": 97.0, ""normalized_score"": 1.94, ""normalized_rounded"": 2}, ""together"": {""actual_score"": 12.0, ""normalized_score"": 0.24, ""normalized_rounded"": 0}}",1.94,semal,,1546129,4248,7979,2025-07-26 10:48:12.781,grade1_profile28498_q1_QK_20251122_095622.mp3,https://drive.google.com/file/d/1bwTbFSzlPDdWo7hWx83eTqjhHuhiYAx0/view?usp=drivesdk,1.94,Kashmir,Fauji Foundation School,Come on. We can do it  together.,1
28498,It's locked. I can open it.,2,,post,It's locked I can open,It's locked i can open,10.0,12,"{""it's"": 2, ""locked"": 2, ""i"": 2, ""can"": 2, ""open"": 2, ""it"": 0}","{""it's"": {""actual_score"": 91.0, ""normalized_score"": 1.82, ""normalized_rounded"": 2}, ""locked"": {""actual_score"": 88.0, ""normalized_score"": 1.76, ""normalized_rounded"": 2}, ""i"": {""actual_score"": 94.0, ""normalized_score"": 1.88, ""normalized_rounded"": 2}, ""can"": {""actual_score"": 97.0, ""normalized_score"": 1.94, ""normalized_rounded"": 2}, ""open"": {""actual_score"": 43.0, ""normalized_score"": 0.86, ""normalized_rounded"": 1}}",1.99,rehma,,1546138,4248,7983,2025-07-26 10:48:41.664,grade1_profile28498_q2_QK_20251122_100724.mp3,https://drive.google.com/file/d/1JAJ1qb-W7i_xLePJBtS8rDPWK9JALWof/view?usp=drivesdk,1.99,Kashmir,Fauji Foundation School,It's locked. I can open it. ,1
28421,Come on. We can do it together.,1,,pre,come on we can do it together,Come on we can do it together,14.0,14,"{""come"": 2, ""on"": 2, ""we"": 2, ""can"": 2, ""do"": 2, ""it"": 2, ""together"": 2}","{""come"": {""actual_score"": 70.0, ""normalized_score"": 1.4, ""normalized_rounded"": 1}, ""on"": {""actual_score"": 85.0, ""normalized_score"": 1.7, ""normalized_rounded"": 2}, ""we"": {""actual_score"": 58.0, ""normalized_score"": 1.16, ""normalized_rounded"": 1}, ""can"": {""actual_score"": 76.0, ""normalized_score"": 1.52, ""normalized_rounded"": 2}, ""do"": {""actual_score"": 82.0, ""normalized_score"": 1.64, ""normalized_rounded"": 2}, ""it"": {""actual_score"": 88.0, ""normalized_score"": 1.76, ""normalized_rounded"": 2}, ""together"": {""actual_score"": 11.0, ""normalized_score"": 0.22, ""normalized_rounded"": 0}}",5.36,salman,,1022156,3167,6675,2025-06-25 07:52:48.301,grade1_profile28421_q1_LP_20251122_095026.mp3,https://drive.google.com/file/d/1mrIYqzTmTyuQjRECruoIefYl0qRfTpR8/view?usp=drivesdk,5.36,Faisalabad,Oxford Grammar School,Come on. We can do it  together.,1
28421,It's locked. I can open it.,2,,pre,It's loooocked I can open,It's locked i can open it,9.0,12,"{""it's"": 2, ""locked"": 1, ""i"": 2, ""can"": 2, ""open"": 2, ""it"": 0}","{""it's"": {""actual_score"": 97.0, ""normalized_score"": 1.94, ""normalized_rounded"": 2}, ""locked"": {""actual_score"": 56.0, ""normalized_score"": 1.12, ""normalized_rounded"": 1}, ""i"": {""actual_score"": 97.0, ""normalized_score"": 1.94, ""normalized_rounded"": 2}, ""can"": {""actual_score"": 94.0, ""normalized_score"": 1.88, ""normalized_rounded"": 2}, ""open"": {""actual_score"": 94.0, ""normalized_score"": 1.88, ""normalized_rounded"": 2}, ""it"": {""actual_score"": 80.0, ""normalized_score"": 1.6, ""normalized_rounded"": 2}}",3.12,rehma,,1022197,3167,6674,2025-06-25 07:55:02.571,grade1_profile28421_q2_LP_20251122_100201.mp3,https://drive.google.com/file/d/1_vOl-dbxm4QM-tjb3rZVBFbMSgwJUvbb/view?usp=drivesdk,3.12,Faisalabad,Oxford Grammar School,It's locked. I can open it. ,1
28421,Come on. We can do it together.,1,,post,Come on We can do it to gaather,Come on we can do it together,13.0,14,"{""come"": 2, ""on"": 2, ""we"": 2, ""can"": 2, ""do"": 2, ""it"": 2, ""together"": 1}","{""come"": {""actual_score"": 94.0, ""normalized_score"": 1.88, ""normalized_rounded"": 2}, ""on"": {""actual_score"": 91.0, ""normalized_score"": 1.82, ""normalized_rounded"": 2}, ""we"": {""actual_score"": 97.0, ""normalized_score"": 1.94, ""normalized_rounded"": 2}, ""can"": {""actual_score"": 97.0, ""normalized_score"": 1.94, ""normalized_rounded"": 2}, ""do"": {""actual_score"": 97.0, ""normalized_score"": 1.94, ""normalized_rounded"": 2}, ""it"": {""actual_score"": 94.0, ""normalized_score"": 1.88, ""normalized_rounded"": 2}, ""together"": {""actual_score"": 73.0, ""normalized_score"": 1.46, ""normalized_rounded"": 1}}",2.9,rehma,,1511869,4248,7979,2025-07-25 06:15:50.748,grade1_profile28421_q1_QK_20251122_095622.mp3,https://drive.google.com/file/d/1yYOH8L9TGxSI2yidzU6Z9JGsIhVyw7uE/view?usp=drivesdk,2.9,Faisalabad,Oxford Grammar School,Come on. We can do it  together.,1
28421,It's locked. I can open it.,2,,post,It's locked I can open it,It's locked i can open it,11.0,12,"{""it's"": 2, ""locked"": 1, ""i"": 2, ""can"": 2, ""open"": 2, ""it"": 2}","{""it's"": {""actual_score"": 97.0, ""normalized_score"": 1.94, ""normalized_rounded"": 2}, ""locked"": {""actual_score"": 49.0, ""normalized_score"": 0.98, ""normalized_rounded"": 1}, ""i"": {""actual_score"": 94.0, ""normalized_score"": 1.88, ""normalized_rounded"": 2}, ""can"": {""actual_score"": 97.0, ""normalized_score"": 1.94, ""normalized_rounded"": 2}, ""open"": {""actual_score"": 97.0, ""normalized_score"": 1.94, ""normalized_rounded"": 2}, ""it"": {""actual_score"": 97.0, ""normalized_score"": 1.94, ""normalized_rounded"": 2}}",3.1,ali,,1511885,4248,7983,2025-07-25 06:16:14.927,grade1_profile28421_q2_QK_20251122_100724.mp3,https://drive.google.com/file/d/1q7oV1WbdvLNZkq4B-72IwCSFWg8A8Hw7/view?usp=drivesdk,3.1,Faisalabad,Oxford Grammar School,It's locked. I can open it. ,1
28421,This is Zara. She loves to draw. This is Faiz. He loves to build things.,3,,post,This is Zara She loves to draw This is Faiz He loves to build things,This is zara she loves to draw this is build things,30.0,30,"{""this"": 2, ""is"": 2, ""zara"": 2, ""she"": 2, ""loves"": 2, ""to"": 2, ""draw"": 2, ""this.1"": 2, ""is.1"": 2, ""faiz"": 2, ""he"": 2, ""loves.1"": 2, ""to.1"": 2, ""build"": 2, ""things"": 2}","{""this"": {""actual_score"": 91.0, ""normalized_score"": 1.82, ""normalized_rounded"": 2}, ""is"": {""actual_score"": 94.0, ""normalized_score"": 1.88, ""normalized_rounded"": 2}, ""zara"": {""actual_score"": 73.0, ""normalized_score"": 1.46, ""normalized_rounded"": 1}, ""she"": {""actual_score"": 74.0, ""normalized_score"": 1.48, ""normalized_rounded"": 1}, ""loves"": {""actual_score"": 85.0, ""normalized_score"": 1.7, ""normalized_rounded"": 2}, ""to"": {""actual_score"": 80.0, ""normalized_score"": 1.6, ""normalized_rounded"": 2}, ""draw"": {""actual_score"": 45.0, ""normalized_score"": 0.9, ""normalized_rounded"": 1}, ""build"": {""actual_score"": 91.0, ""normalized_score"": 1.82, ""normalized_rounded"": 2}, ""things"": {""actual_score"": 60.0, ""normalized_score"": 1.2, ""normalized_rounded"": 1}}",10.61,anum,Very loud background disturbance in the audio. The kid was straining to hear herself speak but recorded correctly.,1511951,4248,7982,2025-07-25 06:19:50.643,grade1_profile28421_q3_QK_20251122_101834.mp3,https://drive.google.com/file/d/1z-rJVhCrJMw6LDTIFJz8abc2vKgbrjM2/view?usp=drivesdk,10.61,Faisalabad,Oxford Grammar School,This is Zara. She loves to draw. This is Faiz. He loves to build things. ,1
30482,Come on. We can do it together.,1,,pre,Come on we cant do eat together,Come on we can do do it together,12.0,14,"{""come"": 2, ""on"": 2, ""we"": 2, ""can"": 1, ""do"": 2, ""it"": 1, ""together"": 2}","{""come"": {""actual_score"": 21.0, ""normalized_score"": 0.42, ""normalized_rounded"": 0}, ""on"": {""actual_score"": 49.0, ""normalized_score"": 0.98, ""normalized_rounded"": 1}, ""we"": {""actual_score"": 39.0, ""normalized_score"": 0.78, ""normalized_rounded"": 1}, ""can"": {""actual_score"": 68.0, ""normalized_score"": 1.36, ""normalized_rounded"": 1}, ""do"": {""actual_score"": 25.0, ""normalized_score"": 0.5, ""normalized_rounded"": 0}, ""it"": {""actual_score"": 88.0, ""normalized_score"": 1.76, ""normalized_rounded"": 2}, ""together"": {""actual_score"": 51.0, ""normalized_score"": 1.02, ""normalized_rounded"": 1}}",9.24,semal,,1025315,3167,6675,2025-06-25 15:40:46.363,grade1_profile30482_q1_LP_20251122_095026.mp3,https://drive.google.com/file/d/1jbnW4msNynwC_ev-5Ssnm9LPz4xHrn72/view?usp=drivesdk,9.24,Faisalabad,Oxford Grammar School,Come on. We can do it  together.,1
30482,It's locked. I can open it.,2,,pre,Isss lockkkkk I can open it,It's locked i can open it,8.0,12,"{""it's"": 0, ""locked"": 0, ""i"": 2, ""can"": 2, ""open"": 2, ""it"": 2}","{""it's"": {""actual_score"": 34.0, ""normalized_score"": 0.68, ""normalized_rounded"": 1}, ""locked"": {""actual_score"": 11.0, ""normalized_score"": 0.22, ""normalized_rounded"": 0}, ""i"": {""actual_score"": 82.0, ""normalized_score"": 1.64, ""normalized_rounded"": 2}, ""can"": {""actual_score"": 85.0, ""normalized_score"": 1.7, ""normalized_rounded"": 2}, ""open"": {""actual_score"": 91.0, ""normalized_score"": 1.82, ""normalized_rounded"": 2}, ""it"": {""actual_score"": 94.0, ""normalized_score"": 1.88, ""normalized_rounded"": 2}}",3.86,rehma,,1025327,3167,6674,2025-06-25 15:44:17.599,grade1_profile30482_q2_LP_20251122_100201.mp3,https://drive.google.com/file/d/1gvrL058RUiu13T9smsyocuG0uwy2TN1T/view?usp=drivesdk,3.86,Faisalabad,Oxford Grammar School,It's locked. I can open it. ,1
30482,It's locked. I can open it.,2,,pre,It's lock I can open it,It's locked i can open it,11.0,12,"{""it's"": 2, ""locked"": 1, ""i"": 2, ""can"": 2, ""open"": 2, ""it"": 2}","{""it's"": {""actual_score"": 34.0, ""normalized_score"": 0.68, ""normalized_rounded"": 1}, ""locked"": {""actual_score"": 11.0, ""normalized_score"": 0.22, ""normalized_rounded"": 0}, ""i"": {""actual_score"": 82.0, ""normalized_score"": 1.64, ""normalized_rounded"": 2}, ""can"": {""actual_score"": 85.0, ""normalized_score"": 1.7, ""normalized_rounded"": 2}, ""open"": {""actual_score"": 91.0, ""normalized_score"": 1.82, ""normalized_rounded"": 2}, ""it"": {""actual_score"": 94.0, ""normalized_score"": 1.88, ""normalized_rounded"": 2}}",3.86,salman,,1025327,3167,6674,2025-06-25 15:44:17.599,grade1_profile30482_q2_LP_20251122_100201.mp3,https://drive.google.com/file/d/1gvrL058RUiu13T9smsyocuG0uwy2TN1T/view?usp=drivesdk,3.86,Faisalabad,Oxford Grammar School,It's locked. I can open it. ,1
30482,Come on. We can do it together.,1,,post,Come on We can do it  together,Come on we can do it together,14.0,14,"{""come"": 2, ""on"": 2, ""we"": 2, ""can"": 2, ""do"": 2, ""it"": 2, ""together"": 2}","{""come"": {""actual_score"": 26.0, ""normalized_score"": 0.52, ""normalized_rounded"": 1}, ""on"": {""actual_score"": 88.0, ""normalized_score"": 1.76, ""normalized_rounded"": 2}, ""we"": {""actual_score"": 94.0, ""normalized_score"": 1.88, ""normalized_rounded"": 2}, ""can"": {""actual_score"": 94.0, ""normalized_score"": 1.88, ""normalized_rounded"": 2}, ""do"": {""actual_score"": 79.0, ""normalized_score"": 1.58, ""normalized_rounded"": 2}, ""it"": {""actual_score"": 91.0, ""normalized_score"": 1.82, ""normalized_rounded"": 2}, ""together"": {""actual_score"": 64.0, ""normalized_score"": 1.28, ""normalized_rounded"": 1}}",2.95,anum,,1735911,4248,7979,2025-08-20 03:08:48.954,grade1_profile30482_q1_QK_20251122_095622.mp3,https://drive.google.com/file/d/1E6BO9PsBooOo1yTOC5kyYQR9p6VRheH6/view?usp=drivesdk,2.95,Faisalabad,Oxford Grammar School,Come on. We can do it  together.,1
30482,It's locked. I can open it.,2,,post,It's look I can open it,It's locked i can open,11.0,12,"{""it's"": 2, ""locked"": 1, ""i"": 2, ""can"": 2, ""open"": 2, ""it"": 2}","{""it's"": {""actual_score"": 88.0, ""normalized_score"": 1.76, ""normalized_rounded"": 2}, ""locked"": {""actual_score"": 52.0, ""normalized_score"": 1.04, ""normalized_rounded"": 1}, ""i"": {""actual_score"": 94.0, ""normalized_score"": 1.88, ""normalized_rounded"": 2}, ""can"": {""actual_score"": 94.0, ""normalized_score"": 1.88, ""normalized_rounded"": 2}, ""open"": {""actual_score"": 53.0, ""normalized_score"": 1.06, ""normalized_rounded"": 1}}",2.18,salman,,1735913,4248,7983,2025-08-20 03:09:27.253,grade1_profile30482_q2_QK_20251122_100724.mp3,https://drive.google.com/file/d/19e6N8XP7yqS6SS1zHrte76Fr1kdYkFQ4/view?usp=drivesdk,2.18,Faisalabad,Oxford Grammar School,It's locked. I can open it. ,1
28432,It's locked. I can open it.,2,,pre,It's locked I can open it,It's locked i can open it,12.0,12,"{""it's"": 2, ""locked"": 2, ""i"": 2, ""can"": 2, ""open"": 2, ""it"": 2}","{""it's"": {""actual_score"": 97.0, ""normalized_score"": 1.94, ""normalized_rounded"": 2}, ""locked"": {""actual_score"": 88.0, ""normalized_score"": 1.76, ""normalized_rounded"": 2}, ""i"": {""actual_score"": 97.0, ""normalized_score"": 1.94, ""normalized_rounded"": 2}, ""can"": {""actual_score"": 97.0, ""normalized_score"": 1.94, ""normalized_rounded"": 2}, ""open"": {""actual_score"": 94.0, ""normalized_score"": 1.88, ""normalized_rounded"": 2}, ""it"": {""actual_score"": 94.0, ""normalized_score"": 1.88, ""normalized_rounded"": 2}}",3.23,rehma,,1020643,3167,6674,2025-06-25 05:43:54.368,grade1_profile28432_q2_LP_20251122_100201.mp3,https://drive.google.com/file/d/1qrXXoYHxFebjfanwCcHc8vG8uSlIIQY-/view?usp=drivesdk,3.23,Faisalabad,Oxford Grammar School,It's locked. I can open it. ,1
28432,This is Zara. She loves to draw. This is Faiz. He loves to build things.,3,,pre,This is Zara She loves to draw This is Faiza Faiz He loves to build things,This is zara she loves to draw this is faiz zara faiz he loves to build things,29.0,30,"{""this"": 2, ""is"": 2, ""zara"": 2, ""she"": 2, ""loves"": 2, ""to"": 2, ""draw"": 2, ""this.1"": 2, ""is.1"": 2, ""faiz"": 1, ""he"": 2, ""loves.1"": 2, ""to.1"": 2, ""build"": 2, ""things"": 2}","{""this"": {""actual_score"": 97.0, ""normalized_score"": 1.94, ""normalized_rounded"": 2}, ""is"": {""actual_score"": 91.0, ""normalized_score"": 1.82, ""normalized_rounded"": 2}, ""zara"": {""actual_score"": 88.0, ""normalized_score"": 1.76, ""normalized_rounded"": 2}, ""she"": {""actual_score"": 76.0, ""normalized_score"": 1.52, ""normalized_rounded"": 2}, ""loves"": {""actual_score"": 94.0, ""normalized_score"": 1.88, ""normalized_rounded"": 2}, ""to"": {""actual_score"": 88.0, ""normalized_score"": 1.76, ""normalized_rounded"": 2}, ""draw"": {""actual_score"": 88.0, ""normalized_score"": 1.76, ""normalized_rounded"": 2}, ""faiz"": {""actual_score"": 73.0, ""normalized_score"": 1.46, ""normalized_rounded"": 1}, ""he"": {""actual_score"": 91.0, ""normalized_score"": 1.82, ""normalized_rounded"": 2}, ""build"": {""actual_score"": 94.0, ""normalized_score"": 1.88, ""normalized_rounded"": 2}, ""things"": {""actual_score"": 79.0, ""normalized_score"": 1.58, ""normalized_rounded"": 2}}",12.9,ali,Parent helping in background.,1020656,3167,6677,2025-06-25 05:45:07.503,grade1_profile28432_q3_LP_20251122_101304.mp3,https://drive.google.com/file/d/1vmaPZLBvV0X7lJkKhUTlhOil0bh_MheW/view?usp=drivesdk,12.9,Faisalabad,Oxford Grammar School,This is Zara. She loves to draw. This is Faiz. He loves to build things. ,1
28432,It's locked. I can open it.,2,,post,It's locked I can open it,It's locked i can open it,12.0,12,"{""it's"": 2, ""locked"": 2, ""i"": 2, ""can"": 2, ""open"": 2, ""it"": 2}","{""it's"": {""actual_score"": 26.0, ""normalized_score"": 0.52, ""normalized_rounded"": 1}, ""locked"": {""actual_score"": 59.0, ""normalized_score"": 1.18, ""normalized_rounded"": 1}, ""i"": {""actual_score"": 91.0, ""normalized_score"": 1.82, ""normalized_rounded"": 2}, ""can"": {""actual_score"": 97.0, ""normalized_score"": 1.94, ""normalized_rounded"": 2}, ""open"": {""actual_score"": 94.0, ""normalized_score"": 1.88, ""normalized_rounded"": 2}, ""it"": {""actual_score"": 97.0, ""normalized_score"": 1.94, ""normalized_rounded"": 2}}",2.03,rehma,,1507536,4248,7983,2025-07-25 04:27:02.838,grade1_profile28432_q2_QK_20251122_100724.mp3,https://drive.google.com/file/d/1QbD9lX4ELjjGb1G6xlPCZUhyY9158_d5/view?usp=drivesdk,2.03,Faisalabad,Oxford Grammar School,It's locked. I can open it. ,1
28432,This is Zara. She loves to draw. This is Faiz. He loves to build things.,3,,post,This is Zara She loves to draw This is Faiz He loves to build things,This is zara she loves to draw this is faiz he loves to build things,30.0,30,"{""this"": 2, ""is"": 2, ""zara"": 2, ""she"": 2, ""loves"": 2, ""to"": 2, ""draw"": 2, ""this.1"": 2, ""is.1"": 2, ""faiz"": 2, ""he"": 2, ""loves.1"": 2, ""to.1"": 2, ""build"": 2, ""things"": 2}","{""this"": {""actual_score"": 94.0, ""normalized_score"": 1.88, ""normalized_rounded"": 2}, ""is"": {""actual_score"": 82.0, ""normalized_score"": 1.64, ""normalized_rounded"": 2}, ""zara"": {""actual_score"": 85.0, ""normalized_score"": 1.7, ""normalized_rounded"": 2}, ""she"": {""actual_score"": 76.0, ""normalized_score"": 1.52, ""normalized_rounded"": 2}, ""loves"": {""actual_score"": 94.0, ""normalized_score"": 1.88, ""normalized_rounded"": 2}, ""to"": {""actual_score"": 82.0, ""normalized_score"": 1.64, ""normalized_rounded"": 2}, ""draw"": {""actual_score"": 88.0, ""normalized_score"": 1.76, ""normalized_rounded"": 2}, ""faiz"": {""actual_score"": 49.0, ""normalized_score"": 0.98, ""normalized_rounded"": 1}, ""he"": {""actual_score"": 91.0, ""normalized_score"": 1.82, ""normalized_rounded"": 2}, ""build"": {""actual_score"": 94.0, ""normalized_score"": 1.88, ""normalized_rounded"": 2}, ""things"": {""actual_score"": 79.0, ""normalized_score"": 1.58, ""normalized_rounded"": 2}}",9.2,salman,,1507562,4248,7982,2025-07-25 04:28:43.387,grade1_profile28432_q3_QK_20251122_101834.mp3,https://drive.google.com/file/d/1_sSjJMh__RfRZwRHiv9zGi8tFPLyFUuV/view?usp=drivesdk,9.2,Faisalabad,Oxford Grammar School,This is Zara. She loves to draw. This is Faiz. He loves to build things. ,1
28466,Come on. We can do it together.,1,,pre,On We can do it togather,Come on we can do it together,11.0,14,"{""come"": 0, ""on"": 2, ""we"": 2, ""can"": 2, ""do"": 2, ""it"": 2, ""together"": 1}","{""come"": {""actual_score"": 68.0, ""normalized_score"": 1.36, ""normalized_rounded"": 1}, ""on"": {""actual_score"": 53.0, ""normalized_score"": 1.06, ""normalized_rounded"": 1}, ""we"": {""actual_score"": 73.0, ""normalized_score"": 1.46, ""normalized_rounded"": 1}, ""can"": {""actual_score"": 69.0, ""normalized_score"": 1.38, ""normalized_rounded"": 1}, ""do"": {""actual_score"": 85.0, ""normalized_score"": 1.7, ""normalized_rounded"": 2}, ""it"": {""actual_score"": 88.0, ""normalized_score"": 1.76, ""normalized_rounded"": 2}, ""together"": {""actual_score"": 53.0, ""normalized_score"": 1.06, ""normalized_rounded"": 1}}",4.45,anum,,1024752,3167,6675,2025-06-25 12:47:11.897,grade1_profile28466_q1_LP_20251122_095026.mp3,https://drive.google.com/file/d/1y534xY1tydPx33yVI4kF_a63jsfpAsZr/view?usp=drivesdk,4.45,Gujrat,The Educators,Come on. We can do it  together.,1
28466,It's locked. I can open it.,2,,post,It's locked I can open,It's locked i can open,10.0,12,"{""it's"": 2, ""locked"": 2, ""i"": 2, ""can"": 2, ""open"": 2, ""it"": 0}","{""it's"": {""actual_score"": 97.0, ""normalized_score"": 1.94, ""normalized_rounded"": 2}, ""locked"": {""actual_score"": 61.0, ""normalized_score"": 1.22, ""normalized_rounded"": 1}, ""i"": {""actual_score"": 91.0, ""normalized_score"": 1.82, ""normalized_rounded"": 2}, ""can"": {""actual_score"": 94.0, ""normalized_score"": 1.88, ""normalized_rounded"": 2}, ""open"": {""actual_score"": 91.0, ""normalized_score"": 1.82, ""normalized_rounded"": 2}}",2.68,rehma,,1530400,4248,7983,2025-07-25 13:41:13.954,grade1_profile28466_q2_QK_20251122_100724.mp3,https://drive.google.com/file/d/1zRY6PW7IAezdnV4uTAT0RM8Ws43LLViP/view?usp=drivesdk,2.68,Gujrat,The Educators,It's locked. I can open it. ,1
28375,It's locked. I can open it.,2,,pre,-,It's locked i can,0.0,0,{},"{""it's"": {""actual_score"": 88.0, ""normalized_score"": 1.76, ""normalized_rounded"": 2}, ""locked"": {""actual_score"": 57.0, ""normalized_score"": 1.14, ""normalized_rounded"": 1}, ""i"": {""actual_score"": 91.0, ""normalized_score"": 1.82, ""normalized_rounded"": 2}, ""can"": {""actual_score"": 70.0, ""normalized_score"": 1.4, ""normalized_rounded"": 1}}",4.72,rehma,e1,1099568,3167,6674,2025-07-03 07:02:27.377,grade1_profile28375_q2_LP_20251122_100201.mp3,https://drive.google.com/file/d/1KFpOLki5lK66HELM5Pr37EYPFqd5GRh2/view?usp=drivesdk,4.72,Faisalabad,Oxford Grammar School,It's locked. I can open it. ,1
28375,Come on. We can do it together.,1,,post,Come on we can do it together,Come on we can do it together,14.0,14,"{""come"": 2, ""on"": 2, ""we"": 2, ""can"": 2, ""do"": 2, ""it"": 2, ""together"": 2}","{""come"": {""actual_score"": 16.0, ""normalized_score"": 0.32, ""normalized_rounded"": 0}, ""on"": {""actual_score"": 79.0, ""normalized_score"": 1.58, ""normalized_rounded"": 2}, ""we"": {""actual_score"": 97.0, ""normalized_score"": 1.94, ""normalized_rounded"": 2}, ""can"": {""actual_score"": 94.0, ""normalized_score"": 1.88, ""normalized_rounded"": 2}, ""do"": {""actual_score"": 88.0, ""normalized_score"": 1.76, ""normalized_rounded"": 2}, ""it"": {""actual_score"": 97.0, ""normalized_score"": 1.94, ""normalized_rounded"": 2}, ""together"": {""actual_score"": 48.0, ""normalized_score"": 0.96, ""normalized_rounded"": 1}}",3.83,salman,,1508565,4248,7979,2025-07-25 05:03:22.318,grade1_profile28375_q1_QK_20251122_095622.mp3,https://drive.google.com/file/d/1ThkD0ZFa96gv1OKqBOIxV7WMpBryAKJ_/view?usp=drivesdk,3.83,Faisalabad,Oxford Grammar School,Come on. We can do it  together.,1
28375,It's locked. I can open it.,2,,post,It is a loocked I can open it,It it's locked i can open it,10.0,12,"{""it's"": 1, ""locked"": 1, ""i"": 2, ""can"": 2, ""open"": 2, ""it"": 2}","{""it"": {""actual_score"": 91.0, ""normalized_score"": 1.82, ""normalized_rounded"": 2}, ""it's"": {""actual_score"": 58.0, ""normalized_score"": 1.16, ""normalized_rounded"": 1}, ""locked"": {""actual_score"": 44.0, ""normalized_score"": 0.88, ""normalized_rounded"": 1}, ""i"": {""actual_score"": 94.0, ""normalized_score"": 1.88, ""normalized_rounded"": 2}, ""can"": {""actual_score"": 97.0, ""normalized_score"": 1.94, ""normalized_rounded"": 2}, ""open"": {""actual_score"": 94.0, ""normalized_score"": 1.88, ""normalized_rounded"": 2}}",3.05,anum,,1508603,4248,7983,2025-07-25 05:04:15.231,grade1_profile28375_q2_QK_20251122_100724.mp3,https://drive.google.com/file/d/1v16a9lrQQwaewpvSiPRXmSvyaoqhNwFo/view?usp=drivesdk,3.05,Faisalabad,Oxford Grammar School,It's locked. I can open it. ,1
30506,It's locked. I can open it.,2,,pre,It's lock I can open it,It's locked i can open it,10.0,12,"{""it's"": 2, ""locked"": 0, ""i"": 2, ""can"": 2, ""open"": 2, ""it"": 2}","{""it's"": {""actual_score"": 94.0, ""normalized_score"": 1.88, ""normalized_rounded"": 2}, ""locked"": {""actual_score"": 63.0, ""normalized_score"": 1.26, ""normalized_rounded"": 1}, ""i"": {""actual_score"": 97.0, ""normalized_score"": 1.94, ""normalized_rounded"": 2}, ""can"": {""actual_score"": 88.0, ""normalized_score"": 1.76, ""normalized_rounded"": 2}, ""open"": {""actual_score"": 91.0, ""normalized_score"": 1.82, ""normalized_rounded"": 2}, ""it"": {""actual_score"": 97.0, ""normalized_score"": 1.94, ""normalized_rounded"": 2}}",2.88,rehma,,1021845,3167,6674,2025-06-25 07:30:29.303,grade1_profile30506_q2_LP_20251122_100201.mp3,https://drive.google.com/file/d/1cQsOYU8aHJzNNgaobJZBq2-rx076ByYM/view?usp=drivesdk,2.88,Karachi,Frobels School,It's locked. I can open it. ,1
30506,It's locked. I can open it.,2,,post,Look I can open it,It's locked i can open it,8.0,12,"{""it's"": 0, ""locked"": 0, ""i"": 2, ""can"": 2, ""open"": 2, ""it"": 2}","{""it's"": {""actual_score"": 76.0, ""normalized_score"": 1.52, ""normalized_rounded"": 2}, ""locked"": {""actual_score"": 54.0, ""normalized_score"": 1.08, ""normalized_rounded"": 1}, ""i"": {""actual_score"": 91.0, ""normalized_score"": 1.82, ""normalized_rounded"": 2}, ""can"": {""actual_score"": 88.0, ""normalized_score"": 1.76, ""normalized_rounded"": 2}, ""open"": {""actual_score"": 91.0, ""normalized_score"": 1.82, ""normalized_rounded"": 2}, ""it"": {""actual_score"": 97.0, ""normalized_score"": 1.94, ""normalized_rounded"": 2}}",3.41,rehma,,1516074,4248,7983,2025-07-25 07:29:07.995,grade1_profile30506_q2_QK_20251122_100724.mp3,https://drive.google.com/file/d/1CaIaAzRPua8orJD3bBligABK75L9AmnJ/view?usp=drivesdk,3.41,Karachi,Frobels School,It's locked. I can open it. ,1
28519,Come on. We can do it together.,1,,pre,Come on We can do it together,Come on we can do it together,14.0,14,"{""come"": 2, ""on"": 2, ""we"": 2, ""can"": 2, ""do"": 2, ""it"": 2, ""together"": 2}","{""come"": {""actual_score"": 94.0, ""normalized_score"": 1.88, ""normalized_rounded"": 2}, ""on"": {""actual_score"": 94.0, ""normalized_score"": 1.88, ""normalized_rounded"": 2}, ""we"": {""actual_score"": 97.0, ""normalized_score"": 1.94, ""normalized_rounded"": 2}, ""can"": {""actual_score"": 94.0, ""normalized_score"": 1.88, ""normalized_rounded"": 2}, ""do"": {""actual_score"": 91.0, ""normalized_score"": 1.82, ""normalized_rounded"": 2}, ""it"": {""actual_score"": 94.0, ""normalized_score"": 1.88, ""normalized_rounded"": 2}, ""together"": {""actual_score"": 59.0, ""normalized_score"": 1.18, ""normalized_rounded"": 1}}",4.29,rehma,,1020610,3167,6675,2025-06-25 05:39:22.229,grade1_profile28519_q1_LP_20251122_095026.mp3,https://drive.google.com/file/d/1He-oMjYz_2xB_fMXyUktT6TBEuI5o0PH/view?usp=drivesdk,4.29,Rawalpindi,Grammar School Rawalpindi,Come on. We can do it  together.,1
28519,It's locked. I can open it.,2,,pre,Its lock duh we khan open it,Locked can open it,8.0,12,"{""it's"": 2, ""locked"": 1, ""i"": 0, ""can"": 1, ""open"": 2, ""it"": 2}","{""locked"": {""actual_score"": 60.0, ""normalized_score"": 1.2, ""normalized_rounded"": 1}, ""can"": {""actual_score"": 79.0, ""normalized_score"": 1.58, ""normalized_rounded"": 2}, ""open"": {""actual_score"": 85.0, ""normalized_score"": 1.7, ""normalized_rounded"": 2}, ""it"": {""actual_score"": 94.0, ""normalized_score"": 1.88, ""normalized_rounded"": 2}}",5.17,semal,,1020614,3167,6674,2025-06-25 05:41:11.310,grade1_profile28519_q2_LP_20251122_100201.mp3,https://drive.google.com/file/d/1RY60i8XHIX_OZVpauyaQOj48zUue6bix/view?usp=drivesdk,5.17,Rawalpindi,Grammar School Rawalpindi,It's locked. I can open it. ,1
28519,It's locked. I can open it.,2,,post,It's locked I can open it,It's locked i can open it,12.0,12,"{""it's"": 2, ""locked"": 2, ""i"": 2, ""can"": 2, ""open"": 2, ""it"": 2}","{""it's"": {""actual_score"": 44.0, ""normalized_score"": 0.88, ""normalized_rounded"": 1}, ""locked"": {""actual_score"": 60.0, ""normalized_score"": 1.2, ""normalized_rounded"": 1}, ""i"": {""actual_score"": 91.0, ""normalized_score"": 1.82, ""normalized_rounded"": 2}, ""can"": {""actual_score"": 88.0, ""normalized_score"": 1.76, ""normalized_rounded"": 2}, ""open"": {""actual_score"": 88.0, ""normalized_score"": 1.76, ""normalized_rounded"": 2}, ""it"": {""actual_score"": 94.0, ""normalized_score"": 1.88, ""normalized_rounded"": 2}}",3.98,rehma,,1509896,4248,7983,2025-07-25 05:35:50.673,grade1_profile28519_q2_QK_20251122_100724.mp3,https://drive.google.com/file/d/17Hy0y7y-DV8OYcm-FLPnTczLsxM-v02s/view?usp=drivesdk,3.98,Rawalpindi,Grammar School Rawalpindi,It's locked. I can open it. ,1
28359,It's locked. I can open it.,2,,pre,It's lock locked I can open it,It's locked locked i can open it,12.0,12,"{""it's"": 2, ""locked"": 2, ""i"": 2, ""can"": 2, ""open"": 2, ""it"": 2}","{""it's"": {""actual_score"": 94.0, ""normalized_score"": 1.88, ""normalized_rounded"": 2}, ""locked"": {""actual_score"": 59.0, ""normalized_score"": 1.18, ""normalized_rounded"": 1}, ""i"": {""actual_score"": 94.0, ""normalized_score"": 1.88, ""normalized_rounded"": 2}, ""can"": {""actual_score"": 79.0, ""normalized_score"": 1.58, ""normalized_rounded"": 2}, ""open"": {""actual_score"": 82.0, ""normalized_score"": 1.64, ""normalized_rounded"": 2}, ""it"": {""actual_score"": 100.0, ""normalized_score"": 2.0, ""normalized_rounded"": 2}}",7.27,salman,,1065668,3167,6674,2025-07-01 06:32:59.345,grade1_profile28359_q2_LP_20251122_100201.mp3,https://drive.google.com/file/d/1GLY04_qAo9OnXLWhmb2KfbdNWpPMAPYu/view?usp=drivesdk,7.27,Faisalabad,Oxford Grammar School,It's locked. I can open it. ,1
28359,Come on. We can do it together.,1,,post,Can on we can,Can on we can,5.0,14,"{""come"": 0, ""on"": 2, ""we"": 2, ""can"": 1, ""do"": 0, ""it"": 0, ""together"": 0}","{""can"": {""actual_score"": 79.0, ""normalized_score"": 1.58, ""normalized_rounded"": 2}, ""on"": {""actual_score"": 47.0, ""normalized_score"": 0.94, ""normalized_rounded"": 1}, ""we"": {""actual_score"": 62.0, ""normalized_score"": 1.24, ""normalized_rounded"": 1}}",2.39,ali,,1571076,4248,7979,2025-07-28 12:30:51.205,grade1_profile28359_q1_QK_20251122_095622.mp3,https://drive.google.com/file/d/1QFyVCwzoY7mY-I5ovPgrAmQbh8NCL2P-/view?usp=drivesdk,2.39,Faisalabad,Oxford Grammar School,Come on. We can do it  together.,1
28359,It's locked. I can open it.,2,,post,It's lokid I caaan o opin it,It's it's locked it i can open open open,7.0,12,"{""it's"": 2, ""locked"": 0, ""i"": 2, ""can"": 1, ""open"": 0, ""it"": 2}","{""it's"": {""actual_score"": 71.0, ""normalized_score"": 1.42, ""normalized_rounded"": 1}, ""locked"": {""actual_score"": 55.0, ""normalized_score"": 1.1, ""normalized_rounded"": 1}, ""it"": {""actual_score"": 85.0, ""normalized_score"": 1.7, ""normalized_rounded"": 2}, ""i"": {""actual_score"": 85.0, ""normalized_score"": 1.7, ""normalized_rounded"": 2}, ""can"": {""actual_score"": 70.0, ""normalized_score"": 1.4, ""normalized_rounded"": 1}, ""open"": {""actual_score"": 38.0, ""normalized_score"": 0.76, ""normalized_rounded"": 1}}",7.34,rehma,,1571102,4248,7983,2025-07-28 12:32:29.422,grade1_profile28359_q2_QK_20251122_100724.mp3,https://drive.google.com/file/d/14h02qdid2LxCuLFVsc4SuIYNkiCPIjfh/view?usp=drivesdk,7.34,Faisalabad,Oxford Grammar School,It's locked. I can open it. ,1
28364,Come on. We can do it together.,1,,pre,Come on We can do it together,Come on we can do it together,14.0,14,"{""come"": 2, ""on"": 2, ""we"": 2, ""can"": 2, ""do"": 2, ""it"": 2, ""together"": 2}","{""come"": {""actual_score"": 91.0, ""normalized_score"": 1.82, ""normalized_rounded"": 2}, ""on"": {""actual_score"": 85.0, ""normalized_score"": 1.7, ""normalized_rounded"": 2}, ""we"": {""actual_score"": 94.0, ""normalized_score"": 1.88, ""normalized_rounded"": 2}, ""can"": {""actual_score"": 88.0, ""normalized_score"": 1.76, ""normalized_rounded"": 2}, ""do"": {""actual_score"": 88.0, ""normalized_score"": 1.76, ""normalized_rounded"": 2}, ""it"": {""actual_score"": 85.0, ""normalized_score"": 1.7, ""normalized_rounded"": 2}, ""together"": {""actual_score"": 48.0, ""normalized_score"": 0.96, ""normalized_rounded"": 1}}",2.77,rehma,,1091681,3167,6675,2025-07-02 15:20:44.308,grade1_profile28364_q1_LP_20251122_095026.mp3,https://drive.google.com/file/d/13kJ_aDOWeGgbXn7RK3UgSn8e2vPvWwQI/view?usp=drivesdk,2.77,Faisalabad,Oxford Grammar School,Come on. We can do it  together.,1
28364,It's locked. I can open it.,2,,pre,It's locked I an open it,It's locked i can open it,10.0,12,"{""it's"": 2, ""locked"": 2, ""i"": 2, ""can"": 0, ""open"": 2, ""it"": 2}","{""it's"": {""actual_score"": 97.0, ""normalized_score"": 1.94, ""normalized_rounded"": 2}, ""locked"": {""actual_score"": 62.0, ""normalized_score"": 1.24, ""normalized_rounded"": 1}, ""i"": {""actual_score"": 91.0, ""normalized_score"": 1.82, ""normalized_rounded"": 2}, ""can"": {""actual_score"": 64.0, ""normalized_score"": 1.28, ""normalized_rounded"": 1}, ""open"": {""actual_score"": 94.0, ""normalized_score"": 1.88, ""normalized_rounded"": 2}, ""it"": {""actual_score"": 91.0, ""normalized_score"": 1.82, ""normalized_rounded"": 2}}",3.07,rehma,,1091723,3167,6674,2025-07-02 15:21:24.142,grade1_profile28364_q2_LP_20251122_100201.mp3,https://drive.google.com/file/d/1DW1ZRUwlATElVj-21yJTL3Pr92PnEMrV/view?usp=drivesdk,3.07,Faisalabad,Oxford Grammar School,It's locked. I can open it. ,1
28364,This is Zara. She loves to draw. This is Faiz. He loves to build things.,3,,post,This is Zara She loves to draw This is Faiz He loves to build things,This is zara she loves to draw this is faiz he loves to build things,30.0,30,"{""this"": 2, ""is"": 2, ""zara"": 2, ""she"": 2, ""loves"": 2, ""to"": 2, ""draw"": 2, ""this.1"": 2, ""is.1"": 2, ""faiz"": 2, ""he"": 2, ""loves.1"": 2, ""to.1"": 2, ""build"": 2, ""things"": 2}","{""this"": {""actual_score"": 97.0, ""normalized_score"": 1.94, ""normalized_rounded"": 2}, ""is"": {""actual_score"": 97.0, ""normalized_score"": 1.94, ""normalized_rounded"": 2}, ""zara"": {""actual_score"": 68.0, ""normalized_score"": 1.36, ""normalized_rounded"": 1}, ""she"": {""actual_score"": 88.0, ""normalized_score"": 1.76, ""normalized_rounded"": 2}, ""loves"": {""actual_score"": 97.0, ""normalized_score"": 1.94, ""normalized_rounded"": 2}, ""to"": {""actual_score"": 88.0, ""normalized_score"": 1.76, ""normalized_rounded"": 2}, ""draw"": {""actual_score"": 88.0, ""normalized_score"": 1.76, ""normalized_rounded"": 2}, ""faiz"": {""actual_score"": 48.0, ""normalized_score"": 0.96, ""normalized_rounded"": 1}, ""he"": {""actual_score"": 100.0, ""normalized_score"": 2.0, ""normalized_rounded"": 2}, ""build"": {""actual_score"": 88.0, ""normalized_score"": 1.76, ""normalized_rounded"": 2}, ""things"": {""actual_score"": 85.0, ""normalized_score"": 1.7, ""normalized_rounded"": 2}}",7.3,ali,,1510796,4248,7982,2025-07-25 05:55:58.031,grade1_profile28364_q3_QK_20251122_101834.mp3,https://drive.google.com/file/d/1TYUnLJdFKPvRv9iUoTN99OAiWEbhL1mh/view?usp=drivesdk,7.3,Faisalabad,Oxford Grammar School,This is Zara. She loves to draw. This is Faiz. He loves to build things. ,1
28382,Come on. We can do it together.,1,,pre,Come on we can to eat together,Come on we can do it together,10.0,14,"{""come"": 2, ""on"": 2, ""we"": 2, ""can"": 2, ""do"": 0, ""it"": 0, ""together"": 2}","{""come"": {""actual_score"": 76.0, ""normalized_score"": 1.52, ""normalized_rounded"": 2}, ""on"": {""actual_score"": 94.0, ""normalized_score"": 1.88, ""normalized_rounded"": 2}, ""we"": {""actual_score"": 85.0, ""normalized_score"": 1.7, ""normalized_rounded"": 2}, ""can"": {""actual_score"": 94.0, ""normalized_score"": 1.88, ""normalized_rounded"": 2}, ""do"": {""actual_score"": 94.0, ""normalized_score"": 1.88, ""normalized_rounded"": 2}, ""it"": {""actual_score"": 94.0, ""normalized_score"": 1.88, ""normalized_rounded"": 2}, ""together"": {""actual_score"": 55.0, ""normalized_score"": 1.1, ""normalized_rounded"": 1}}",4.03,semal,Come on combined: cumon,1041803,3167,6675,2025-06-27 18:11:51.689,grade1_profile28382_q1_LP_20251122_095026.mp3,https://drive.google.com/file/d/1DQrWQUHj1WFXIl07XfTEzgWVAhkzwWJF/view?usp=drivesdk,4.03,Faisalabad,Oxford Grammar School,Come on. We can do it  together.,1
28382,It's locked. I can open it.,2,,pre,Is flock i can openly,It's locked i can open it,4.0,12,"{""it's"": 0, ""locked"": 0, ""i"": 2, ""can"": 2, ""open"": 0, ""it"": 0}","{""it's"": {""actual_score"": 88.0, ""normalized_score"": 1.76, ""normalized_rounded"": 2}, ""locked"": {""actual_score"": 69.0, ""normalized_score"": 1.38, ""normalized_rounded"": 1}, ""i"": {""actual_score"": 94.0, ""normalized_score"": 1.88, ""normalized_rounded"": 2}, ""can"": {""actual_score"": 97.0, ""normalized_score"": 1.94, ""normalized_rounded"": 2}, ""open"": {""actual_score"": 79.0, ""normalized_score"": 1.58, ""normalized_rounded"": 2}, ""it"": {""actual_score"": 88.0, ""normalized_score"": 1.76, ""normalized_rounded"": 2}}",3.05,semal,,1041809,3167,6674,2025-06-27 18:13:04.210,grade1_profile28382_q2_LP_20251122_100201.mp3,https://drive.google.com/file/d/1MMNldvn1dou4r_wDd_qq3qB-0Zot5d5v/view?usp=drivesdk,3.05,Faisalabad,Oxford Grammar School,It's locked. I can open it. ,1
28382,Come on. We can do it together.,1,,post,Come on We can do it together,Come on we can do it together,14.0,14,"{""come"": 2, ""on"": 2, ""we"": 2, ""can"": 2, ""do"": 2, ""it"": 2, ""together"": 2}","{""come"": {""actual_score"": 88.0, ""normalized_score"": 1.76, ""normalized_rounded"": 2}, ""on"": {""actual_score"": 91.0, ""normalized_score"": 1.82, ""normalized_rounded"": 2}, ""we"": {""actual_score"": 91.0, ""normalized_score"": 1.82, ""normalized_rounded"": 2}, ""can"": {""actual_score"": 97.0, ""normalized_score"": 1.94, ""normalized_rounded"": 2}, ""do"": {""actual_score"": 97.0, ""normalized_score"": 1.94, ""normalized_rounded"": 2}, ""it"": {""actual_score"": 97.0, ""normalized_score"": 1.94, ""normalized_rounded"": 2}, ""together"": {""actual_score"": 88.0, ""normalized_score"": 1.76, ""normalized_rounded"": 2}}",3.21,rehma,,1537915,4248,7979,2025-07-25 19:10:06.125,grade1_profile28382_q1_QK_20251122_095622.mp3,https://drive.google.com/file/d/1FK_8nRDIm_mUeg862zM6kbqnQQfkwjFr/view?usp=drivesdk,3.21,Faisalabad,Oxford Grammar School,Come on. We can do it  together.,1
28382,It's locked. I can open it.,2,,post,It lock I can open it,It's locked i can open it,10.0,12,"{""it's"": 1, ""locked"": 1, ""i"": 2, ""can"": 2, ""open"": 2, ""it"": 2}","{""it's"": {""actual_score"": 88.0, ""normalized_score"": 1.76, ""normalized_rounded"": 2}, ""locked"": {""actual_score"": 60.0, ""normalized_score"": 1.2, ""normalized_rounded"": 1}, ""i"": {""actual_score"": 94.0, ""normalized_score"": 1.88, ""normalized_rounded"": 2}, ""can"": {""actual_score"": 97.0, ""normalized_score"": 1.94, ""normalized_rounded"": 2}, ""open"": {""actual_score"": 85.0, ""normalized_score"": 1.7, ""normalized_rounded"": 2}, ""it"": {""actual_score"": 94.0, ""normalized_score"": 1.88, ""normalized_rounded"": 2}}",2.89,anum,,1537920,4248,7983,2025-07-25 19:10:45.883,grade1_profile28382_q2_QK_20251122_100724.mp3,https://drive.google.com/file/d/1WiH5W_Qx1Fu2JFFmeLJtBKxBf740dviK/view?usp=drivesdk,2.89,Faisalabad,Oxford Grammar School,It's locked. I can open it. ,1
28382,This is Zara. She loves to draw. This is Faiz. He loves to build things.,3,,post,This is Zara She love to draw This is Faiz He loves to build things,This is zara she loves to draw this is faiz he loves to build things,29.0,30,"{""this"": 2, ""is"": 2, ""zara"": 2, ""she"": 2, ""loves"": 1, ""to"": 2, ""draw"": 2, ""this.1"": 2, ""is.1"": 2, ""faiz"": 2, ""he"": 2, ""loves.1"": 2, ""to.1"": 2, ""build"": 2, ""things"": 2}","{""this"": {""actual_score"": 97.0, ""normalized_score"": 1.94, ""normalized_rounded"": 2}, ""is"": {""actual_score"": 94.0, ""normalized_score"": 1.88, ""normalized_rounded"": 2}, ""zara"": {""actual_score"": 85.0, ""normalized_score"": 1.7, ""normalized_rounded"": 2}, ""she"": {""actual_score"": 76.0, ""normalized_score"": 1.52, ""normalized_rounded"": 2}, ""loves"": {""actual_score"": 94.0, ""normalized_score"": 1.88, ""normalized_rounded"": 2}, ""to"": {""actual_score"": 80.0, ""normalized_score"": 1.6, ""normalized_rounded"": 2}, ""draw"": {""actual_score"": 88.0, ""normalized_score"": 1.76, ""normalized_rounded"": 2}, ""faiz"": {""actual_score"": 52.0, ""normalized_score"": 1.04, ""normalized_rounded"": 1}, ""he"": {""actual_score"": 97.0, ""normalized_score"": 1.94, ""normalized_rounded"": 2}, ""build"": {""actual_score"": 88.0, ""normalized_score"": 1.76, ""normalized_rounded"": 2}, ""things"": {""actual_score"": 73.0, ""normalized_score"": 1.46, ""normalized_rounded"": 1}}",8.15,ali,,1537928,4248,7982,2025-07-25 19:12:48.063,grade1_profile28382_q3_QK_20251122_101834.mp3,https://drive.google.com/file/d/1pbb1AYxODIf3rVHt3hA-tp6El3mLOCaJ/view?usp=drivesdk,8.15,Faisalabad,Oxford Grammar School,This is Zara. She loves to draw. This is Faiz. He loves to build things. ,1
30822,Come on. We can do it together.,1,,pre,Come on E can do it to gather,Come on we can do it together,12.0,14,"{""come"": 2, ""on"": 2, ""we"": 1, ""can"": 2, ""do"": 2, ""it"": 2, ""together"": 1}","{""come"": {""actual_score"": 82.0, ""normalized_score"": 1.64, ""normalized_rounded"": 2}, ""on"": {""actual_score"": 60.0, ""normalized_score"": 1.2, ""normalized_rounded"": 1}, ""we"": {""actual_score"": 80.0, ""normalized_score"": 1.6, ""normalized_rounded"": 2}, ""can"": {""actual_score"": 85.0, ""normalized_score"": 1.7, ""normalized_rounded"": 2}, ""do"": {""actual_score"": 82.0, ""normalized_score"": 1.64, ""normalized_rounded"": 2}, ""it"": {""actual_score"": 91.0, ""normalized_score"": 1.82, ""normalized_rounded"": 2}, ""together"": {""actual_score"": 48.0, ""normalized_score"": 0.96, ""normalized_rounded"": 1}}",5.27,rehma,,1024967,3167,6675,2025-06-25 13:53:07.426,grade1_profile30822_q1_LP_20251122_095026.mp3,https://drive.google.com/file/d/1ue5yD1EItegLCKJd0kjv7VJLtL_rp19k/view?usp=drivesdk,5.27,Rawalpindi,Grammar School Rawalpindi,Come on. We can do it  together.,1
30822,This is Zara. She loves to draw. This is Faiz. He loves to build things.,3,,pre,This is Zarra She love to draw This is Faiz He loves to build things,This is zara she loves to draw this is faiz he loves to build things,0.0,0,{},"{""this"": {""actual_score"": 94.0, ""normalized_score"": 1.88, ""normalized_rounded"": 2}, ""is"": {""actual_score"": 91.0, ""normalized_score"": 1.82, ""normalized_rounded"": 2}, ""zara"": {""actual_score"": 82.0, ""normalized_score"": 1.64, ""normalized_rounded"": 2}, ""she"": {""actual_score"": 91.0, ""normalized_score"": 1.82, ""normalized_rounded"": 2}, ""loves"": {""actual_score"": 97.0, ""normalized_score"": 1.94, ""normalized_rounded"": 2}, ""to"": {""actual_score"": 91.0, ""normalized_score"": 1.82, ""normalized_rounded"": 2}, ""draw"": {""actual_score"": 91.0, ""normalized_score"": 1.82, ""normalized_rounded"": 2}, ""faiz"": {""actual_score"": 19.0, ""normalized_score"": 0.38, ""normalized_rounded"": 0}, ""he"": {""actual_score"": 97.0, ""normalized_score"": 1.94, ""normalized_rounded"": 2}, ""build"": {""actual_score"": 88.0, ""normalized_score"": 1.76, ""normalized_rounded"": 2}, ""things"": {""actual_score"": 76.0, ""normalized_score"": 1.52, ""normalized_rounded"": 2}}",16.07,anum,Mother is assisting the kid word by word.,1025036,3167,6677,2025-06-25 14:24:34.686,grade1_profile30822_q3_LP_20251122_101304.mp3,https://drive.google.com/file/d/1-vHhDtwp7aluqZYoV-Us85FzkMKtnyxk/view?usp=drivesdk,16.07,Rawalpindi,Grammar School Rawalpindi,This is Zara. She loves to draw. This is Faiz. He loves to build things. ,1
30822,Come on. We can do it together.,1,,post,Come on We can do it  together,Come on we can do it together,0.0,0,{},"{""come"": {""actual_score"": 94.0, ""normalized_score"": 1.88, ""normalized_rounded"": 2}, ""on"": {""actual_score"": 97.0, ""normalized_score"": 1.94, ""normalized_rounded"": 2}, ""we"": {""actual_score"": 97.0, ""normalized_score"": 1.94, ""normalized_rounded"": 2}, ""can"": {""actual_score"": 100.0, ""normalized_score"": 2.0, ""normalized_rounded"": 2}, ""do"": {""actual_score"": 100.0, ""normalized_score"": 2.0, ""normalized_rounded"": 2}, ""it"": {""actual_score"": 100.0, ""normalized_score"": 2.0, ""normalized_rounded"": 2}, ""together"": {""actual_score"": 94.0, ""normalized_score"": 1.88, ""normalized_rounded"": 2}}",2.61,anum,Mother has recorded. Doesn't sound like a child.,1598051,4248,7979,2025-07-30 15:33:23.644,grade1_profile30822_q1_QK_20251122_095622.mp3,https://drive.google.com/file/d/1b2gWUnqXN5lHU9wnwrOt9iaZ8Z8fJgq9/view?usp=drivesdk,2.61,Rawalpindi,Grammar School Rawalpindi,Come on. We can do it  together.,1
30822,This is Zara. She loves to draw. This is Faiz. He loves to build things.,3,,post,This is Zara She loves to draw This is Faiz He loves to build things,This is zara she loves to draw this is faiz he loves to build things,30.0,30,"{""this"": 2, ""is"": 2, ""zara"": 2, ""she"": 2, ""loves"": 2, ""to"": 2, ""draw"": 2, ""this.1"": 2, ""is.1"": 2, ""faiz"": 2, ""he"": 2, ""loves.1"": 2, ""to.1"": 2, ""build"": 2, ""things"": 2}","{""this"": {""actual_score"": 97.0, ""normalized_score"": 1.94, ""normalized_rounded"": 2}, ""is"": {""actual_score"": 97.0, ""normalized_score"": 1.94, ""normalized_rounded"": 2}, ""zara"": {""actual_score"": 94.0, ""normalized_score"": 1.88, ""normalized_rounded"": 2}, ""she"": {""actual_score"": 97.0, ""normalized_score"": 1.94, ""normalized_rounded"": 2}, ""loves"": {""actual_score"": 97.0, ""normalized_score"": 1.94, ""normalized_rounded"": 2}, ""to"": {""actual_score"": 97.0, ""normalized_score"": 1.94, ""normalized_rounded"": 2}, ""draw"": {""actual_score"": 97.0, ""normalized_score"": 1.94, ""normalized_rounded"": 2}, ""faiz"": {""actual_score"": 51.0, ""normalized_score"": 1.02, ""normalized_rounded"": 1}, ""he"": {""actual_score"": 100.0, ""normalized_score"": 2.0, ""normalized_rounded"": 2}, ""build"": {""actual_score"": 100.0, ""normalized_score"": 2.0, ""normalized_rounded"": 2}, ""things"": {""actual_score"": 94.0, ""normalized_score"": 1.88, ""normalized_rounded"": 2}}",6.53,salman,Parent Speaking,1598063,4248,7982,2025-07-30 15:34:05.998,grade1_profile30822_q3_QK_20251122_101834.mp3,https://drive.google.com/file/d/1yFOlVo8xj2h6vcgYvuW5Ylu9yCu6rxJ3/view?usp=drivesdk,6.53,Rawalpindi,Grammar School Rawalpindi,This is Zara. She loves to draw. This is Faiz. He loves to build things. ,1
30822,It's locked. I can open it.,2,,post,Its locked i can awpen it,It's locked i can open it,0.0,0,{},"{""it's"": {""actual_score"": 97.0, ""normalized_score"": 1.94, ""normalized_rounded"": 2}, ""locked"": {""actual_score"": 67.0, ""normalized_score"": 1.34, ""normalized_rounded"": 1}, ""i"": {""actual_score"": 97.0, ""normalized_score"": 1.94, ""normalized_rounded"": 2}, ""can"": {""actual_score"": 97.0, ""normalized_score"": 1.94, ""normalized_rounded"": 2}, ""open"": {""actual_score"": 94.0, ""normalized_score"": 1.88, ""normalized_rounded"": 2}, ""it"": {""actual_score"": 97.0, ""normalized_score"": 1.94, ""normalized_rounded"": 2}}",2.7,semal,Parent,1598056,4248,7983,2025-07-30 15:33:41.677,grade1_profile30822_q2_QK_20251122_100724.mp3,https://drive.google.com/file/d/1iZWtpcm8qR4bwLwa0XAoiKtgsx3pWLZR/view?usp=drivesdk,2.7,Rawalpindi,Grammar School Rawalpindi,It's locked. I can open it. ,1
28401,Come on. We can do it together.,1,,pre,Come on We can do it together,Come on we can do it together,14.0,14,"{""come"": 2, ""on"": 2, ""we"": 2, ""can"": 2, ""do"": 2, ""it"": 2, ""together"": 2}","{""come"": {""actual_score"": 59.0, ""normalized_score"": 1.18, ""normalized_rounded"": 1}, ""on"": {""actual_score"": 52.0, ""normalized_score"": 1.04, ""normalized_rounded"": 1}, ""we"": {""actual_score"": 94.0, ""normalized_score"": 1.88, ""normalized_rounded"": 2}, ""can"": {""actual_score"": 97.0, ""normalized_score"": 1.94, ""normalized_rounded"": 2}, ""do"": {""actual_score"": 91.0, ""normalized_score"": 1.82, ""normalized_rounded"": 2}, ""it"": {""actual_score"": 94.0, ""normalized_score"": 1.88, ""normalized_rounded"": 2}, ""together"": {""actual_score"": 50.0, ""normalized_score"": 1.0, ""normalized_rounded"": 1}}",4.0,rehma,,1048941,3167,6675,2025-06-30 06:28:34.231,grade1_profile28401_q1_LP_20251122_095026.mp3,https://drive.google.com/file/d/1J_8t70quQsOsY7IojncwR-CSypfeLN2E/view?usp=drivesdk,4.0,Rawalpindi,Grammar School Rawalpindi,Come on. We can do it  together.,1
28401,It's locked. I can open it.,2,,pre,Its lowked i can open it,It's locked i can open it,11.0,12,"{""it's"": 2, ""locked"": 1, ""i"": 2, ""can"": 2, ""open"": 2, ""it"": 2}","{""it's"": {""actual_score"": 97.0, ""normalized_score"": 1.94, ""normalized_rounded"": 2}, ""locked"": {""actual_score"": 60.0, ""normalized_score"": 1.2, ""normalized_rounded"": 1}, ""i"": {""actual_score"": 94.0, ""normalized_score"": 1.88, ""normalized_rounded"": 2}, ""can"": {""actual_score"": 91.0, ""normalized_score"": 1.82, ""normalized_rounded"": 2}, ""open"": {""actual_score"": 85.0, ""normalized_score"": 1.7, ""normalized_rounded"": 2}, ""it"": {""actual_score"": 94.0, ""normalized_score"": 1.88, ""normalized_rounded"": 2}}",4.81,semal,,1048960,3167,6674,2025-06-30 06:29:23.646,grade1_profile28401_q2_LP_20251122_100201.mp3,https://drive.google.com/file/d/1_gsWLr3Ah9Zl7p65VKuRgyOBpvxQWAid/view?usp=drivesdk,4.81,Rawalpindi,Grammar School Rawalpindi,It's locked. I can open it. ,1
31192,It's locked. I can open it.,2,,pre,Is lock I can awpen ick,It's locked i can open it,5.0,12,"{""it's"": 0, ""locked"": 0, ""i"": 2, ""can"": 2, ""open"": 1, ""it"": 0}","{""it's"": {""actual_score"": 97.0, ""normalized_score"": 1.94, ""normalized_rounded"": 2}, ""locked"": {""actual_score"": 67.0, ""normalized_score"": 1.34, ""normalized_rounded"": 1}, ""i"": {""actual_score"": 97.0, ""normalized_score"": 1.94, ""normalized_rounded"": 2}, ""can"": {""actual_score"": 97.0, ""normalized_score"": 1.94, ""normalized_rounded"": 2}, ""open"": {""actual_score"": 91.0, ""normalized_score"": 1.82, ""normalized_rounded"": 2}, ""it"": {""actual_score"": 91.0, ""normalized_score"": 1.82, ""normalized_rounded"": 2}}",3.09,semal,,1078826,3167,6674,2025-07-01 19:37:42.697,grade1_profile31192_q2_LP_20251122_100201.mp3,https://drive.google.com/file/d/1ZvG0V7S1VqC2ZHUu7nsbgrP2kW2IDzRL/view?usp=drivesdk,3.09,,,It's locked. I can open it. ,1
31192,Come on. We can do it together.,1,,post,Come on We can do it together,Come on we can do it together,14.0,14,"{""come"": 2, ""on"": 2, ""we"": 2, ""can"": 2, ""do"": 2, ""it"": 2, ""together"": 2}","{""come"": {""actual_score"": 91.0, ""normalized_score"": 1.82, ""normalized_rounded"": 2}, ""on"": {""actual_score"": 97.0, ""normalized_score"": 1.94, ""normalized_rounded"": 2}, ""we"": {""actual_score"": 97.0, ""normalized_score"": 1.94, ""normalized_rounded"": 2}, ""can"": {""actual_score"": 97.0, ""normalized_score"": 1.94, ""normalized_rounded"": 2}, ""do"": {""actual_score"": 97.0, ""normalized_score"": 1.94, ""normalized_rounded"": 2}, ""it"": {""actual_score"": 94.0, ""normalized_score"": 1.88, ""normalized_rounded"": 2}, ""together"": {""actual_score"": 90.0, ""normalized_score"": 1.8, ""normalized_rounded"": 2}}",4.49,rehma,,1537391,4248,7979,2025-07-25 18:29:28.458,grade1_profile31192_q1_QK_20251122_095622.mp3,https://drive.google.com/file/d/1AC8l0qoomxKz9Q3D1OJzjKHLnU8mlChB/view?usp=drivesdk,4.49,,,Come on. We can do it  together.,1
30626,Come on. We can do it together.,1,,pre,Come on We can do it together,Come on we can do it together,14.0,14,"{""come"": 2, ""on"": 2, ""we"": 2, ""can"": 2, ""do"": 2, ""it"": 2, ""together"": 2}","{""come"": {""actual_score"": 94.0, ""normalized_score"": 1.88, ""normalized_rounded"": 2}, ""on"": {""actual_score"": 97.0, ""normalized_score"": 1.94, ""normalized_rounded"": 2}, ""we"": {""actual_score"": 97.0, ""normalized_score"": 1.94, ""normalized_rounded"": 2}, ""can"": {""actual_score"": 97.0, ""normalized_score"": 1.94, ""normalized_rounded"": 2}, ""do"": {""actual_score"": 97.0, ""normalized_score"": 1.94, ""normalized_rounded"": 2}, ""it"": {""actual_score"": 97.0, ""normalized_score"": 1.94, ""normalized_rounded"": 2}, ""together"": {""actual_score"": 94.0, ""normalized_score"": 1.88, ""normalized_rounded"": 2}}",2.87,rehma,,1023434,3167,6675,2025-06-25 09:19:38.771,grade1_profile30626_q1_LP_20251122_095026.mp3,https://drive.google.com/file/d/1hBP2APcam5uW1stHQRwHUepJ0Y5t0NfT/view?usp=drivesdk,2.87,Rawalpindi,Vision Montessori And School,Come on. We can do it  together.,1
30626,Come on. We can do it together.,1,,post,Come on We can do it together,Come on we can do it together,14.0,14,"{""come"": 2, ""on"": 2, ""we"": 2, ""can"": 2, ""do"": 2, ""it"": 2, ""together"": 2}","{""come"": {""actual_score"": 85.0, ""normalized_score"": 1.7, ""normalized_rounded"": 2}, ""on"": {""actual_score"": 91.0, ""normalized_score"": 1.82, ""normalized_rounded"": 2}, ""we"": {""actual_score"": 97.0, ""normalized_score"": 1.94, ""normalized_rounded"": 2}, ""can"": {""actual_score"": 97.0, ""normalized_score"": 1.94, ""normalized_rounded"": 2}, ""do"": {""actual_score"": 94.0, ""normalized_score"": 1.88, ""normalized_rounded"": 2}, ""it"": {""actual_score"": 97.0, ""normalized_score"": 1.94, ""normalized_rounded"": 2}, ""together"": {""actual_score"": 49.0, ""normalized_score"": 0.98, ""normalized_rounded"": 1}}",3.26,rehma,,1516723,4248,7979,2025-07-25 07:41:03.969,grade1_profile30626_q1_QK_20251122_095622.mp3,https://drive.google.com/file/d/1gl74YrcY4V2-z3nmg5u9elceiRqwKZax/view?usp=drivesdk,3.26,Rawalpindi,Vision Montessori And School,Come on. We can do it  together.,1
30626,It's locked. I can open it.,2,,post,Its locked i can open eat,It's locked i can open it,11.0,12,"{""it's"": 2, ""locked"": 2, ""i"": 2, ""can"": 2, ""open"": 2, ""it"": 1}","{""it's"": {""actual_score"": 38.0, ""normalized_score"": 0.76, ""normalized_rounded"": 1}, ""locked"": {""actual_score"": 79.0, ""normalized_score"": 1.58, ""normalized_rounded"": 2}, ""i"": {""actual_score"": 97.0, ""normalized_score"": 1.94, ""normalized_rounded"": 2}, ""can"": {""actual_score"": 94.0, ""normalized_score"": 1.88, ""normalized_rounded"": 2}, ""open"": {""actual_score"": 97.0, ""normalized_score"": 1.94, ""normalized_rounded"": 2}, ""it"": {""actual_score"": 97.0, ""normalized_score"": 1.94, ""normalized_rounded"": 2}}",3.02,semal,,1516740,4248,7983,2025-07-25 07:41:26.513,grade1_profile30626_q2_QK_20251122_100724.mp3,https://drive.google.com/file/d/123AeV1YSjnQjaJ25m8cm9RuAZcNA5lfW/view?usp=drivesdk,3.02,Rawalpindi,Vision Montessori And School,It's locked. I can open it. ,1
30626,This is Zara. She loves to draw. This is Faiz. He loves to build things.,3,,post,This is Zara She loves to draw This is Faiz He love to build things,This is zara she loves to draw this is faiz he loves to build things,27.0,30,"{""this"": 2, ""is"": 2, ""zara"": 2, ""she"": 2, ""loves"": 1, ""to"": 2, ""draw"": 2, ""this.1"": 2, ""is.1"": 2, ""faiz"": 2, ""he"": 2, ""loves.1"": 1, ""to.1"": 2, ""build"": 1, ""things"": 2}","{""this"": {""actual_score"": 85.0, ""normalized_score"": 1.7, ""normalized_rounded"": 2}, ""is"": {""actual_score"": 79.0, ""normalized_score"": 1.58, ""normalized_rounded"": 2}, ""zara"": {""actual_score"": 73.0, ""normalized_score"": 1.46, ""normalized_rounded"": 1}, ""she"": {""actual_score"": 79.0, ""normalized_score"": 1.58, ""normalized_rounded"": 2}, ""loves"": {""actual_score"": 94.0, ""normalized_score"": 1.88, ""normalized_rounded"": 2}, ""to"": {""actual_score"": 88.0, ""normalized_score"": 1.76, ""normalized_rounded"": 2}, ""draw"": {""actual_score"": 91.0, ""normalized_score"": 1.82, ""normalized_rounded"": 2}, ""faiz"": {""actual_score"": 68.0, ""normalized_score"": 1.36, ""normalized_rounded"": 1}, ""he"": {""actual_score"": 44.0, ""normalized_score"": 0.88, ""normalized_rounded"": 1}, ""build"": {""actual_score"": 10.0, ""normalized_score"": 0.2, ""normalized_rounded"": 0}, ""things"": {""actual_score"": 76.0, ""normalized_score"": 1.52, ""normalized_rounded"": 2}}",10.63,salman,,1516786,4248,7982,2025-07-25 07:42:25.043,grade1_profile30626_q3_QK_20251122_101834.mp3,https://drive.google.com/file/d/1VqQLFOetNIqs5uCxYxxC-uQrQbWytCf9/view?usp=drivesdk,10.63,Rawalpindi,Vision Montessori And School,This is Zara. She loves to draw. This is Faiz. He loves to build things. ,1
28369,Come on. We can do it together.,1,,pre,Come o,Come on,3.0,14,"{""come"": 2, ""on"": 1, ""we"": 0, ""can"": 0, ""do"": 0, ""it"": 0, ""together"": 0}","{""come"": {""actual_score"": 21.0, ""normalized_score"": 0.42, ""normalized_rounded"": 0}, ""on"": {""actual_score"": 51.0, ""normalized_score"": 1.02, ""normalized_rounded"": 1}}",0.73,rehma,,1024622,3167,6675,2025-06-25 12:25:25.614,grade1_profile28369_q1_LP_20251122_095026.mp3,https://drive.google.com/file/d/1RF3JyjP9_LqLGTGpSDMIj80g25V-Nl6n/view?usp=drivesdk,0.73,,Govt Boys Model Higher Secondary School (Pishin),Come on. We can do it  together.,1
28369,Come on. We can do it together.,1,,post,Come on We can do it  together,Come on we can do it together,0.0,0,{},"{""come"": {""actual_score"": 70.0, ""normalized_score"": 1.4, ""normalized_rounded"": 1}, ""on"": {""actual_score"": 82.0, ""normalized_score"": 1.64, ""normalized_rounded"": 2}, ""we"": {""actual_score"": 88.0, ""normalized_score"": 1.76, ""normalized_rounded"": 2}, ""can"": {""actual_score"": 82.0, ""normalized_score"": 1.64, ""normalized_rounded"": 2}, ""do"": {""actual_score"": 91.0, ""normalized_score"": 1.82, ""normalized_rounded"": 2}, ""it"": {""actual_score"": 88.0, ""normalized_score"": 1.76, ""normalized_rounded"": 2}, ""together"": {""actual_score"": 48.0, ""normalized_score"": 0.96, ""normalized_rounded"": 1}}",2.33,anum,Father has recorded. Nothing said by the child.,1593117,4248,7979,2025-07-30 10:30:19.484,grade1_profile28369_q1_QK_20251122_095622.mp3,https://drive.google.com/file/d/18u_QaO3zzvyQ4T28nlj8KQYpM0UF78Yf/view?usp=drivesdk,2.33,,Govt Boys Model Higher Secondary School (Pishin),Come on. We can do it  together.,1
28369,It's locked. I can open it.,2,,post,Its lock i can open it,It's locked i can open it,0.0,0,{},"{""it's"": {""actual_score"": 76.0, ""normalized_score"": 1.52, ""normalized_rounded"": 2}, ""locked"": {""actual_score"": 82.0, ""normalized_score"": 1.64, ""normalized_rounded"": 2}, ""i"": {""actual_score"": 85.0, ""normalized_score"": 1.7, ""normalized_rounded"": 2}, ""can"": {""actual_score"": 97.0, ""normalized_score"": 1.94, ""normalized_rounded"": 2}, ""open"": {""actual_score"": 79.0, ""normalized_score"": 1.58, ""normalized_rounded"": 2}, ""it"": {""actual_score"": 94.0, ""normalized_score"": 1.88, ""normalized_rounded"": 2}}",1.98,semal,Parent ,1593130,4248,7983,2025-07-30 10:30:51.080,grade1_profile28369_q2_QK_20251122_100724.mp3,https://drive.google.com/file/d/1K9UCX8yv_s-blrTbV4--vDYCACPE10Yt/view?usp=drivesdk,1.98,,Govt Boys Model Higher Secondary School (Pishin),It's locked. I can open it. ,1
28448,It's locked. I can open it.,2,,pre,It's lock I can open it,It's locked i can open it,11.0,12,"{""it's"": 2, ""locked"": 1, ""i"": 2, ""can"": 2, ""open"": 2, ""it"": 2}","{""it's"": {""actual_score"": 94.0, ""normalized_score"": 1.88, ""normalized_rounded"": 2}, ""locked"": {""actual_score"": 55.0, ""normalized_score"": 1.1, ""normalized_rounded"": 1}, ""i"": {""actual_score"": 94.0, ""normalized_score"": 1.88, ""normalized_rounded"": 2}, ""can"": {""actual_score"": 97.0, ""normalized_score"": 1.94, ""normalized_rounded"": 2}, ""open"": {""actual_score"": 94.0, ""normalized_score"": 1.88, ""normalized_rounded"": 2}, ""it"": {""actual_score"": 97.0, ""normalized_score"": 1.94, ""normalized_rounded"": 2}}",2.84,salman,,1043301,3167,6674,2025-06-28 10:04:13.897,grade1_profile28448_q2_LP_20251122_100201.mp3,https://drive.google.com/file/d/1TrhyTW_Zl8PEB8BK5ZWaLiK6YcGKal1N/view?usp=drivesdk,2.84,Lahore,,It's locked. I can open it. ,1
28448,This is Zara. She loves to draw. This is Faiz. He loves to build things.,3,,pre,This is Zara He loves to draw draw This is Faiz He loves to build things,This is zara he loves to draw draw this is faiz he loves to build things,28.0,30,"{""this"": 2, ""is"": 2, ""zara"": 2, ""she"": 0, ""loves"": 2, ""to"": 2, ""draw"": 2, ""this.1"": 2, ""is.1"": 2, ""faiz"": 2, ""he"": 2, ""loves.1"": 2, ""to.1"": 2, ""build"": 2, ""things"": 2}","{""this"": {""actual_score"": 97.0, ""normalized_score"": 1.94, ""normalized_rounded"": 2}, ""is"": {""actual_score"": 85.0, ""normalized_score"": 1.7, ""normalized_rounded"": 2}, ""zara"": {""actual_score"": 82.0, ""normalized_score"": 1.64, ""normalized_rounded"": 2}, ""he"": {""actual_score"": 94.0, ""normalized_score"": 1.88, ""normalized_rounded"": 2}, ""loves"": {""actual_score"": 94.0, ""normalized_score"": 1.88, ""normalized_rounded"": 2}, ""to"": {""actual_score"": 88.0, ""normalized_score"": 1.76, ""normalized_rounded"": 2}, ""draw"": {""actual_score"": 88.0, ""normalized_score"": 1.76, ""normalized_rounded"": 2}, ""faiz"": {""actual_score"": 19.0, ""normalized_score"": 0.38, ""normalized_rounded"": 0}, ""build"": {""actual_score"": 91.0, ""normalized_score"": 1.82, ""normalized_rounded"": 2}, ""things"": {""actual_score"": 76.0, ""normalized_score"": 1.52, ""normalized_rounded"": 2}}",10.41,ali,,1043321,3167,6677,2025-06-28 10:06:58.185,grade1_profile28448_q3_LP_20251122_101304.mp3,https://drive.google.com/file/d/1We5MeZi-R-Osl7ejlGUlxDZCGxVOeLKi/view?usp=drivesdk,10.41,Lahore,,This is Zara. She loves to draw. This is Faiz. He loves to build things. ,1
28448,Come on. We can do it together.,1,,post,Come on We can do it together,Come on we can do it together,14.0,14,"{""come"": 2, ""on"": 2, ""we"": 2, ""can"": 2, ""do"": 2, ""it"": 2, ""together"": 2}","{""come"": {""actual_score"": 68.0, ""normalized_score"": 1.36, ""normalized_rounded"": 1}, ""on"": {""actual_score"": 88.0, ""normalized_score"": 1.76, ""normalized_rounded"": 2}, ""we"": {""actual_score"": 91.0, ""normalized_score"": 1.82, ""normalized_rounded"": 2}, ""can"": {""actual_score"": 88.0, ""normalized_score"": 1.76, ""normalized_rounded"": 2}, ""do"": {""actual_score"": 97.0, ""normalized_score"": 1.94, ""normalized_rounded"": 2}, ""it"": {""actual_score"": 94.0, ""normalized_score"": 1.88, ""normalized_rounded"": 2}, ""together"": {""actual_score"": 88.0, ""normalized_score"": 1.76, ""normalized_rounded"": 2}}",2.99,rehma,,1515025,4248,7979,2025-07-25 07:12:52.248,grade1_profile28448_q1_QK_20251122_095622.mp3,https://drive.google.com/file/d/11C_fKF18rd2-MKTZ4n-Fdh1d4JUxRvtV/view?usp=drivesdk,2.99,Lahore,,Come on. We can do it  together.,1
28448,It's locked. I can open it.,2,,post,It's locked I can open it,It's locked i can open it,12.0,12,"{""it's"": 2, ""locked"": 2, ""i"": 2, ""can"": 2, ""open"": 2, ""it"": 2}","{""it's"": {""actual_score"": 94.0, ""normalized_score"": 1.88, ""normalized_rounded"": 2}, ""locked"": {""actual_score"": 59.0, ""normalized_score"": 1.18, ""normalized_rounded"": 1}, ""i"": {""actual_score"": 97.0, ""normalized_score"": 1.94, ""normalized_rounded"": 2}, ""can"": {""actual_score"": 94.0, ""normalized_score"": 1.88, ""normalized_rounded"": 2}, ""open"": {""actual_score"": 97.0, ""normalized_score"": 1.94, ""normalized_rounded"": 2}, ""it"": {""actual_score"": 97.0, ""normalized_score"": 1.94, ""normalized_rounded"": 2}}",3.11,salman,,1515053,4248,7983,2025-07-25 07:13:32.540,grade1_profile28448_q2_QK_20251122_100724.mp3,https://drive.google.com/file/d/1EAPV1ysIJr5xaijFnM6pbHnZDvUXVzyT/view?usp=drivesdk,3.11,Lahore,,It's locked. I can open it. ,1
28448,This is Zara. She loves to draw. This is Faiz. He loves to build things.,3,,post,This is Zara He love to draw This is Faiz He love to build things,This is zara he loves to draw this is faiz he loves to build things,26.0,30,"{""this"": 2, ""is"": 2, ""zara"": 2, ""she"": 0, ""loves"": 1, ""to"": 2, ""draw"": 2, ""this.1"": 2, ""is.1"": 2, ""faiz"": 2, ""he"": 2, ""loves.1"": 1, ""to.1"": 2, ""build"": 2, ""things"": 2}","{""this"": {""actual_score"": 94.0, ""normalized_score"": 1.88, ""normalized_rounded"": 2}, ""is"": {""actual_score"": 94.0, ""normalized_score"": 1.88, ""normalized_rounded"": 2}, ""zara"": {""actual_score"": 82.0, ""normalized_score"": 1.64, ""normalized_rounded"": 2}, ""he"": {""actual_score"": 94.0, ""normalized_score"": 1.88, ""normalized_rounded"": 2}, ""loves"": {""actual_score"": 94.0, ""normalized_score"": 1.88, ""normalized_rounded"": 2}, ""to"": {""actual_score"": 85.0, ""normalized_score"": 1.7, ""normalized_rounded"": 2}, ""draw"": {""actual_score"": 88.0, ""normalized_score"": 1.76, ""normalized_rounded"": 2}, ""faiz"": {""actual_score"": 50.0, ""normalized_score"": 1.0, ""normalized_rounded"": 1}, ""build"": {""actual_score"": 91.0, ""normalized_score"": 1.82, ""normalized_rounded"": 2}, ""things"": {""actual_score"": 79.0, ""normalized_score"": 1.58, ""normalized_rounded"": 2}}",9.65,ali,,1515135,4248,7982,2025-07-25 07:15:10.791,grade1_profile28448_q3_QK_20251122_101834.mp3,https://drive.google.com/file/d/1xguEyclK_x33HYhZm1nxv-w-kJJUaE2B/view?usp=drivesdk,9.65,Lahore,,This is Zara. She loves to draw. This is Faiz. He loves to build things. ,1
30596,This is Zara. She loves to draw. This is Faiz. He loves to build things.,3,,pre,This is Zara She loves to draw This is Faiz He loves to build things,This is is zara she loves to draw build things,26.0,30,"{""this"": 2, ""is"": 2, ""zara"": 2, ""she"": 2, ""loves"": 1, ""to"": 2, ""draw"": 2, ""this.1"": 1, ""is.1"": 2, ""faiz"": 2, ""he"": 2, ""loves.1"": 2, ""to.1"": 2, ""build"": 1, ""things"": 1}","{""this"": {""actual_score"": 94.0, ""normalized_score"": 1.88, ""normalized_rounded"": 2}, ""is"": {""actual_score"": 88.0, ""normalized_score"": 1.76, ""normalized_rounded"": 2}, ""zara"": {""actual_score"": 85.0, ""normalized_score"": 1.7, ""normalized_rounded"": 2}, ""she"": {""actual_score"": 82.0, ""normalized_score"": 1.64, ""normalized_rounded"": 2}, ""loves"": {""actual_score"": 88.0, ""normalized_score"": 1.76, ""normalized_rounded"": 2}, ""to"": {""actual_score"": 79.0, ""normalized_score"": 1.58, ""normalized_rounded"": 2}, ""draw"": {""actual_score"": 76.0, ""normalized_score"": 1.52, ""normalized_rounded"": 2}, ""build"": {""actual_score"": 9.0, ""normalized_score"": 0.18, ""normalized_rounded"": 0}, ""things"": {""actual_score"": 73.0, ""normalized_score"": 1.46, ""normalized_rounded"": 1}}",14.25,ali,Parent helping in background.,1024133,3167,6677,2025-06-25 10:44:57.277,grade1_profile30596_q3_LP_20251122_101304.mp3,https://drive.google.com/file/d/1HdzgPO5QR8rGxVp02VNFDgvIsleUcL_e/view?usp=drivesdk,14.25,,,This is Zara. She loves to draw. This is Faiz. He loves to build things. ,1
30596,It's locked. I can open it.,2,,post,It's lacked I can aupen it,It's locked i can open it,0.0,0,{},"{""it's"": {""actual_score"": 100.0, ""normalized_score"": 2.0, ""normalized_rounded"": 2}, ""locked"": {""actual_score"": 88.0, ""normalized_score"": 1.76, ""normalized_rounded"": 2}, ""i"": {""actual_score"": 97.0, ""normalized_score"": 1.94, ""normalized_rounded"": 2}, ""can"": {""actual_score"": 97.0, ""normalized_score"": 1.94, ""normalized_rounded"": 2}, ""open"": {""actual_score"": 94.0, ""normalized_score"": 1.88, ""normalized_rounded"": 2}, ""it"": {""actual_score"": 94.0, ""normalized_score"": 1.88, ""normalized_rounded"": 2}}",2.65,anum,Mother has recorded. Doesn't sound like a child.,1638442,4248,7983,2025-08-04 05:59:16.425,grade1_profile30596_q2_QK_20251122_100724.mp3,https://drive.google.com/file/d/11LDFjjCqaiFddLweUJwB98Ifqju2Anmc/view?usp=drivesdk,2.65,,,It's locked. I can open it. ,1
30596,Come on. We can do it together.,1,,post,Come aaaan We can do it togither,Come on we can do it it together,0.0,0,{},"{""come"": {""actual_score"": 82.0, ""normalized_score"": 1.64, ""normalized_rounded"": 2}, ""on"": {""actual_score"": 82.0, ""normalized_score"": 1.64, ""normalized_rounded"": 2}, ""we"": {""actual_score"": 91.0, ""normalized_score"": 1.82, ""normalized_rounded"": 2}, ""can"": {""actual_score"": 97.0, ""normalized_score"": 1.94, ""normalized_rounded"": 2}, ""do"": {""actual_score"": 97.0, ""normalized_score"": 1.94, ""normalized_rounded"": 2}, ""it"": {""actual_score"": 97.0, ""normalized_score"": 1.94, ""normalized_rounded"": 2}, ""together"": {""actual_score"": 52.0, ""normalized_score"": 1.04, ""normalized_rounded"": 1}}",3.06,rehma,e4 (mother recording),1638437,4248,7979,2025-08-04 05:58:37.306,grade1_profile30596_q1_QK_20251122_095622.mp3,https://drive.google.com/file/d/1JbFiMdumdmDJr5w_yzQpXCnz50Qyrw8G/view?usp=drivesdk,3.06,,,Come on. We can do it  together.,1
28469,This is Zara. She loves to draw. This is Faiz. He loves to build things.,3,,pre,This is Zara He loves to draw This is Faiz He love to build thing,This is zara she loves to draw this is faiz he loves to build things,26.0,30,"{""this"": 2, ""is"": 2, ""zara"": 2, ""she"": 0, ""loves"": 2, ""to"": 2, ""draw"": 2, ""this.1"": 2, ""is.1"": 2, ""faiz"": 2, ""he"": 2, ""loves.1"": 1, ""to.1"": 2, ""build"": 2, ""things"": 1}","{""this"": {""actual_score"": 79.0, ""normalized_score"": 1.58, ""normalized_rounded"": 2}, ""is"": {""actual_score"": 85.0, ""normalized_score"": 1.7, ""normalized_rounded"": 2}, ""zara"": {""actual_score"": 53.0, ""normalized_score"": 1.06, ""normalized_rounded"": 1}, ""she"": {""actual_score"": 78.0, ""normalized_score"": 1.56, ""normalized_rounded"": 2}, ""loves"": {""actual_score"": 94.0, ""normalized_score"": 1.88, ""normalized_rounded"": 2}, ""to"": {""actual_score"": 80.0, ""normalized_score"": 1.6, ""normalized_rounded"": 2}, ""draw"": {""actual_score"": 45.0, ""normalized_score"": 0.9, ""normalized_rounded"": 1}, ""faiz"": {""actual_score"": 69.0, ""normalized_score"": 1.38, ""normalized_rounded"": 1}, ""he"": {""actual_score"": 79.0, ""normalized_score"": 1.58, ""normalized_rounded"": 2}, ""build"": {""actual_score"": 49.0, ""normalized_score"": 0.98, ""normalized_rounded"": 1}, ""things"": {""actual_score"": 58.0, ""normalized_score"": 1.16, ""normalized_rounded"": 1}}",9.62,ali,,1020848,3167,6677,2025-06-25 06:09:33.759,grade1_profile28469_q3_LP_20251122_101304.mp3,https://drive.google.com/file/d/1MGB2c7_6mesIHyCApk4zKfm-l_yzkWai/view?usp=drivesdk,9.62,Gujranwala,Quaid - E - Azam Divisional Public School (Qdps),This is Zara. She loves to draw. This is Faiz. He loves to build things. ,1
28469,Come on. We can do it together.,1,,post,Come on We can do it together,Come on we can do it together,14.0,14,"{""come"": 2, ""on"": 2, ""we"": 2, ""can"": 2, ""do"": 2, ""it"": 2, ""together"": 2}","{""come"": {""actual_score"": 88.0, ""normalized_score"": 1.76, ""normalized_rounded"": 2}, ""on"": {""actual_score"": 91.0, ""normalized_score"": 1.82, ""normalized_rounded"": 2}, ""we"": {""actual_score"": 85.0, ""normalized_score"": 1.7, ""normalized_rounded"": 2}, ""can"": {""actual_score"": 94.0, ""normalized_score"": 1.88, ""normalized_rounded"": 2}, ""do"": {""actual_score"": 97.0, ""normalized_score"": 1.94, ""normalized_rounded"": 2}, ""it"": {""actual_score"": 94.0, ""normalized_score"": 1.88, ""normalized_rounded"": 2}, ""together"": {""actual_score"": 49.0, ""normalized_score"": 0.98, ""normalized_rounded"": 1}}",2.93,rehma,,1514484,4248,7979,2025-07-25 07:04:08.453,grade1_profile28469_q1_QK_20251122_095622.mp3,https://drive.google.com/file/d/1nyveoJ947IXbuuVT5c_JCaUU7NuR8vbg/view?usp=drivesdk,2.93,Gujranwala,Quaid - E - Azam Divisional Public School (Qdps),Come on. We can do it  together.,1
28469,This is Zara. She loves to draw. This is Faiz. He loves to build things.,3,,post,This is Zara She loves to draa This is Faiz He loves to build things,This is zara she loves to draw this is faiz he loves to build things,29.0,30,"{""this"": 2, ""is"": 2, ""zara"": 2, ""she"": 2, ""loves"": 2, ""to"": 2, ""draw"": 1, ""this.1"": 2, ""is.1"": 2, ""faiz"": 2, ""he"": 2, ""loves.1"": 2, ""to.1"": 2, ""build"": 2, ""things"": 2}","{""this"": {""actual_score"": 82.0, ""normalized_score"": 1.64, ""normalized_rounded"": 2}, ""is"": {""actual_score"": 91.0, ""normalized_score"": 1.82, ""normalized_rounded"": 2}, ""zara"": {""actual_score"": 85.0, ""normalized_score"": 1.7, ""normalized_rounded"": 2}, ""she"": {""actual_score"": 88.0, ""normalized_score"": 1.76, ""normalized_rounded"": 2}, ""loves"": {""actual_score"": 94.0, ""normalized_score"": 1.88, ""normalized_rounded"": 2}, ""to"": {""actual_score"": 94.0, ""normalized_score"": 1.88, ""normalized_rounded"": 2}, ""draw"": {""actual_score"": 91.0, ""normalized_score"": 1.82, ""normalized_rounded"": 2}, ""faiz"": {""actual_score"": 14.0, ""normalized_score"": 0.28, ""normalized_rounded"": 0}, ""he"": {""actual_score"": 85.0, ""normalized_score"": 1.7, ""normalized_rounded"": 2}, ""build"": {""actual_score"": 88.0, ""normalized_score"": 1.76, ""normalized_rounded"": 2}, ""things"": {""actual_score"": 76.0, ""normalized_score"": 1.52, ""normalized_rounded"": 2}}",7.1,anum,Audio was paused and continued while recording each sentence.,1514554,4248,7982,2025-07-25 07:05:14.310,grade1_profile28469_q3_QK_20251122_101834.mp3,https://drive.google.com/file/d/1nWLLJWZDibDW0DTWlwq8K9PZhafmKD4s/view?usp=drivesdk,7.1,Gujranwala,Quaid - E - Azam Divisional Public School (Qdps),This is Zara. She loves to draw. This is Faiz. He loves to build things. ,1
28349,Come on. We can do it together.,1,,pre,Come on We can do it together,Come on we can do it together,14.0,14,"{""come"": 2, ""on"": 2, ""we"": 2, ""can"": 2, ""do"": 2, ""it"": 2, ""together"": 2}","{""come"": {""actual_score"": 85.0, ""normalized_score"": 1.7, ""normalized_rounded"": 2}, ""on"": {""actual_score"": 66.0, ""normalized_score"": 1.32, ""normalized_rounded"": 1}, ""we"": {""actual_score"": 58.0, ""normalized_score"": 1.16, ""normalized_rounded"": 1}, ""can"": {""actual_score"": 82.0, ""normalized_score"": 1.64, ""normalized_rounded"": 2}, ""do"": {""actual_score"": 79.0, ""normalized_score"": 1.58, ""normalized_rounded"": 2}, ""it"": {""actual_score"": 91.0, ""normalized_score"": 1.82, ""normalized_rounded"": 2}, ""together"": {""actual_score"": 51.0, ""normalized_score"": 1.02, ""normalized_rounded"": 1}}",5.43,rehma,,1025731,3167,6675,2025-06-25 18:34:45.097,grade1_profile28349_q1_LP_20251122_095026.mp3,https://drive.google.com/file/d/1qcLc1cvwJQ3rQCvWdZ93HrGDeHC2Jphg/view?usp=drivesdk,5.43,,Forces School and College System,Come on. We can do it  together.,1
28463,Come on. We can do it together.,1,,post,Come on We can do it together,Come on we can do it together,14.0,14,"{""come"": 2, ""on"": 2, ""we"": 2, ""can"": 2, ""do"": 2, ""it"": 2, ""together"": 2}","{""come"": {""actual_score"": 26.0, ""normalized_score"": 0.52, ""normalized_rounded"": 1}, ""on"": {""actual_score"": 51.0, ""normalized_score"": 1.02, ""normalized_rounded"": 1}, ""we"": {""actual_score"": 88.0, ""normalized_score"": 1.76, ""normalized_rounded"": 2}, ""can"": {""actual_score"": 88.0, ""normalized_score"": 1.76, ""normalized_rounded"": 2}, ""do"": {""actual_score"": 94.0, ""normalized_score"": 1.88, ""normalized_rounded"": 2}, ""it"": {""actual_score"": 91.0, ""normalized_score"": 1.82, ""normalized_rounded"": 2}, ""together"": {""actual_score"": 53.0, ""normalized_score"": 1.06, ""normalized_rounded"": 1}}",2.82,rehma,,1518427,4248,7979,2025-07-25 08:14:59.177,grade1_profile28463_q1_QK_20251122_095622.mp3,https://drive.google.com/file/d/1401_FNMXftcUoGj2U1Pvm52oqQw1hgqr/view?usp=drivesdk,2.82,Rawalpindi,Faiz - E - Aam High School,Come on. We can do it  together.,1
28463,It's locked. I can open it.,2,,post,It look i can open it,It's locked i can open it,8.0,12,"{""it's"": 0, ""locked"": 0, ""i"": 2, ""can"": 2, ""open"": 2, ""it"": 2}","{""it's"": {""actual_score"": 97.0, ""normalized_score"": 1.94, ""normalized_rounded"": 2}, ""locked"": {""actual_score"": 53.0, ""normalized_score"": 1.06, ""normalized_rounded"": 1}, ""i"": {""actual_score"": 97.0, ""normalized_score"": 1.94, ""normalized_rounded"": 2}, ""can"": {""actual_score"": 97.0, ""normalized_score"": 1.94, ""normalized_rounded"": 2}, ""open"": {""actual_score"": 52.0, ""normalized_score"": 1.04, ""normalized_rounded"": 1}, ""it"": {""actual_score"": 91.0, ""normalized_score"": 1.82, ""normalized_rounded"": 2}}",3.41,semal,,1518447,4248,7983,2025-07-25 08:15:22.835,grade1_profile28463_q2_QK_20251122_100724.mp3,https://drive.google.com/file/d/1nuYNbDfUjytcOx4dYG32f53abXNEZdJh/view?usp=drivesdk,3.41,Rawalpindi,Faiz - E - Aam High School,It's locked. I can open it. ,1
28493,Come on. We can do it together.,1,,post,Come on We can do it together,Come on we can do it together,14.0,14,"{""come"": 2, ""on"": 2, ""we"": 2, ""can"": 2, ""do"": 2, ""it"": 2, ""together"": 2}","{""come"": {""actual_score"": 91.0, ""normalized_score"": 1.82, ""normalized_rounded"": 2}, ""on"": {""actual_score"": 97.0, ""normalized_score"": 1.94, ""normalized_rounded"": 2}, ""we"": {""actual_score"": 97.0, ""normalized_score"": 1.94, ""normalized_rounded"": 2}, ""can"": {""actual_score"": 97.0, ""normalized_score"": 1.94, ""normalized_rounded"": 2}, ""do"": {""actual_score"": 97.0, ""normalized_score"": 1.94, ""normalized_rounded"": 2}, ""it"": {""actual_score"": 100.0, ""normalized_score"": 2.0, ""normalized_rounded"": 2}, ""together"": {""actual_score"": 88.0, ""normalized_score"": 1.76, ""normalized_rounded"": 2}}",2.16,rehma,,1530728,4248,7979,2025-07-25 13:52:15.414,grade1_profile28493_q1_QK_20251122_095622.mp3,https://drive.google.com/file/d/1kqZ5A_r0sGk4AOX1bK3ALasAQTqrp6hn/view?usp=drivesdk,2.16,Rawalpindi,Faiz - E - Aam High School,Come on. We can do it  together.,1
28493,It's locked. I can open it.,2,,post,It's locked I can open it,It's locked i can open it,12.0,12,"{""it's"": 2, ""locked"": 2, ""i"": 2, ""can"": 2, ""open"": 2, ""it"": 2}","{""it's"": {""actual_score"": 94.0, ""normalized_score"": 1.88, ""normalized_rounded"": 2}, ""locked"": {""actual_score"": 94.0, ""normalized_score"": 1.88, ""normalized_rounded"": 2}, ""i"": {""actual_score"": 97.0, ""normalized_score"": 1.94, ""normalized_rounded"": 2}, ""can"": {""actual_score"": 97.0, ""normalized_score"": 1.94, ""normalized_rounded"": 2}, ""open"": {""actual_score"": 94.0, ""normalized_score"": 1.88, ""normalized_rounded"": 2}, ""it"": {""actual_score"": 97.0, ""normalized_score"": 1.94, ""normalized_rounded"": 2}}",2.71,ali,,1530748,4248,7983,2025-07-25 13:52:41.762,grade1_profile28493_q2_QK_20251122_100724.mp3,https://drive.google.com/file/d/1EOcJZhPQ5qRMkFUejzH8X3C-RpRbxo1d/view?usp=drivesdk,2.71,Rawalpindi,Faiz - E - Aam High School,It's locked. I can open it. ,1
28493,This is Zara. She loves to draw. This is Faiz. He loves to build things.,3,,post,This is Zara She love to draw This is Faiz He love to build things,This is zara she loves to draw this is faiz he loves to build things,26.0,30,"{""this"": 2, ""is"": 2, ""zara"": 2, ""she"": 0, ""loves"": 1, ""to"": 2, ""draw"": 2, ""this.1"": 2, ""is.1"": 2, ""faiz"": 2, ""he"": 2, ""loves.1"": 1, ""to.1"": 2, ""build"": 2, ""things"": 2}","{""this"": {""actual_score"": 97.0, ""normalized_score"": 1.94, ""normalized_rounded"": 2}, ""is"": {""actual_score"": 97.0, ""normalized_score"": 1.94, ""normalized_rounded"": 2}, ""zara"": {""actual_score"": 94.0, ""normalized_score"": 1.88, ""normalized_rounded"": 2}, ""she"": {""actual_score"": 79.0, ""normalized_score"": 1.58, ""normalized_rounded"": 2}, ""loves"": {""actual_score"": 94.0, ""normalized_score"": 1.88, ""normalized_rounded"": 2}, ""to"": {""actual_score"": 94.0, ""normalized_score"": 1.88, ""normalized_rounded"": 2}, ""draw"": {""actual_score"": 94.0, ""normalized_score"": 1.88, ""normalized_rounded"": 2}, ""faiz"": {""actual_score"": 73.0, ""normalized_score"": 1.46, ""normalized_rounded"": 1}, ""he"": {""actual_score"": 97.0, ""normalized_score"": 1.94, ""normalized_rounded"": 2}, ""build"": {""actual_score"": 91.0, ""normalized_score"": 1.82, ""normalized_rounded"": 2}, ""things"": {""actual_score"": 73.0, ""normalized_score"": 1.46, ""normalized_rounded"": 1}}",8.7,ali,,1530774,4248,7982,2025-07-25 13:53:34.194,grade1_profile28493_q3_QK_20251122_101834.mp3,https://drive.google.com/file/d/1rPJjTM0dL0BDfJ6BDVd2bvx2PHvEURQh/view?usp=drivesdk,8.7,Rawalpindi,Faiz - E - Aam High School,This is Zara. She loves to draw. This is Faiz. He loves to build things. ,1
28429,Come on. We can do it together.,1,,pre,Come on we can do it together,Come on we can do it together,14.0,14,"{""come"": 2, ""on"": 2, ""we"": 2, ""can"": 2, ""do"": 2, ""it"": 2, ""together"": 2}","{""come"": {""actual_score"": 88.0, ""normalized_score"": 1.76, ""normalized_rounded"": 2}, ""on"": {""actual_score"": 55.0, ""normalized_score"": 1.1, ""normalized_rounded"": 1}, ""we"": {""actual_score"": 88.0, ""normalized_score"": 1.76, ""normalized_rounded"": 2}, ""can"": {""actual_score"": 91.0, ""normalized_score"": 1.82, ""normalized_rounded"": 2}, ""do"": {""actual_score"": 91.0, ""normalized_score"": 1.82, ""normalized_rounded"": 2}, ""it"": {""actual_score"": 94.0, ""normalized_score"": 1.88, ""normalized_rounded"": 2}, ""together"": {""actual_score"": 58.0, ""normalized_score"": 1.16, ""normalized_rounded"": 1}}",6.18,salman,,1022917,3167,6675,2025-06-25 08:42:27.719,grade1_profile28429_q1_LP_20251122_095026.mp3,https://drive.google.com/file/d/169eP8t78cfeAjDny0BIv8fzpX0roU01r/view?usp=drivesdk,6.18,Rawalpindi,Grammar School Rawalpindi,Come on. We can do it  together.,1
28429,It's locked. I can open it.,2,,pre,It's locked I can open it,It's locked i can open it,12.0,12,"{""it's"": 2, ""locked"": 2, ""i"": 2, ""can"": 2, ""open"": 2, ""it"": 2}","{""it's"": {""actual_score"": 79.0, ""normalized_score"": 1.58, ""normalized_rounded"": 2}, ""locked"": {""actual_score"": 79.0, ""normalized_score"": 1.58, ""normalized_rounded"": 2}, ""i"": {""actual_score"": 94.0, ""normalized_score"": 1.88, ""normalized_rounded"": 2}, ""can"": {""actual_score"": 97.0, ""normalized_score"": 1.94, ""normalized_rounded"": 2}, ""open"": {""actual_score"": 94.0, ""normalized_score"": 1.88, ""normalized_rounded"": 2}, ""it"": {""actual_score"": 94.0, ""normalized_score"": 1.88, ""normalized_rounded"": 2}}",5.06,ali,,1022975,3167,6674,2025-06-25 08:45:19.308,grade1_profile28429_q2_LP_20251122_100201.mp3,https://drive.google.com/file/d/1piG_S5Lgia4De0vUI96yN-oSwuhWQZY1/view?usp=drivesdk,5.06,Rawalpindi,Grammar School Rawalpindi,It's locked. I can open it. ,1
28429,Come on. We can do it together.,1,,post,Come onnnnn We can do it to gatherrrr,Come on we can do it together,12.0,14,"{""come"": 2, ""on"": 1, ""we"": 2, ""can"": 2, ""do"": 2, ""it"": 2, ""together"": 1}","{""come"": {""actual_score"": 91.0, ""normalized_score"": 1.82, ""normalized_rounded"": 2}, ""on"": {""actual_score"": 82.0, ""normalized_score"": 1.64, ""normalized_rounded"": 2}, ""we"": {""actual_score"": 91.0, ""normalized_score"": 1.82, ""normalized_rounded"": 2}, ""can"": {""actual_score"": 88.0, ""normalized_score"": 1.76, ""normalized_rounded"": 2}, ""do"": {""actual_score"": 88.0, ""normalized_score"": 1.76, ""normalized_rounded"": 2}, ""it"": {""actual_score"": 91.0, ""normalized_score"": 1.82, ""normalized_rounded"": 2}, ""together"": {""actual_score"": 50.0, ""normalized_score"": 1.0, ""normalized_rounded"": 1}}",4.15,rehma,,1524142,4248,7979,2025-07-25 10:19:21.344,grade1_profile28429_q1_QK_20251122_095622.mp3,https://drive.google.com/file/d/1T6QOkD1IqmG9BZEeUydC9uSrKEdpD5Mf/view?usp=drivesdk,4.15,Rawalpindi,Grammar School Rawalpindi,Come on. We can do it  together.,1
28429,This is Zara. She loves to draw. This is Faiz. He loves to build things.,3,,post,This is Zara She loves to draw This is Faiz He loves to build things,This is zara she loves to draw this is faiz he loves to build things,30.0,30,"{""this"": 2, ""is"": 2, ""zara"": 2, ""she"": 2, ""loves"": 2, ""to"": 2, ""draw"": 2, ""this.1"": 2, ""is.1"": 2, ""faiz"": 2, ""he"": 2, ""loves.1"": 2, ""to.1"": 2, ""build"": 2, ""things"": 2}","{""this"": {""actual_score"": 97.0, ""normalized_score"": 1.94, ""normalized_rounded"": 2}, ""is"": {""actual_score"": 97.0, ""normalized_score"": 1.94, ""normalized_rounded"": 2}, ""zara"": {""actual_score"": 94.0, ""normalized_score"": 1.88, ""normalized_rounded"": 2}, ""she"": {""actual_score"": 91.0, ""normalized_score"": 1.82, ""normalized_rounded"": 2}, ""loves"": {""actual_score"": 97.0, ""normalized_score"": 1.94, ""normalized_rounded"": 2}, ""to"": {""actual_score"": 91.0, ""normalized_score"": 1.82, ""normalized_rounded"": 2}, ""draw"": {""actual_score"": 91.0, ""normalized_score"": 1.82, ""normalized_rounded"": 2}, ""faiz"": {""actual_score"": 68.0, ""normalized_score"": 1.36, ""normalized_rounded"": 1}, ""he"": {""actual_score"": 97.0, ""normalized_score"": 1.94, ""normalized_rounded"": 2}, ""build"": {""actual_score"": 88.0, ""normalized_score"": 1.76, ""normalized_rounded"": 2}, ""things"": {""actual_score"": 73.0, ""normalized_score"": 1.46, ""normalized_rounded"": 1}}",8.26,anum,,1524203,4248,7982,2025-07-25 10:21:17.107,grade1_profile28429_q3_QK_20251122_101834.mp3,https://drive.google.com/file/d/1yNh9BJ03VJKwjgLHiQrMvAdoGc1Md_Ab/view?usp=drivesdk,8.26,Rawalpindi,Grammar School Rawalpindi,This is Zara. She loves to draw. This is Faiz. He loves to build things. ,1
28474,Come on. We can do it together.,1,,pre,Come on We can do it together,Come on we can do it together,14.0,14,"{""come"": 2, ""on"": 2, ""we"": 2, ""can"": 2, ""do"": 2, ""it"": 2, ""together"": 2}","{""come"": {""actual_score"": 68.0, ""normalized_score"": 1.36, ""normalized_rounded"": 1}, ""on"": {""actual_score"": 50.0, ""normalized_score"": 1.0, ""normalized_rounded"": 1}, ""we"": {""actual_score"": 55.0, ""normalized_score"": 1.1, ""normalized_rounded"": 1}, ""can"": {""actual_score"": 70.0, ""normalized_score"": 1.4, ""normalized_rounded"": 1}, ""do"": {""actual_score"": 82.0, ""normalized_score"": 1.64, ""normalized_rounded"": 2}, ""it"": {""actual_score"": 91.0, ""normalized_score"": 1.82, ""normalized_rounded"": 2}, ""together"": {""actual_score"": 88.0, ""normalized_score"": 1.76, ""normalized_rounded"": 2}}",5.41,rehma,,1021194,3167,6675,2025-06-25 06:35:03.033,grade1_profile28474_q1_LP_20251122_095026.mp3,https://drive.google.com/file/d/1otR4XqLtsOjbYvfCmw8MB14O-frdRRji/view?usp=drivesdk,5.41,Rawalpindi,Grammar School Rawalpindi,Come on. We can do it  together.,1
28474,It's locked. I can open it.,2,,pre,It's lockedd I can open it,It's locked i can open it,11.0,12,"{""it's"": 2, ""locked"": 1, ""i"": 2, ""can"": 2, ""open"": 2, ""it"": 2}","{""it's"": {""actual_score"": 88.0, ""normalized_score"": 1.76, ""normalized_rounded"": 2}, ""locked"": {""actual_score"": 59.0, ""normalized_score"": 1.18, ""normalized_rounded"": 1}, ""i"": {""actual_score"": 94.0, ""normalized_score"": 1.88, ""normalized_rounded"": 2}, ""can"": {""actual_score"": 94.0, ""normalized_score"": 1.88, ""normalized_rounded"": 2}, ""open"": {""actual_score"": 91.0, ""normalized_score"": 1.82, ""normalized_rounded"": 2}, ""it"": {""actual_score"": 91.0, ""normalized_score"": 1.82, ""normalized_rounded"": 2}}",4.17,anum,,1021492,3167,6674,2025-06-25 06:56:52.937,grade1_profile28474_q2_LP_20251122_100201.mp3,https://drive.google.com/file/d/1ZgyZ8bXq_MTSH3anycfJMNPi6mBzfVoA/view?usp=drivesdk,4.17,Rawalpindi,Grammar School Rawalpindi,It's locked. I can open it. ,1
28474,This is Zara. She loves to draw. This is Faiz. He loves to build things.,3,,post,This is Zara She loves to draw This is Faiz He loves to build things,This is zara she loves to draw this is faiz he loves to build things,0.0,0,{},"{""this"": {""actual_score"": 97.0, ""normalized_score"": 1.94, ""normalized_rounded"": 2}, ""is"": {""actual_score"": 97.0, ""normalized_score"": 1.94, ""normalized_rounded"": 2}, ""zara"": {""actual_score"": 91.0, ""normalized_score"": 1.82, ""normalized_rounded"": 2}, ""she"": {""actual_score"": 91.0, ""normalized_score"": 1.82, ""normalized_rounded"": 2}, ""loves"": {""actual_score"": 97.0, ""normalized_score"": 1.94, ""normalized_rounded"": 2}, ""to"": {""actual_score"": 91.0, ""normalized_score"": 1.82, ""normalized_rounded"": 2}, ""draw"": {""actual_score"": 91.0, ""normalized_score"": 1.82, ""normalized_rounded"": 2}, ""faiz"": {""actual_score"": 50.0, ""normalized_score"": 1.0, ""normalized_rounded"": 1}, ""he"": {""actual_score"": 100.0, ""normalized_score"": 2.0, ""normalized_rounded"": 2}, ""build"": {""actual_score"": 85.0, ""normalized_score"": 1.7, ""normalized_rounded"": 2}, ""things"": {""actual_score"": 91.0, ""normalized_score"": 1.82, ""normalized_rounded"": 2}}",6.16,anum,Mother has recorded. Doesn't sound like a child.,1577444,4248,7982,2025-07-29 02:42:24.206,grade1_profile28474_q3_QK_20251122_101834.mp3,https://drive.google.com/file/d/1EoPbrOV2nGQFbAo8Aqjcg3io5CX46HWB/view?usp=drivesdk,6.16,Rawalpindi,Grammar School Rawalpindi,This is Zara. She loves to draw. This is Faiz. He loves to build things. ,1
30695,Come on. We can do it together.,1,,pre,Come on We can do it dogather,Come on come on together together,0.0,0,{},"{""come"": {""actual_score"": 76.0, ""normalized_score"": 1.52, ""normalized_rounded"": 2}, ""on"": {""actual_score"": 80.0, ""normalized_score"": 1.6, ""normalized_rounded"": 2}, ""together"": {""actual_score"": 11.0, ""normalized_score"": 0.22, ""normalized_rounded"": 0}}",7.58,rehma,e1,1021382,3167,6675,2025-06-25 06:48:05.475,grade1_profile30695_q1_LP_20251122_095026.mp3,https://drive.google.com/file/d/1btZdmAa22j_yAE8DAQ1I7qAUyrMbOtKg/view?usp=drivesdk,7.58,Rawalpindi,"Govt Girls Elementary School (Jalyari Bhi Khan, Markaz Mandra, Tehsil Gujarkhan)",Come on. We can do it  together.,1
30695,It's locked. I can open it.,2,,pre,Its laww I can opan it,It's locked i can open it,9.0,12,"{""it's"": 2, ""locked"": 0, ""i"": 2, ""can"": 2, ""open"": 1, ""it"": 2}","{""it's"": {""actual_score"": 70.0, ""normalized_score"": 1.4, ""normalized_rounded"": 1}, ""locked"": {""actual_score"": 4.0, ""normalized_score"": 0.08, ""normalized_rounded"": 0}, ""i"": {""actual_score"": 57.0, ""normalized_score"": 1.14, ""normalized_rounded"": 1}, ""can"": {""actual_score"": 79.0, ""normalized_score"": 1.58, ""normalized_rounded"": 2}, ""open"": {""actual_score"": 82.0, ""normalized_score"": 1.64, ""normalized_rounded"": 2}, ""it"": {""actual_score"": 88.0, ""normalized_score"": 1.76, ""normalized_rounded"": 2}}",3.29,anum,,1021398,3167,6674,2025-06-25 06:48:41.548,grade1_profile30695_q2_LP_20251122_100201.mp3,https://drive.google.com/file/d/1NoGVg7Lhzv1314mB742CP6uyHH2YUTuV/view?usp=drivesdk,3.29,Rawalpindi,"Govt Girls Elementary School (Jalyari Bhi Khan, Markaz Mandra, Tehsil Gujarkhan)",It's locked. I can open it. ,1
28390,Come on. We can do it together.,1,,pre,Come on We can do it together,Come on we can do it together,14.0,14,"{""come"": 2, ""on"": 2, ""we"": 2, ""can"": 2, ""do"": 2, ""it"": 2, ""together"": 2}","{""come"": {""actual_score"": 79.0, ""normalized_score"": 1.58, ""normalized_rounded"": 2}, ""on"": {""actual_score"": 58.0, ""normalized_score"": 1.16, ""normalized_rounded"": 1}, ""we"": {""actual_score"": 59.0, ""normalized_score"": 1.18, ""normalized_rounded"": 1}, ""can"": {""actual_score"": 73.0, ""normalized_score"": 1.46, ""normalized_rounded"": 1}, ""do"": {""actual_score"": 85.0, ""normalized_score"": 1.7, ""normalized_rounded"": 2}, ""it"": {""actual_score"": 91.0, ""normalized_score"": 1.82, ""normalized_rounded"": 2}, ""together"": {""actual_score"": 85.0, ""normalized_score"": 1.7, ""normalized_rounded"": 2}}",5.25,rehma,,1069951,3167,6675,2025-07-01 08:50:53.540,grade1_profile28390_q1_LP_20251122_095026.mp3,https://drive.google.com/file/d/1N4Dwr0B_nU97UYG86pvo7aqhT7WoAGQ1/view?usp=drivesdk,5.25,Rawalpindi,Vision Montessori And School,Come on. We can do it  together.,1
28390,It's locked. I can open it.,2,,pre,Its locked i can awpen it,It's locked i can open it,11.0,12,"{""it's"": 2, ""locked"": 2, ""i"": 2, ""can"": 2, ""open"": 1, ""it"": 2}","{""it's"": {""actual_score"": 97.0, ""normalized_score"": 1.94, ""normalized_rounded"": 2}, ""locked"": {""actual_score"": 79.0, ""normalized_score"": 1.58, ""normalized_rounded"": 2}, ""i"": {""actual_score"": 94.0, ""normalized_score"": 1.88, ""normalized_rounded"": 2}, ""can"": {""actual_score"": 94.0, ""normalized_score"": 1.88, ""normalized_rounded"": 2}, ""open"": {""actual_score"": 94.0, ""normalized_score"": 1.88, ""normalized_rounded"": 2}, ""it"": {""actual_score"": 94.0, ""normalized_score"": 1.88, ""normalized_rounded"": 2}}",3.88,semal,,1069981,3167,6674,2025-07-01 08:51:31.212,grade1_profile28390_q2_LP_20251122_100201.mp3,https://drive.google.com/file/d/1_vnqtUSjmr3mfSHQ9r2r4b5e46FC9W75/view?usp=drivesdk,3.88,Rawalpindi,Vision Montessori And School,It's locked. I can open it. ,1
28390,Come on. We can do it together.,1,,post,Come on we can do it together,Come on we can do it together,14.0,14,"{""come"": 2, ""on"": 2, ""we"": 2, ""can"": 2, ""do"": 2, ""it"": 2, ""together"": 2}","{""come"": {""actual_score"": 85.0, ""normalized_score"": 1.7, ""normalized_rounded"": 2}, ""on"": {""actual_score"": 88.0, ""normalized_score"": 1.76, ""normalized_rounded"": 2}, ""we"": {""actual_score"": 91.0, ""normalized_score"": 1.82, ""normalized_rounded"": 2}, ""can"": {""actual_score"": 97.0, ""normalized_score"": 1.94, ""normalized_rounded"": 2}, ""do"": {""actual_score"": 94.0, ""normalized_score"": 1.88, ""normalized_rounded"": 2}, ""it"": {""actual_score"": 91.0, ""normalized_score"": 1.82, ""normalized_rounded"": 2}, ""together"": {""actual_score"": 88.0, ""normalized_score"": 1.76, ""normalized_rounded"": 2}}",2.45,salman,Sibling speaking,1521192,4248,7979,2025-07-25 09:09:50.707,grade1_profile28390_q1_QK_20251122_095622.mp3,https://drive.google.com/file/d/1UgI0N36mcqoQwMfD1RdrRnKkn0mTOXnu/view?usp=drivesdk,2.45,Rawalpindi,Vision Montessori And School,Come on. We can do it  together.,1
31206,Come on. We can do it together.,1,,pre,Come on We can do it to gaather,Come on we can do it together,13.0,14,"{""come"": 2, ""on"": 2, ""we"": 2, ""can"": 2, ""do"": 2, ""it"": 2, ""together"": 1}","{""come"": {""actual_score"": 85.0, ""normalized_score"": 1.7, ""normalized_rounded"": 2}, ""on"": {""actual_score"": 65.0, ""normalized_score"": 1.3, ""normalized_rounded"": 1}, ""we"": {""actual_score"": 55.0, ""normalized_score"": 1.1, ""normalized_rounded"": 1}, ""can"": {""actual_score"": 82.0, ""normalized_score"": 1.64, ""normalized_rounded"": 2}, ""do"": {""actual_score"": 91.0, ""normalized_score"": 1.82, ""normalized_rounded"": 2}, ""it"": {""actual_score"": 88.0, ""normalized_score"": 1.76, ""normalized_rounded"": 2}, ""together"": {""actual_score"": 9.0, ""normalized_score"": 0.18, ""normalized_rounded"": 0}}",6.48,rehma,,1082434,3167,6675,2025-07-02 06:46:46.891,grade1_profile31206_q1_LP_20251122_095026.mp3,https://drive.google.com/file/d/1KDBveWgBxyf5lZEP1U8eSfIj6akL1UtC/view?usp=drivesdk,6.48,,Wisdom School System,Come on. We can do it  together.,1
31206,It's locked. I can open it.,2,,pre,It's locked I can open it,It's locked i can open it,12.0,12,"{""it's"": 2, ""locked"": 2, ""i"": 2, ""can"": 2, ""open"": 2, ""it"": 2}","{""it's"": {""actual_score"": 94.0, ""normalized_score"": 1.88, ""normalized_rounded"": 2}, ""locked"": {""actual_score"": 76.0, ""normalized_score"": 1.52, ""normalized_rounded"": 2}, ""i"": {""actual_score"": 85.0, ""normalized_score"": 1.7, ""normalized_rounded"": 2}, ""can"": {""actual_score"": 91.0, ""normalized_score"": 1.82, ""normalized_rounded"": 2}, ""open"": {""actual_score"": 85.0, ""normalized_score"": 1.7, ""normalized_rounded"": 2}, ""it"": {""actual_score"": 94.0, ""normalized_score"": 1.88, ""normalized_rounded"": 2}}",5.93,salman,,1082500,3167,6674,2025-07-02 06:49:13.541,grade1_profile31206_q2_LP_20251122_100201.mp3,https://drive.google.com/file/d/14X8AK0kDgYIkGHh0pLiAdGQTF0uwOw4w/view?usp=drivesdk,5.93,,Wisdom School System,It's locked. I can open it. ,1
31206,This is Zara. She loves to draw. This is Faiz. He loves to build things.,3,,pre,This is Zara She loves to draw This is Faiz He loves to build things,This is zara she loves to draw this is faiz he loves to build things,26.0,30,"{""this"": 2, ""is"": 2, ""zara"": 2, ""she"": 2, ""loves"": 1, ""to"": 2, ""draw"": 1, ""this.1"": 2, ""is.1"": 2, ""faiz"": 2, ""he"": 2, ""loves.1"": 1, ""to.1"": 2, ""build"": 2, ""things"": 1}","{""this"": {""actual_score"": 88.0, ""normalized_score"": 1.76, ""normalized_rounded"": 2}, ""is"": {""actual_score"": 73.0, ""normalized_score"": 1.46, ""normalized_rounded"": 1}, ""zara"": {""actual_score"": 73.0, ""normalized_score"": 1.46, ""normalized_rounded"": 1}, ""she"": {""actual_score"": 76.0, ""normalized_score"": 1.52, ""normalized_rounded"": 2}, ""loves"": {""actual_score"": 94.0, ""normalized_score"": 1.88, ""normalized_rounded"": 2}, ""to"": {""actual_score"": 70.0, ""normalized_score"": 1.4, ""normalized_rounded"": 1}, ""draw"": {""actual_score"": 44.0, ""normalized_score"": 0.88, ""normalized_rounded"": 1}, ""faiz"": {""actual_score"": 63.0, ""normalized_score"": 1.26, ""normalized_rounded"": 1}, ""he"": {""actual_score"": 91.0, ""normalized_score"": 1.82, ""normalized_rounded"": 2}, ""build"": {""actual_score"": 88.0, ""normalized_score"": 1.76, ""normalized_rounded"": 2}, ""things"": {""actual_score"": 58.0, ""normalized_score"": 1.16, ""normalized_rounded"": 1}}",15.08,salman,,1082722,3167,6677,2025-07-02 06:57:25.092,grade1_profile31206_q3_LP_20251122_101304.mp3,https://drive.google.com/file/d/1LXVq5gv82jQipBMdWbaeay-BiQ0ro7aO/view?usp=drivesdk,15.08,,Wisdom School System,This is Zara. She loves to draw. This is Faiz. He loves to build things. ,1
31206,This is Zara. She loves to draw. This is Faiz. He loves to build things.,3,,post,This is Zara She loves to draw This is Faiz He loves to bulid things,This is zara she loves to draw this is faiz she loves to build things,29.0,30,"{""this"": 2, ""is"": 2, ""zara"": 2, ""she"": 2, ""loves"": 2, ""to"": 2, ""draw"": 2, ""this.1"": 2, ""is.1"": 2, ""faiz"": 2, ""he"": 2, ""loves.1"": 2, ""to.1"": 2, ""build"": 1, ""things"": 2}","{""this"": {""actual_score"": 97.0, ""normalized_score"": 1.94, ""normalized_rounded"": 2}, ""is"": {""actual_score"": 94.0, ""normalized_score"": 1.88, ""normalized_rounded"": 2}, ""zara"": {""actual_score"": 88.0, ""normalized_score"": 1.76, ""normalized_rounded"": 2}, ""she"": {""actual_score"": 94.0, ""normalized_score"": 1.88, ""normalized_rounded"": 2}, ""loves"": {""actual_score"": 94.0, ""normalized_score"": 1.88, ""normalized_rounded"": 2}, ""to"": {""actual_score"": 94.0, ""normalized_score"": 1.88, ""normalized_rounded"": 2}, ""draw"": {""actual_score"": 97.0, ""normalized_score"": 1.94, ""normalized_rounded"": 2}, ""faiz"": {""actual_score"": 94.0, ""normalized_score"": 1.88, ""normalized_rounded"": 2}, ""build"": {""actual_score"": 9.0, ""normalized_score"": 0.18, ""normalized_rounded"": 0}, ""things"": {""actual_score"": 22.0, ""normalized_score"": 0.44, ""normalized_rounded"": 0}}",4.44,salman,Parent Speaking,1522695,4248,7982,2025-07-25 09:42:29.910,grade1_profile31206_q3_QK_20251122_101834.mp3,https://drive.google.com/file/d/1Y2XMAQguNYQxSv_eTTKCjATC5IYXp0RI/view?usp=drivesdk,4.44,,Wisdom School System,This is Zara. She loves to draw. This is Faiz. He loves to build things. ,1
30665,It's locked. I can open it.,2,,pre,It's lock I can open it,It's locked locked i can open it i can open it,11.0,12,"{""it's"": 2, ""locked"": 1, ""i"": 2, ""can"": 2, ""open"": 2, ""it"": 2}","{""it's"": {""actual_score"": 49.0, ""normalized_score"": 0.98, ""normalized_rounded"": 1}, ""locked"": {""actual_score"": 62.0, ""normalized_score"": 1.24, ""normalized_rounded"": 1}, ""i"": {""actual_score"": 91.0, ""normalized_score"": 1.82, ""normalized_rounded"": 2}, ""can"": {""actual_score"": 68.0, ""normalized_score"": 1.36, ""normalized_rounded"": 1}, ""open"": {""actual_score"": 79.0, ""normalized_score"": 1.58, ""normalized_rounded"": 2}, ""it"": {""actual_score"": 88.0, ""normalized_score"": 1.76, ""normalized_rounded"": 2}}",2.62,salman,Parent helping in background,1140379,3167,6674,2025-07-07 14:02:42.959,grade1_profile30665_q2_LP_20251122_100201.mp3,https://drive.google.com/file/d/1a50Xf-YGzQa6SRCLpGYyyNcEr0VKPmv9/view?usp=drivesdk,2.62,Faisalabad,Oxford Grammar School,It's locked. I can open it. ,1
30665,This is Zara. She loves to draw. This is Faiz. He loves to build things.,3,,pre,This is Zara She loves to draw This is Faiz He loves to build thing,This is zara she loves he loves to draw this is faiz this is faiz he loves to build things,23.0,30,"{""this"": 2, ""is"": 2, ""zara"": 2, ""she"": 2, ""loves"": 0, ""to"": 2, ""draw"": 2, ""this.1"": 2, ""is.1"": 2, ""faiz"": 0, ""he"": 2, ""loves.1"": 0, ""to.1"": 2, ""build"": 2, ""things"": 1}","{""this"": {""actual_score"": 97.0, ""normalized_score"": 1.94, ""normalized_rounded"": 2}, ""is"": {""actual_score"": 94.0, ""normalized_score"": 1.88, ""normalized_rounded"": 2}, ""zara"": {""actual_score"": 88.0, ""normalized_score"": 1.76, ""normalized_rounded"": 2}, ""she"": {""actual_score"": 73.0, ""normalized_score"": 1.46, ""normalized_rounded"": 1}, ""loves"": {""actual_score"": 94.0, ""normalized_score"": 1.88, ""normalized_rounded"": 2}, ""he"": {""actual_score"": 88.0, ""normalized_score"": 1.76, ""normalized_rounded"": 2}, ""to"": {""actual_score"": 80.0, ""normalized_score"": 1.6, ""normalized_rounded"": 2}, ""draw"": {""actual_score"": 24.0, ""normalized_score"": 0.48, ""normalized_rounded"": 0}, ""faiz"": {""actual_score"": 73.0, ""normalized_score"": 1.46, ""normalized_rounded"": 1}, ""build"": {""actual_score"": 88.0, ""normalized_score"": 1.76, ""normalized_rounded"": 2}, ""things"": {""actual_score"": 57.0, ""normalized_score"": 1.14, ""normalized_rounded"": 1}}",7.59,salman,Sibling helping in reading,1140390,3167,6677,2025-07-07 14:04:16.944,grade1_profile30665_q3_LP_20251122_101304.mp3,https://drive.google.com/file/d/1KRmCUCGeLm95eLoYeb4JTx2wWMgx-OfH/view?usp=drivesdk,7.59,Faisalabad,Oxford Grammar School,This is Zara. She loves to draw. This is Faiz. He loves to build things. ,1
30665,Come on. We can do it together.,1,,post,Come on We can do it together,Come on we can do it together,14.0,14,"{""come"": 2, ""on"": 2, ""we"": 2, ""can"": 2, ""do"": 2, ""it"": 2, ""together"": 2}","{""come"": {""actual_score"": 68.0, ""normalized_score"": 1.36, ""normalized_rounded"": 1}, ""on"": {""actual_score"": 51.0, ""normalized_score"": 1.02, ""normalized_rounded"": 1}, ""we"": {""actual_score"": 91.0, ""normalized_score"": 1.82, ""normalized_rounded"": 2}, ""can"": {""actual_score"": 82.0, ""normalized_score"": 1.64, ""normalized_rounded"": 2}, ""do"": {""actual_score"": 91.0, ""normalized_score"": 1.82, ""normalized_rounded"": 2}, ""it"": {""actual_score"": 97.0, ""normalized_score"": 1.94, ""normalized_rounded"": 2}, ""together"": {""actual_score"": 9.0, ""normalized_score"": 0.18, ""normalized_rounded"": 0}}",2.79,rehma,,1530438,4248,7979,2025-07-25 13:42:18.118,grade1_profile30665_q1_QK_20251122_095622.mp3,https://drive.google.com/file/d/1iDsP_Dcry3JE2wwU_e99y045pGWj6NuT/view?usp=drivesdk,2.79,Faisalabad,Oxford Grammar School,Come on. We can do it  together.,1
28402,Come on. We can do it together.,1,,pre,Come on We can do it toogather,Come on do it together,13.0,14,"{""come"": 2, ""on"": 2, ""we"": 2, ""can"": 2, ""do"": 2, ""it"": 2, ""together"": 1}","{""come"": {""actual_score"": 17.0, ""normalized_score"": 0.34, ""normalized_rounded"": 0}, ""on"": {""actual_score"": 49.0, ""normalized_score"": 0.98, ""normalized_rounded"": 1}, ""do"": {""actual_score"": 85.0, ""normalized_score"": 1.7, ""normalized_rounded"": 2}, ""it"": {""actual_score"": 94.0, ""normalized_score"": 1.88, ""normalized_rounded"": 2}, ""together"": {""actual_score"": 65.0, ""normalized_score"": 1.3, ""normalized_rounded"": 1}}",6.85,anum,The kid spoke slowly. Seemed like someone was helping in the background.,1031636,3167,6675,2025-06-26 11:17:44.494,grade1_profile28402_q1_LP_20251122_095026.mp3,https://drive.google.com/file/d/1_DJiv9w9iKb9Czmec61FCluJJndcHTIw/view?usp=drivesdk,6.85,Rawalpindi,"Govt Girls Elementary School (Jalyari Bhi Khan, Markaz Mandra, Tehsil Gujarkhan)",Come on. We can do it  together.,1
28402,This is Zara. She loves to draw. This is Faiz. He loves to build things.,3,,pre,This is Zara She loves to drawwwiee This is Faizan He loved to baidling,This is zara she loves to draw he loves to build things,22.0,30,"{""this"": 2, ""is"": 2, ""zara"": 2, ""she"": 2, ""loves"": 2, ""to"": 2, ""draw"": 1, ""this.1"": 2, ""is.1"": 2, ""faiz"": 0, ""he"": 2, ""loves.1"": 1, ""to.1"": 2, ""build"": 0, ""things"": 0}","{""this"": {""actual_score"": 69.0, ""normalized_score"": 1.38, ""normalized_rounded"": 1}, ""is"": {""actual_score"": 80.0, ""normalized_score"": 1.6, ""normalized_rounded"": 2}, ""zara"": {""actual_score"": 49.0, ""normalized_score"": 0.98, ""normalized_rounded"": 1}, ""she"": {""actual_score"": 37.0, ""normalized_score"": 0.74, ""normalized_rounded"": 1}, ""loves"": {""actual_score"": 94.0, ""normalized_score"": 1.88, ""normalized_rounded"": 2}, ""to"": {""actual_score"": 80.0, ""normalized_score"": 1.6, ""normalized_rounded"": 2}, ""draw"": {""actual_score"": 31.0, ""normalized_score"": 0.62, ""normalized_rounded"": 1}, ""he"": {""actual_score"": 79.0, ""normalized_score"": 1.58, ""normalized_rounded"": 2}, ""build"": {""actual_score"": 6.0, ""normalized_score"": 0.12, ""normalized_rounded"": 0}, ""things"": {""actual_score"": 76.0, ""normalized_score"": 1.52, ""normalized_rounded"": 2}}",13.4,anum,Mother prompted in the beginning. Seemed like the mother might be prompting in between the audio recording but the audio sound is very low to clearly understand.,1031887,3167,6677,2025-06-26 12:04:05.523,grade1_profile28402_q3_LP_20251122_101304.mp3,https://drive.google.com/file/d/199kVgLyL9DAwmJJARG5pyfBmqrVcADGF/view?usp=drivesdk,13.4,Rawalpindi,"Govt Girls Elementary School (Jalyari Bhi Khan, Markaz Mandra, Tehsil Gujarkhan)",This is Zara. She loves to draw. This is Faiz. He loves to build things. ,1
28402,Come on. We can do it together.,1,,post,Come on We can do it to,Come on we can do it,12.0,14,"{""come"": 2, ""on"": 2, ""we"": 2, ""can"": 2, ""do"": 2, ""it"": 2, ""together"": 0}","{""come"": {""actual_score"": 17.0, ""normalized_score"": 0.34, ""normalized_rounded"": 0}, ""on"": {""actual_score"": 79.0, ""normalized_score"": 1.58, ""normalized_rounded"": 2}, ""we"": {""actual_score"": 56.0, ""normalized_score"": 1.12, ""normalized_rounded"": 1}, ""can"": {""actual_score"": 50.0, ""normalized_score"": 1.0, ""normalized_rounded"": 1}, ""do"": {""actual_score"": 82.0, ""normalized_score"": 1.64, ""normalized_rounded"": 2}, ""it"": {""actual_score"": 91.0, ""normalized_score"": 1.82, ""normalized_rounded"": 2}}",1.95,ali,,1506268,4248,7979,2025-07-25 03:28:10.334,grade1_profile28402_q1_QK_20251122_095622.mp3,https://drive.google.com/file/d/1y-GZQTfXZYciE_C6XDDE1uPUqgsiLgb6/view?usp=drivesdk,1.95,Rawalpindi,"Govt Girls Elementary School (Jalyari Bhi Khan, Markaz Mandra, Tehsil Gujarkhan)",Come on. We can do it  together.,1
28402,It's locked. I can open it.,2,,post,It's lock I can open,It's locked i can open,8.0,12,"{""it's"": 2, ""locked"": 0, ""i"": 2, ""can"": 2, ""open"": 2, ""it"": 0}","{""it's"": {""actual_score"": 26.0, ""normalized_score"": 0.52, ""normalized_rounded"": 1}, ""locked"": {""actual_score"": 52.0, ""normalized_score"": 1.04, ""normalized_rounded"": 1}, ""i"": {""actual_score"": 91.0, ""normalized_score"": 1.82, ""normalized_rounded"": 2}, ""can"": {""actual_score"": 88.0, ""normalized_score"": 1.76, ""normalized_rounded"": 2}, ""open"": {""actual_score"": 6.0, ""normalized_score"": 0.12, ""normalized_rounded"": 0}}",2.48,ali,,1506295,4248,7983,2025-07-25 03:28:52.563,grade1_profile28402_q2_QK_20251122_100724.mp3,https://drive.google.com/file/d/12VIwZXawugg7eaBo7KIVJm9UcK5hP_G1/view?usp=drivesdk,2.48,Rawalpindi,"Govt Girls Elementary School (Jalyari Bhi Khan, Markaz Mandra, Tehsil Gujarkhan)",It's locked. I can open it. ,1
28402,This is Zara. She loves to draw. This is Faiz. He loves to build things.,3,,post,This is Zara She loves to draw This is Faizan He love to building things,This is zara she loves to draw this is faiz he loves to,26.0,30,"{""this"": 2, ""is"": 2, ""zara"": 2, ""she"": 2, ""loves"": 1, ""to"": 2, ""draw"": 2, ""this.1"": 2, ""is.1"": 2, ""faiz"": 1, ""he"": 2, ""loves.1"": 1, ""to.1"": 2, ""build"": 2, ""things"": 1}","{""this"": {""actual_score"": 88.0, ""normalized_score"": 1.76, ""normalized_rounded"": 2}, ""is"": {""actual_score"": 85.0, ""normalized_score"": 1.7, ""normalized_rounded"": 2}, ""zara"": {""actual_score"": 68.0, ""normalized_score"": 1.36, ""normalized_rounded"": 1}, ""she"": {""actual_score"": 60.0, ""normalized_score"": 1.2, ""normalized_rounded"": 1}, ""loves"": {""actual_score"": 94.0, ""normalized_score"": 1.88, ""normalized_rounded"": 2}, ""to"": {""actual_score"": 82.0, ""normalized_score"": 1.64, ""normalized_rounded"": 2}, ""draw"": {""actual_score"": 44.0, ""normalized_score"": 0.88, ""normalized_rounded"": 1}, ""faiz"": {""actual_score"": 44.0, ""normalized_score"": 0.88, ""normalized_rounded"": 1}, ""he"": {""actual_score"": 91.0, ""normalized_score"": 1.82, ""normalized_rounded"": 2}}",7.29,salman,,1506341,4248,7982,2025-07-25 03:31:09.302,grade1_profile28402_q3_QK_20251122_101834.mp3,https://drive.google.com/file/d/14gPJCHz5RX7kS6M0U5pL23T28VeRjJ_5/view?usp=drivesdk,7.29,Rawalpindi,"Govt Girls Elementary School (Jalyari Bhi Khan, Markaz Mandra, Tehsil Gujarkhan)",This is Zara. She loves to draw. This is Faiz. He loves to build things. ,1
28450,Come on. We can do it together.,1,,post,Come on We can do it together,Come on we can do it together,14.0,14,"{""come"": 2, ""on"": 2, ""we"": 2, ""can"": 2, ""do"": 2, ""it"": 2, ""together"": 2}","{""come"": {""actual_score"": 97.0, ""normalized_score"": 1.94, ""normalized_rounded"": 2}, ""on"": {""actual_score"": 97.0, ""normalized_score"": 1.94, ""normalized_rounded"": 2}, ""we"": {""actual_score"": 100.0, ""normalized_score"": 2.0, ""normalized_rounded"": 2}, ""can"": {""actual_score"": 100.0, ""normalized_score"": 2.0, ""normalized_rounded"": 2}, ""do"": {""actual_score"": 100.0, ""normalized_score"": 2.0, ""normalized_rounded"": 2}, ""it"": {""actual_score"": 100.0, ""normalized_score"": 2.0, ""normalized_rounded"": 2}, ""together"": {""actual_score"": 94.0, ""normalized_score"": 1.88, ""normalized_rounded"": 2}}",2.54,ali,Parent speaking,1530421,4248,7979,2025-07-25 13:41:43.046,grade1_profile28450_q1_QK_20251122_095622.mp3,https://drive.google.com/file/d/1brY9FsGH857YBgXuV481eV8GEvztaWlM/view?usp=drivesdk,2.54,Rawalpindi,Grammar School Rawalpindi,Come on. We can do it  together.,1
28450,This is Zara. She loves to draw. This is Faiz. He loves to build things.,3,,post,This is Zara She loves to draw This is Faiz He loves to build things,This is zara she loves to draw this is faiz he loves to build things,30.0,30,"{""this"": 2, ""is"": 2, ""zara"": 2, ""she"": 2, ""loves"": 2, ""to"": 2, ""draw"": 2, ""this.1"": 2, ""is.1"": 2, ""faiz"": 2, ""he"": 2, ""loves.1"": 2, ""to.1"": 2, ""build"": 2, ""things"": 2}","{""this"": {""actual_score"": 97.0, ""normalized_score"": 1.94, ""normalized_rounded"": 2}, ""is"": {""actual_score"": 97.0, ""normalized_score"": 1.94, ""normalized_rounded"": 2}, ""zara"": {""actual_score"": 91.0, ""normalized_score"": 1.82, ""normalized_rounded"": 2}, ""she"": {""actual_score"": 97.0, ""normalized_score"": 1.94, ""normalized_rounded"": 2}, ""loves"": {""actual_score"": 97.0, ""normalized_score"": 1.94, ""normalized_rounded"": 2}, ""to"": {""actual_score"": 97.0, ""normalized_score"": 1.94, ""normalized_rounded"": 2}, ""draw"": {""actual_score"": 97.0, ""normalized_score"": 1.94, ""normalized_rounded"": 2}, ""faiz"": {""actual_score"": 88.0, ""normalized_score"": 1.76, ""normalized_rounded"": 2}, ""he"": {""actual_score"": 100.0, ""normalized_score"": 2.0, ""normalized_rounded"": 2}, ""build"": {""actual_score"": 94.0, ""normalized_score"": 1.88, ""normalized_rounded"": 2}, ""things"": {""actual_score"": 94.0, ""normalized_score"": 1.88, ""normalized_rounded"": 2}}",5.34,salman,Parent Speaking,1530446,4248,7982,2025-07-25 13:42:23.843,grade1_profile28450_q3_QK_20251122_101834.mp3,https://drive.google.com/file/d/1_oz00uApHYfDOpRmUKxY0dUw1bar_4mv/view?usp=drivesdk,5.34,Rawalpindi,Grammar School Rawalpindi,This is Zara. She loves to draw. This is Faiz. He loves to build things. ,1
28475,This is Zara. She loves to draw. This is Faiz. He loves to build things.,3,,pre,This his is Zara She loves to  This is Faiz He loves to build things,This is zara she loves to draw is loves he loves to build things,28.0,30,"{""this"": 2, ""is"": 2, ""zara"": 2, ""she"": 2, ""loves"": 2, ""to"": 2, ""draw"": 0, ""this.1"": 2, ""is.1"": 2, ""faiz"": 2, ""he"": 2, ""loves.1"": 2, ""to.1"": 2, ""build"": 2, ""things"": 2}","{""this"": {""actual_score"": 85.0, ""normalized_score"": 1.7, ""normalized_rounded"": 2}, ""is"": {""actual_score"": 88.0, ""normalized_score"": 1.76, ""normalized_rounded"": 2}, ""zara"": {""actual_score"": 49.0, ""normalized_score"": 0.98, ""normalized_rounded"": 1}, ""she"": {""actual_score"": 73.0, ""normalized_score"": 1.46, ""normalized_rounded"": 1}, ""loves"": {""actual_score"": 94.0, ""normalized_score"": 1.88, ""normalized_rounded"": 2}, ""to"": {""actual_score"": 76.0, ""normalized_score"": 1.52, ""normalized_rounded"": 2}, ""draw"": {""actual_score"": 88.0, ""normalized_score"": 1.76, ""normalized_rounded"": 2}, ""he"": {""actual_score"": 79.0, ""normalized_score"": 1.58, ""normalized_rounded"": 2}, ""build"": {""actual_score"": 9.0, ""normalized_score"": 0.18, ""normalized_rounded"": 0}, ""things"": {""actual_score"": 90.0, ""normalized_score"": 1.8, ""normalized_rounded"": 2}}",24.77,salman,Parent helping,1068755,3167,6677,2025-07-01 08:18:51.331,grade1_profile28475_q3_LP_20251122_101304.mp3,https://drive.google.com/file/d/1TSEe00H_1lsX944TiMhNEjJPzG7wNhb9/view?usp=drivesdk,24.77,Rawalpindi,Grammar School Rawalpindi,This is Zara. She loves to draw. This is Faiz. He loves to build things. ,1
28475,Come on. We can do it together.,1,,post,Come on We can do it toogether,Come on we can do it together,13.0,14,"{""come"": 2, ""on"": 2, ""we"": 2, ""can"": 2, ""do"": 2, ""it"": 2, ""together"": 1}","{""come"": {""actual_score"": 76.0, ""normalized_score"": 1.52, ""normalized_rounded"": 2}, ""on"": {""actual_score"": 91.0, ""normalized_score"": 1.82, ""normalized_rounded"": 2}, ""we"": {""actual_score"": 97.0, ""normalized_score"": 1.94, ""normalized_rounded"": 2}, ""can"": {""actual_score"": 91.0, ""normalized_score"": 1.82, ""normalized_rounded"": 2}, ""do"": {""actual_score"": 94.0, ""normalized_score"": 1.88, ""normalized_rounded"": 2}, ""it"": {""actual_score"": 97.0, ""normalized_score"": 1.94, ""normalized_rounded"": 2}, ""together"": {""actual_score"": 91.0, ""normalized_score"": 1.82, ""normalized_rounded"": 2}}",3.88,anum,,1617826,4248,7979,2025-08-01 09:26:36.096,grade1_profile28475_q1_QK_20251122_095622.mp3,https://drive.google.com/file/d/1ilNl0Irp3KpD2fjtEVYy2DOjdHN2WkjH/view?usp=drivesdk,3.88,Rawalpindi,Grammar School Rawalpindi,Come on. We can do it  together.,1
28475,It's locked. I can open it.,2,,post,locked I can opened it,It's locked i can open it it,8.0,12,"{""it's"": 0, ""locked"": 2, ""i"": 2, ""can"": 2, ""open"": 0, ""it"": 2}","{""it's"": {""actual_score"": 76.0, ""normalized_score"": 1.52, ""normalized_rounded"": 2}, ""locked"": {""actual_score"": 60.0, ""normalized_score"": 1.2, ""normalized_rounded"": 1}, ""i"": {""actual_score"": 88.0, ""normalized_score"": 1.76, ""normalized_rounded"": 2}, ""can"": {""actual_score"": 85.0, ""normalized_score"": 1.7, ""normalized_rounded"": 2}, ""open"": {""actual_score"": 79.0, ""normalized_score"": 1.58, ""normalized_rounded"": 2}, ""it"": {""actual_score"": 88.0, ""normalized_score"": 1.76, ""normalized_rounded"": 2}}",4.43,ali,,1617834,4248,7983,2025-08-01 09:27:07.375,grade1_profile28475_q2_QK_20251122_100724.mp3,https://drive.google.com/file/d/1Cno3GTj01Gs7aVBlZlI_yXr_qC7l72t6/view?usp=drivesdk,4.43,Rawalpindi,Grammar School Rawalpindi,It's locked. I can open it. ,1
28475,This is Zara. She loves to draw. This is Faiz. He loves to build things.,3,,post,This is Zara She love to draw This is Faiz He love to build things,This is zara she loves to draw this is faiz he loves to build things,28.0,30,"{""this"": 2, ""is"": 2, ""zara"": 2, ""she"": 2, ""loves"": 1, ""to"": 2, ""draw"": 2, ""this.1"": 2, ""is.1"": 2, ""faiz"": 2, ""he"": 2, ""loves.1"": 1, ""to.1"": 2, ""build"": 2, ""things"": 2}","{""this"": {""actual_score"": 91.0, ""normalized_score"": 1.82, ""normalized_rounded"": 2}, ""is"": {""actual_score"": 94.0, ""normalized_score"": 1.88, ""normalized_rounded"": 2}, ""zara"": {""actual_score"": 85.0, ""normalized_score"": 1.7, ""normalized_rounded"": 2}, ""she"": {""actual_score"": 82.0, ""normalized_score"": 1.64, ""normalized_rounded"": 2}, ""loves"": {""actual_score"": 94.0, ""normalized_score"": 1.88, ""normalized_rounded"": 2}, ""to"": {""actual_score"": 70.0, ""normalized_score"": 1.4, ""normalized_rounded"": 1}, ""draw"": {""actual_score"": 67.0, ""normalized_score"": 1.34, ""normalized_rounded"": 1}, ""faiz"": {""actual_score"": 9.0, ""normalized_score"": 0.18, ""normalized_rounded"": 0}, ""he"": {""actual_score"": 82.0, ""normalized_score"": 1.64, ""normalized_rounded"": 2}, ""build"": {""actual_score"": 68.0, ""normalized_score"": 1.36, ""normalized_rounded"": 1}, ""things"": {""actual_score"": 76.0, ""normalized_score"": 1.52, ""normalized_rounded"": 2}}",12.78,salman,,1617855,4248,7982,2025-08-01 09:28:28.952,grade1_profile28475_q3_QK_20251122_101834.mp3,https://drive.google.com/file/d/1gUwM4792sxyD7Sv_wZ9ONiC0N2BhVCz5/view?usp=drivesdk,12.78,Rawalpindi,Grammar School Rawalpindi,This is Zara. She loves to draw. This is Faiz. He loves to build things. ,1
30581,This is Zara. She loves to draw. This is Faiz. He loves to build things.,3,,pre,This is Zara She loves to draw This is Faiz He loves to build things,This is zara she loves to draw this is faiz he loves to build things,30.0,30,"{""this"": 2, ""is"": 2, ""zara"": 2, ""she"": 2, ""loves"": 2, ""to"": 2, ""draw"": 2, ""this.1"": 2, ""is.1"": 2, ""faiz"": 2, ""he"": 2, ""loves.1"": 2, ""to.1"": 2, ""build"": 2, ""things"": 2}","{""this"": {""actual_score"": 94.0, ""normalized_score"": 1.88, ""normalized_rounded"": 2}, ""is"": {""actual_score"": 94.0, ""normalized_score"": 1.88, ""normalized_rounded"": 2}, ""zara"": {""actual_score"": 82.0, ""normalized_score"": 1.64, ""normalized_rounded"": 2}, ""she"": {""actual_score"": 76.0, ""normalized_score"": 1.52, ""normalized_rounded"": 2}, ""loves"": {""actual_score"": 94.0, ""normalized_score"": 1.88, ""normalized_rounded"": 2}, ""to"": {""actual_score"": 91.0, ""normalized_score"": 1.82, ""normalized_rounded"": 2}, ""draw"": {""actual_score"": 88.0, ""normalized_score"": 1.76, ""normalized_rounded"": 2}, ""faiz"": {""actual_score"": 52.0, ""normalized_score"": 1.04, ""normalized_rounded"": 1}, ""he"": {""actual_score"": 97.0, ""normalized_score"": 1.94, ""normalized_rounded"": 2}, ""build"": {""actual_score"": 88.0, ""normalized_score"": 1.76, ""normalized_rounded"": 2}, ""things"": {""actual_score"": 79.0, ""normalized_score"": 1.58, ""normalized_rounded"": 2}}",9.62,anum,Mother has acknowledged the kid's reading at the end.,1021215,3167,6677,2025-06-25 06:36:27.363,grade1_profile30581_q3_LP_20251122_101304.mp3,https://drive.google.com/file/d/1HC0hWKLd-0xdGEVcArrF4fbIeHFWsZz6/view?usp=drivesdk,9.62,Lahore,The Punjab School,This is Zara. She loves to draw. This is Faiz. He loves to build things. ,1
30581,Come on. We can do it together.,1,,post,Come on we can do it together,Come on we can do it together,14.0,14,"{""come"": 2, ""on"": 2, ""we"": 2, ""can"": 2, ""do"": 2, ""it"": 2, ""together"": 2}","{""come"": {""actual_score"": 22.0, ""normalized_score"": 0.44, ""normalized_rounded"": 0}, ""on"": {""actual_score"": 80.0, ""normalized_score"": 1.6, ""normalized_rounded"": 2}, ""we"": {""actual_score"": 85.0, ""normalized_score"": 1.7, ""normalized_rounded"": 2}, ""can"": {""actual_score"": 91.0, ""normalized_score"": 1.82, ""normalized_rounded"": 2}, ""do"": {""actual_score"": 91.0, ""normalized_score"": 1.82, ""normalized_rounded"": 2}, ""it"": {""actual_score"": 94.0, ""normalized_score"": 1.88, ""normalized_rounded"": 2}, ""together"": {""actual_score"": 82.0, ""normalized_score"": 1.64, ""normalized_rounded"": 2}}",2.01,semal,,1515667,4248,7979,2025-07-25 07:23:19.920,grade1_profile30581_q1_QK_20251122_095622.mp3,https://drive.google.com/file/d/1dDBXUxsJrtbUrcp7Q7SHPbGDebQDJtfQ/view?usp=drivesdk,2.01,Lahore,The Punjab School,Come on. We can do it  together.,1
30581,This is Zara. She loves to draw. This is Faiz. He loves to build things.,3,,post,This is Zara She loves to draw This is Faiz He loves to build things,This is zara she loves to draw this is faiz he loves to build things,30.0,30,"{""this"": 2, ""is"": 2, ""zara"": 2, ""she"": 2, ""loves"": 2, ""to"": 2, ""draw"": 2, ""this.1"": 2, ""is.1"": 2, ""faiz"": 2, ""he"": 2, ""loves.1"": 2, ""to.1"": 2, ""build"": 2, ""things"": 2}","{""this"": {""actual_score"": 34.0, ""normalized_score"": 0.68, ""normalized_rounded"": 1}, ""is"": {""actual_score"": 80.0, ""normalized_score"": 1.6, ""normalized_rounded"": 2}, ""zara"": {""actual_score"": 68.0, ""normalized_score"": 1.36, ""normalized_rounded"": 1}, ""she"": {""actual_score"": 91.0, ""normalized_score"": 1.82, ""normalized_rounded"": 2}, ""loves"": {""actual_score"": 97.0, ""normalized_score"": 1.94, ""normalized_rounded"": 2}, ""to"": {""actual_score"": 97.0, ""normalized_score"": 1.94, ""normalized_rounded"": 2}, ""draw"": {""actual_score"": 97.0, ""normalized_score"": 1.94, ""normalized_rounded"": 2}, ""faiz"": {""actual_score"": 47.0, ""normalized_score"": 0.94, ""normalized_rounded"": 1}, ""he"": {""actual_score"": 80.0, ""normalized_score"": 1.6, ""normalized_rounded"": 2}, ""build"": {""actual_score"": 6.0, ""normalized_score"": 0.12, ""normalized_rounded"": 0}, ""things"": {""actual_score"": 51.0, ""normalized_score"": 1.02, ""normalized_rounded"": 1}}",7.57,salman,,1515770,4248,7982,2025-07-25 07:24:53.970,grade1_profile30581_q3_QK_20251122_101834.mp3,https://drive.google.com/file/d/1s36WOQEl2cNt1UIUexbcsGE1zI63RIiH/view?usp=drivesdk,7.57,Lahore,The Punjab School,This is Zara. She loves to draw. This is Faiz. He loves to build things. ,1
30575,Come on. We can do it together.,1,,pre,We can do it together,Can we can do it together together,9.0,14,"{""come"": 0, ""on"": 0, ""we"": 2, ""can"": 2, ""do"": 2, ""it"": 2, ""together"": 1}","{""can"": {""actual_score"": 76.0, ""normalized_score"": 1.52, ""normalized_rounded"": 2}, ""we"": {""actual_score"": 97.0, ""normalized_score"": 1.94, ""normalized_rounded"": 2}, ""do"": {""actual_score"": 97.0, ""normalized_score"": 1.94, ""normalized_rounded"": 2}, ""it"": {""actual_score"": 97.0, ""normalized_score"": 1.94, ""normalized_rounded"": 2}, ""together"": {""actual_score"": 9.0, ""normalized_score"": 0.18, ""normalized_rounded"": 0}}",1.89,ali,,1022188,3167,6675,2025-06-25 07:54:28.919,grade1_profile30575_q1_LP_20251122_095026.mp3,https://drive.google.com/file/d/1tlDUxwnRuXZkGw12IE818pgVRFtazmSx/view?usp=drivesdk,1.89,Rawalpindi,Vision Montessori And School,Come on. We can do it  together.,1
30575,This is Zara. She loves to draw. This is Faiz. He loves to build things.,3,,pre,This is Zara She loves to draw This is Faiz He love to build things,This is this is zara she loves to draw draw this is faiz he loves to build things,29.0,30,"{""this"": 2, ""is"": 2, ""zara"": 2, ""she"": 2, ""loves"": 2, ""to"": 2, ""draw"": 2, ""this.1"": 2, ""is.1"": 2, ""faiz"": 2, ""he"": 2, ""loves.1"": 1, ""to.1"": 2, ""build"": 2, ""things"": 2}","{""this"": {""actual_score"": 94.0, ""normalized_score"": 1.88, ""normalized_rounded"": 2}, ""is"": {""actual_score"": 88.0, ""normalized_score"": 1.76, ""normalized_rounded"": 2}, ""zara"": {""actual_score"": 79.0, ""normalized_score"": 1.58, ""normalized_rounded"": 2}, ""she"": {""actual_score"": 85.0, ""normalized_score"": 1.7, ""normalized_rounded"": 2}, ""loves"": {""actual_score"": 94.0, ""normalized_score"": 1.88, ""normalized_rounded"": 2}, ""to"": {""actual_score"": 88.0, ""normalized_score"": 1.76, ""normalized_rounded"": 2}, ""draw"": {""actual_score"": 85.0, ""normalized_score"": 1.7, ""normalized_rounded"": 2}, ""faiz"": {""actual_score"": 40.0, ""normalized_score"": 0.8, ""normalized_rounded"": 1}, ""he"": {""actual_score"": 94.0, ""normalized_score"": 1.88, ""normalized_rounded"": 2}, ""build"": {""actual_score"": 82.0, ""normalized_score"": 1.64, ""normalized_rounded"": 2}, ""things"": {""actual_score"": 79.0, ""normalized_score"": 1.58, ""normalized_rounded"": 2}}",10.13,salman,,1022263,3167,6677,2025-06-25 08:00:41.059,grade1_profile30575_q3_LP_20251122_101304.mp3,https://drive.google.com/file/d/1VaImAMIUARS34hGNYiGVGclHazMmHZCU/view?usp=drivesdk,10.13,Rawalpindi,Vision Montessori And School,This is Zara. She loves to draw. This is Faiz. He loves to build things. ,1
30575,Come on. We can do it together.,1,,post,Come own we can do it to gather,Come on we can do it together,12.0,14,"{""come"": 2, ""on"": 1, ""we"": 2, ""can"": 2, ""do"": 2, ""it"": 2, ""together"": 1}","{""come"": {""actual_score"": 24.0, ""normalized_score"": 0.48, ""normalized_rounded"": 0}, ""on"": {""actual_score"": 48.0, ""normalized_score"": 0.96, ""normalized_rounded"": 1}, ""we"": {""actual_score"": 94.0, ""normalized_score"": 1.88, ""normalized_rounded"": 2}, ""can"": {""actual_score"": 82.0, ""normalized_score"": 1.64, ""normalized_rounded"": 2}, ""do"": {""actual_score"": 94.0, ""normalized_score"": 1.88, ""normalized_rounded"": 2}, ""it"": {""actual_score"": 94.0, ""normalized_score"": 1.88, ""normalized_rounded"": 2}, ""together"": {""actual_score"": 48.0, ""normalized_score"": 0.96, ""normalized_rounded"": 1}}",3.62,semal,,1509378,4248,7979,2025-07-25 05:22:52.796,grade1_profile30575_q1_QK_20251122_095622.mp3,https://drive.google.com/file/d/1sByTJAJ7EKVXMecGPHWiDB_-ENAJC356/view?usp=drivesdk,3.62,Rawalpindi,Vision Montessori And School,Come on. We can do it  together.,1
30575,It's locked. I can open it.,2,,post,It's lock I can open it,It's locked i can open it,11.0,12,"{""it's"": 2, ""locked"": 1, ""i"": 2, ""can"": 2, ""open"": 2, ""it"": 2}","{""it's"": {""actual_score"": 94.0, ""normalized_score"": 1.88, ""normalized_rounded"": 2}, ""locked"": {""actual_score"": 65.0, ""normalized_score"": 1.3, ""normalized_rounded"": 1}, ""i"": {""actual_score"": 94.0, ""normalized_score"": 1.88, ""normalized_rounded"": 2}, ""can"": {""actual_score"": 88.0, ""normalized_score"": 1.76, ""normalized_rounded"": 2}, ""open"": {""actual_score"": 88.0, ""normalized_score"": 1.76, ""normalized_rounded"": 2}, ""it"": {""actual_score"": 91.0, ""normalized_score"": 1.82, ""normalized_rounded"": 2}}",2.75,salman,,1509397,4248,7983,2025-07-25 05:23:25.210,grade1_profile30575_q2_QK_20251122_100724.mp3,https://drive.google.com/file/d/1OLWS05fxeOl2Vac8q9RslDtMhNpy36Er/view?usp=drivesdk,2.75,Rawalpindi,Vision Montessori And School,It's locked. I can open it. ,1
28363,Come on. We can do it together.,1,,pre,Come on We can do it  together,Come on we can do it together,14.0,14,"{""come"": 2, ""on"": 2, ""we"": 2, ""can"": 2, ""do"": 2, ""it"": 2, ""together"": 2}","{""come"": {""actual_score"": 23.0, ""normalized_score"": 0.46, ""normalized_rounded"": 0}, ""on"": {""actual_score"": 80.0, ""normalized_score"": 1.6, ""normalized_rounded"": 2}, ""we"": {""actual_score"": 91.0, ""normalized_score"": 1.82, ""normalized_rounded"": 2}, ""can"": {""actual_score"": 79.0, ""normalized_score"": 1.58, ""normalized_rounded"": 2}, ""do"": {""actual_score"": 91.0, ""normalized_score"": 1.82, ""normalized_rounded"": 2}, ""it"": {""actual_score"": 91.0, ""normalized_score"": 1.82, ""normalized_rounded"": 2}, ""together"": {""actual_score"": 51.0, ""normalized_score"": 1.02, ""normalized_rounded"": 1}}",4.65,anum,,1026265,3167,6675,2025-06-26 05:33:43.418,grade1_profile28363_q1_LP_20251122_095026.mp3,https://drive.google.com/file/d/11JV1lkLmuzTyzD7yN4xotjXg7l8KnoF6/view?usp=drivesdk,4.65,Faisalabad,Oxford Grammar School,Come on. We can do it  together.,1
28363,It's locked. I can open it.,2,,pre,It's lock I can open it,It's locked i can open it,9.0,12,"{""it's"": 1, ""locked"": 0, ""i"": 2, ""can"": 2, ""open"": 2, ""it"": 2}","{""it's"": {""actual_score"": 94.0, ""normalized_score"": 1.88, ""normalized_rounded"": 2}, ""locked"": {""actual_score"": 11.0, ""normalized_score"": 0.22, ""normalized_rounded"": 0}, ""i"": {""actual_score"": 94.0, ""normalized_score"": 1.88, ""normalized_rounded"": 2}, ""can"": {""actual_score"": 79.0, ""normalized_score"": 1.58, ""normalized_rounded"": 2}, ""open"": {""actual_score"": 91.0, ""normalized_score"": 1.82, ""normalized_rounded"": 2}, ""it"": {""actual_score"": 91.0, ""normalized_score"": 1.82, ""normalized_rounded"": 2}}",2.29,ali,,1026268,3167,6674,2025-06-26 05:34:39.208,grade1_profile28363_q2_LP_20251122_100201.mp3,https://drive.google.com/file/d/1FTXmZ9RS3Am9Y_gJ9BjXQHPfW8Do5tm4/view?usp=drivesdk,2.29,Faisalabad,Oxford Grammar School,It's locked. I can open it. ,1
28363,This is Zara. She loves to draw. This is Faiz. He loves to build things.,3,,pre,This is Zara She loves to draw This is Faiz He loves to build things,This is zara she loves to draw this is this she he loves things,30.0,30,"{""this"": 2, ""is"": 2, ""zara"": 2, ""she"": 2, ""loves"": 2, ""to"": 2, ""draw"": 2, ""this.1"": 2, ""is.1"": 2, ""faiz"": 2, ""he"": 2, ""loves.1"": 2, ""to.1"": 2, ""build"": 2, ""things"": 2}","{""this"": {""actual_score"": 88.0, ""normalized_score"": 1.76, ""normalized_rounded"": 2}, ""is"": {""actual_score"": 88.0, ""normalized_score"": 1.76, ""normalized_rounded"": 2}, ""zara"": {""actual_score"": 70.0, ""normalized_score"": 1.4, ""normalized_rounded"": 1}, ""she"": {""actual_score"": 49.0, ""normalized_score"": 0.98, ""normalized_rounded"": 1}, ""loves"": {""actual_score"": 94.0, ""normalized_score"": 1.88, ""normalized_rounded"": 2}, ""to"": {""actual_score"": 91.0, ""normalized_score"": 1.82, ""normalized_rounded"": 2}, ""draw"": {""actual_score"": 45.0, ""normalized_score"": 0.9, ""normalized_rounded"": 1}, ""he"": {""actual_score"": 94.0, ""normalized_score"": 1.88, ""normalized_rounded"": 2}, ""things"": {""actual_score"": 54.0, ""normalized_score"": 1.08, ""normalized_rounded"": 1}}",19.07,salman,,1026318,3167,6677,2025-06-26 05:42:27.404,grade1_profile28363_q3_LP_20251122_101304.mp3,https://drive.google.com/file/d/1wxhf_dJ79arYR6FA2xH2npWP2YlRxqnH/view?usp=drivesdk,19.07,Faisalabad,Oxford Grammar School,This is Zara. She loves to draw. This is Faiz. He loves to build things. ,1
28363,It's locked. I can open it.,2,,post,It is locked I can open it,It's locked i can open it,12.0,12,"{""it's"": 2, ""locked"": 2, ""i"": 2, ""can"": 2, ""open"": 2, ""it"": 2}","{""it's"": {""actual_score"": 94.0, ""normalized_score"": 1.88, ""normalized_rounded"": 2}, ""locked"": {""actual_score"": 41.0, ""normalized_score"": 0.82, ""normalized_rounded"": 1}, ""i"": {""actual_score"": 97.0, ""normalized_score"": 1.94, ""normalized_rounded"": 2}, ""can"": {""actual_score"": 97.0, ""normalized_score"": 1.94, ""normalized_rounded"": 2}, ""open"": {""actual_score"": 97.0, ""normalized_score"": 1.94, ""normalized_rounded"": 2}, ""it"": {""actual_score"": 94.0, ""normalized_score"": 1.88, ""normalized_rounded"": 2}}",2.99,salman,,1664383,4248,7983,2025-08-07 16:51:33.700,grade1_profile28363_q2_QK_20251122_100724.mp3,https://drive.google.com/file/d/13122YQVnHH9nphlsvOOG-0BXTAIcIN8b/view?usp=drivesdk,2.99,Faisalabad,Oxford Grammar School,It's locked. I can open it. ,1
30684,Come on. We can do it together.,1,,pre,Come on We can do it toogether,Come on we can do it together,13.0,14,"{""come"": 2, ""on"": 2, ""we"": 2, ""can"": 2, ""do"": 2, ""it"": 2, ""together"": 1}","{""come"": {""actual_score"": 94.0, ""normalized_score"": 1.88, ""normalized_rounded"": 2}, ""on"": {""actual_score"": 97.0, ""normalized_score"": 1.94, ""normalized_rounded"": 2}, ""we"": {""actual_score"": 100.0, ""normalized_score"": 2.0, ""normalized_rounded"": 2}, ""can"": {""actual_score"": 100.0, ""normalized_score"": 2.0, ""normalized_rounded"": 2}, ""do"": {""actual_score"": 97.0, ""normalized_score"": 1.94, ""normalized_rounded"": 2}, ""it"": {""actual_score"": 97.0, ""normalized_score"": 1.94, ""normalized_rounded"": 2}, ""together"": {""actual_score"": 94.0, ""normalized_score"": 1.88, ""normalized_rounded"": 2}}",2.71,anum,,1080380,3167,6675,2025-07-02 05:15:00.360,grade1_profile30684_q1_LP_20251122_095026.mp3,https://drive.google.com/file/d/1VAswEHCCqeCpUeF8RIrGFANFg9wYsAqv/view?usp=drivesdk,2.71,Rawalpindi,Grammar School Rawalpindi,Come on. We can do it  together.,1
30684,It's locked. I can open it.,2,,post,It's lock I can open it,It's locked i can open it,10.0,12,"{""it's"": 2, ""locked"": 0, ""i"": 2, ""can"": 2, ""open"": 2, ""it"": 2}","{""it's"": {""actual_score"": 97.0, ""normalized_score"": 1.94, ""normalized_rounded"": 2}, ""locked"": {""actual_score"": 61.0, ""normalized_score"": 1.22, ""normalized_rounded"": 1}, ""i"": {""actual_score"": 97.0, ""normalized_score"": 1.94, ""normalized_rounded"": 2}, ""can"": {""actual_score"": 97.0, ""normalized_score"": 1.94, ""normalized_rounded"": 2}, ""open"": {""actual_score"": 94.0, ""normalized_score"": 1.88, ""normalized_rounded"": 2}, ""it"": {""actual_score"": 100.0, ""normalized_score"": 2.0, ""normalized_rounded"": 2}}",2.75,ali,,1528033,4248,7983,2025-07-25 12:13:00.917,grade1_profile30684_q2_QK_20251122_100724.mp3,https://drive.google.com/file/d/1UcV97LmfBZ8dFFvkJi43DQiIyvr4o6XC/view?usp=drivesdk,2.75,Rawalpindi,Grammar School Rawalpindi,It's locked. I can open it. ,1
30684,This is Zara. She loves to draw. This is Faiz. He loves to build things.,3,,post,This is Zara She loves to draw This is Faiz He loves to build things,This is zara she loves to draw this is faiz he loves to build things,29.0,30,"{""this"": 2, ""is"": 2, ""zara"": 2, ""she"": 2, ""loves"": 2, ""to"": 2, ""draw"": 2, ""this.1"": 2, ""is.1"": 2, ""faiz"": 2, ""he"": 2, ""loves.1"": 2, ""to.1"": 2, ""build"": 1, ""things"": 2}","{""this"": {""actual_score"": 94.0, ""normalized_score"": 1.88, ""normalized_rounded"": 2}, ""is"": {""actual_score"": 94.0, ""normalized_score"": 1.88, ""normalized_rounded"": 2}, ""zara"": {""actual_score"": 70.0, ""normalized_score"": 1.4, ""normalized_rounded"": 1}, ""she"": {""actual_score"": 76.0, ""normalized_score"": 1.52, ""normalized_rounded"": 2}, ""loves"": {""actual_score"": 94.0, ""normalized_score"": 1.88, ""normalized_rounded"": 2}, ""to"": {""actual_score"": 91.0, ""normalized_score"": 1.82, ""normalized_rounded"": 2}, ""draw"": {""actual_score"": 88.0, ""normalized_score"": 1.76, ""normalized_rounded"": 2}, ""faiz"": {""actual_score"": 50.0, ""normalized_score"": 1.0, ""normalized_rounded"": 1}, ""he"": {""actual_score"": 97.0, ""normalized_score"": 1.94, ""normalized_rounded"": 2}, ""build"": {""actual_score"": 8.0, ""normalized_score"": 0.16, ""normalized_rounded"": 0}, ""things"": {""actual_score"": 76.0, ""normalized_score"": 1.52, ""normalized_rounded"": 2}}",9.18,salman,,1528047,4248,7982,2025-07-25 12:13:39.345,grade1_profile30684_q3_QK_20251122_101834.mp3,https://drive.google.com/file/d/1WLb1nGNiB_UfcQfI7hB1XeFv1eXL3cPG/view?usp=drivesdk,9.18,Rawalpindi,Grammar School Rawalpindi,This is Zara. She loves to draw. This is Faiz. He loves to build things. ,1
30941,It's locked. I can open it.,2,,pre,It's lock I open it,It's locked i open it,9.0,12,"{""it's"": 2, ""locked"": 1, ""i"": 2, ""can"": 0, ""open"": 2, ""it"": 2}","{""it's"": {""actual_score"": 67.0, ""normalized_score"": 1.34, ""normalized_rounded"": 1}, ""locked"": {""actual_score"": 60.0, ""normalized_score"": 1.2, ""normalized_rounded"": 1}, ""i"": {""actual_score"": 94.0, ""normalized_score"": 1.88, ""normalized_rounded"": 2}, ""open"": {""actual_score"": 94.0, ""normalized_score"": 1.88, ""normalized_rounded"": 2}, ""it"": {""actual_score"": 91.0, ""normalized_score"": 1.82, ""normalized_rounded"": 2}}",2.15,salman,,1039522,3167,6674,2025-06-27 12:29:11.860,grade1_profile30941_q2_LP_20251122_100201.mp3,https://drive.google.com/file/d/1DgpYdI-KRT8rd5LUwxdcerzIF9_6bUGm/view?usp=drivesdk,2.15,,,It's locked. I can open it. ,1
30941,Come on. We can do it together.,1,,post,Come on We can do eet ate ogotock,Come on we can do it it,11.0,14,"{""come"": 2, ""on"": 2, ""we"": 2, ""can"": 2, ""do"": 2, ""it"": 1, ""together"": 0}","{""come"": {""actual_score"": 21.0, ""normalized_score"": 0.42, ""normalized_rounded"": 0}, ""on"": {""actual_score"": 49.0, ""normalized_score"": 0.98, ""normalized_rounded"": 1}, ""we"": {""actual_score"": 85.0, ""normalized_score"": 1.7, ""normalized_rounded"": 2}, ""can"": {""actual_score"": 79.0, ""normalized_score"": 1.58, ""normalized_rounded"": 2}, ""do"": {""actual_score"": 29.0, ""normalized_score"": 0.58, ""normalized_rounded"": 1}, ""it"": {""actual_score"": 88.0, ""normalized_score"": 1.76, ""normalized_rounded"": 2}}",6.48,anum,,1550185,4248,7979,2025-07-26 14:50:43.430,grade1_profile30941_q1_QK_20251122_095622.mp3,https://drive.google.com/file/d/18CDgEGdBc4MyIX1XpPW70SDN_e9X0VpK/view?usp=drivesdk,6.48,,,Come on. We can do it  together.,1
30941,This is Zara. She loves to draw. This is Faiz. He loves to build things.,3,,post,This is Zara She love to a This is  He love to bill thin,Is she loves is is this this is he loves loves,19.0,28,"{""this"": 2, ""is"": 2, ""zara"": 2, ""she"": 2, ""loves"": 1, ""to"": 2, ""draw"": 0, ""this.1"": 2, ""is.1"": 2, ""faiz"": 0, ""he"": 2, ""loves.1"": 1, ""build"": 0, ""things"": 1}","{""is"": {""actual_score"": 62.0, ""normalized_score"": 1.24, ""normalized_rounded"": 1}, ""she"": {""actual_score"": 76.0, ""normalized_score"": 1.52, ""normalized_rounded"": 2}, ""loves"": {""actual_score"": 44.0, ""normalized_score"": 0.88, ""normalized_rounded"": 1}, ""this"": {""actual_score"": 54.0, ""normalized_score"": 1.08, ""normalized_rounded"": 1}, ""he"": {""actual_score"": 85.0, ""normalized_score"": 1.7, ""normalized_rounded"": 2}}",28.36,salman,,1551248,4248,7982,2025-07-26 15:38:00.159,grade1_profile30941_q3_QK_20251122_101834.mp3,https://drive.google.com/file/d/1TG0ddADhRMAOd1DyVzMdGytUZn66fA2T/view?usp=drivesdk,28.36,,,This is Zara. She loves to draw. This is Faiz. He loves to build things. ,1
30569,Come on. We can do it together.,1,,pre,come on we can do it together,On we can do it together,13.0,14,"{""come"": 2, ""on"": 2, ""we"": 2, ""can"": 2, ""do"": 1, ""it"": 2, ""together"": 2}","{""on"": {""actual_score"": 51.0, ""normalized_score"": 1.02, ""normalized_rounded"": 1}, ""we"": {""actual_score"": 68.0, ""normalized_score"": 1.36, ""normalized_rounded"": 1}, ""can"": {""actual_score"": 82.0, ""normalized_score"": 1.64, ""normalized_rounded"": 2}, ""do"": {""actual_score"": 94.0, ""normalized_score"": 1.88, ""normalized_rounded"": 2}, ""it"": {""actual_score"": 94.0, ""normalized_score"": 1.88, ""normalized_rounded"": 2}, ""together"": {""actual_score"": 91.0, ""normalized_score"": 1.82, ""normalized_rounded"": 2}}",4.35,salman,,1022419,3167,6675,2025-06-25 08:08:43.708,grade1_profile30569_q1_LP_20251122_095026.mp3,https://drive.google.com/file/d/1ZDTuBKIcuQwpwysQSrdEqunxaEidOy0L/view?usp=drivesdk,4.35,Rawalpindi,Vision Montessori And School,Come on. We can do it  together.,1
30569,This is Zara. She loves to draw. This is Faiz. He loves to build things.,3,,pre,This is Zara She loves to draw This is Faiz He loves to build things,This is zara he she loves to draw this is faiz he loves to build things,29.0,30,"{""this"": 2, ""is"": 2, ""zara"": 2, ""she"": 2, ""loves"": 2, ""to"": 2, ""draw"": 2, ""this.1"": 2, ""is.1"": 2, ""faiz"": 2, ""he"": 2, ""loves.1"": 1, ""to.1"": 2, ""build"": 2, ""things"": 2}","{""this"": {""actual_score"": 94.0, ""normalized_score"": 1.88, ""normalized_rounded"": 2}, ""is"": {""actual_score"": 94.0, ""normalized_score"": 1.88, ""normalized_rounded"": 2}, ""zara"": {""actual_score"": 66.0, ""normalized_score"": 1.32, ""normalized_rounded"": 1}, ""he"": {""actual_score"": 88.0, ""normalized_score"": 1.76, ""normalized_rounded"": 2}, ""she"": {""actual_score"": 76.0, ""normalized_score"": 1.52, ""normalized_rounded"": 2}, ""loves"": {""actual_score"": 94.0, ""normalized_score"": 1.88, ""normalized_rounded"": 2}, ""to"": {""actual_score"": 79.0, ""normalized_score"": 1.58, ""normalized_rounded"": 2}, ""draw"": {""actual_score"": 88.0, ""normalized_score"": 1.76, ""normalized_rounded"": 2}, ""faiz"": {""actual_score"": 9.0, ""normalized_score"": 0.18, ""normalized_rounded"": 0}, ""build"": {""actual_score"": 88.0, ""normalized_score"": 1.76, ""normalized_rounded"": 2}, ""things"": {""actual_score"": 73.0, ""normalized_score"": 1.46, ""normalized_rounded"": 1}}",11.55,salman,,1022452,3167,6677,2025-06-25 08:12:42.378,grade1_profile30569_q3_LP_20251122_101304.mp3,https://drive.google.com/file/d/1HgYdzhCrhzoZvoG2YHYasVK5fxu4QHtC/view?usp=drivesdk,11.55,Rawalpindi,Vision Montessori And School,This is Zara. She loves to draw. This is Faiz. He loves to build things. ,1
30569,Come on. We can do it together.,1,,post,Come on we can do eat to gather,Come on we can do it together,13.0,14,"{""come"": 2, ""on"": 2, ""we"": 2, ""can"": 2, ""do"": 2, ""it"": 1, ""together"": 2}","{""come"": {""actual_score"": 23.0, ""normalized_score"": 0.46, ""normalized_rounded"": 0}, ""on"": {""actual_score"": 59.0, ""normalized_score"": 1.18, ""normalized_rounded"": 1}, ""we"": {""actual_score"": 85.0, ""normalized_score"": 1.7, ""normalized_rounded"": 2}, ""can"": {""actual_score"": 82.0, ""normalized_score"": 1.64, ""normalized_rounded"": 2}, ""do"": {""actual_score"": 85.0, ""normalized_score"": 1.7, ""normalized_rounded"": 2}, ""it"": {""actual_score"": 88.0, ""normalized_score"": 1.76, ""normalized_rounded"": 2}, ""together"": {""actual_score"": 50.0, ""normalized_score"": 1.0, ""normalized_rounded"": 1}}",3.2,semal,,1514914,4248,7979,2025-07-25 07:10:57.913,grade1_profile30569_q1_QK_20251122_095622.mp3,https://drive.google.com/file/d/1OIfzQdxJWi5rXPcFmnb2FmsnEz8rqYq2/view?usp=drivesdk,3.2,Rawalpindi,Vision Montessori And School,Come on. We can do it  together.,1
30569,It's locked. I can open it.,2,,post,Its logit i can open,It's locked i can open it,8.0,12,"{""it's"": 2, ""locked"": 0, ""i"": 2, ""can"": 2, ""open"": 2, ""it"": 0}","{""it's"": {""actual_score"": 91.0, ""normalized_score"": 1.82, ""normalized_rounded"": 2}, ""locked"": {""actual_score"": 54.0, ""normalized_score"": 1.08, ""normalized_rounded"": 1}, ""i"": {""actual_score"": 88.0, ""normalized_score"": 1.76, ""normalized_rounded"": 2}, ""can"": {""actual_score"": 91.0, ""normalized_score"": 1.82, ""normalized_rounded"": 2}, ""open"": {""actual_score"": 79.0, ""normalized_score"": 1.58, ""normalized_rounded"": 2}, ""it"": {""actual_score"": 80.0, ""normalized_score"": 1.6, ""normalized_rounded"": 2}}",2.29,semal,,1514965,4248,7983,2025-07-25 07:11:40.346,grade1_profile30569_q2_QK_20251122_100724.mp3,https://drive.google.com/file/d/1mkeXHiprRwe6EAAZ0aUOtOdcydZgH6GT/view?usp=drivesdk,2.29,Rawalpindi,Vision Montessori And School,It's locked. I can open it. ,1
30569,This is Zara. She loves to draw. This is Faiz. He loves to build things.,3,,post,Thees is Zara She loves to draw Thees is Faiz He loves to build things,This is zara she loves to draw this is faiz he loves,28.0,30,"{""this"": 1, ""is"": 2, ""zara"": 2, ""she"": 2, ""loves"": 2, ""to"": 2, ""draw"": 2, ""this.1"": 1, ""is.1"": 2, ""faiz"": 2, ""he"": 2, ""loves.1"": 2, ""to.1"": 2, ""build"": 2, ""things"": 2}","{""this"": {""actual_score"": 91.0, ""normalized_score"": 1.82, ""normalized_rounded"": 2}, ""is"": {""actual_score"": 62.0, ""normalized_score"": 1.24, ""normalized_rounded"": 1}, ""zara"": {""actual_score"": 68.0, ""normalized_score"": 1.36, ""normalized_rounded"": 1}, ""she"": {""actual_score"": 82.0, ""normalized_score"": 1.64, ""normalized_rounded"": 2}, ""loves"": {""actual_score"": 94.0, ""normalized_score"": 1.88, ""normalized_rounded"": 2}, ""to"": {""actual_score"": 91.0, ""normalized_score"": 1.82, ""normalized_rounded"": 2}, ""draw"": {""actual_score"": 42.0, ""normalized_score"": 0.84, ""normalized_rounded"": 1}, ""faiz"": {""actual_score"": 55.0, ""normalized_score"": 1.1, ""normalized_rounded"": 1}, ""he"": {""actual_score"": 94.0, ""normalized_score"": 1.88, ""normalized_rounded"": 2}}",5.03,anum,,1515008,4248,7982,2025-07-25 07:12:36.692,grade1_profile30569_q3_QK_20251122_101834.mp3,https://drive.google.com/file/d/1VNj6j2oiBWPgDdWxwCT-dVLwFimRoQQd/view?usp=drivesdk,5.03,Rawalpindi,Vision Montessori And School,This is Zara. She loves to draw. This is Faiz. He loves to build things. ,1
28465,Come on. We can do it together.,1,,pre,Come on we can do it to get,Come on we can do it together,12.0,14,"{""come"": 2, ""on"": 2, ""we"": 2, ""can"": 2, ""do"": 2, ""it"": 2, ""together"": 0}","{""come"": {""actual_score"": 82.0, ""normalized_score"": 1.64, ""normalized_rounded"": 2}, ""on"": {""actual_score"": 91.0, ""normalized_score"": 1.82, ""normalized_rounded"": 2}, ""we"": {""actual_score"": 88.0, ""normalized_score"": 1.76, ""normalized_rounded"": 2}, ""can"": {""actual_score"": 88.0, ""normalized_score"": 1.76, ""normalized_rounded"": 2}, ""do"": {""actual_score"": 82.0, ""normalized_score"": 1.64, ""normalized_rounded"": 2}, ""it"": {""actual_score"": 91.0, ""normalized_score"": 1.82, ""normalized_rounded"": 2}, ""together"": {""actual_score"": 9.0, ""normalized_score"": 0.18, ""normalized_rounded"": 0}}",5.04,semal,,1033001,3167,6675,2025-06-26 16:04:17.746,grade1_profile28465_q1_LP_20251122_095026.mp3,https://drive.google.com/file/d/1_dR5UQgz84V4VqCQugrB75cAqa02Si62/view?usp=drivesdk,5.04,Rawalpindi,Grammar School Rawalpindi,Come on. We can do it  together.,1
28465,This is Zara. She loves to draw. This is Faiz. He loves to build things.,3,,pre,,This is zara he loves loves to draw this is faiz this is faiz he loves to build build things things,0.0,0,{},"{""this"": {""actual_score"": 94.0, ""normalized_score"": 1.88, ""normalized_rounded"": 2}, ""is"": {""actual_score"": 97.0, ""normalized_score"": 1.94, ""normalized_rounded"": 2}, ""zara"": {""actual_score"": 49.0, ""normalized_score"": 0.98, ""normalized_rounded"": 1}, ""he"": {""actual_score"": 88.0, ""normalized_score"": 1.76, ""normalized_rounded"": 2}, ""loves"": {""actual_score"": 94.0, ""normalized_score"": 1.88, ""normalized_rounded"": 2}, ""to"": {""actual_score"": 82.0, ""normalized_score"": 1.64, ""normalized_rounded"": 2}, ""draw"": {""actual_score"": 88.0, ""normalized_score"": 1.76, ""normalized_rounded"": 2}, ""faiz"": {""actual_score"": 85.0, ""normalized_score"": 1.7, ""normalized_rounded"": 2}, ""build"": {""actual_score"": 88.0, ""normalized_score"": 1.76, ""normalized_rounded"": 2}, ""things"": {""actual_score"": 76.0, ""normalized_score"": 1.52, ""normalized_rounded"": 2}}",21.27,ali,,1033031,3167,6677,2025-06-26 16:14:00.997,grade1_profile28465_q3_LP_20251122_101304.mp3,https://drive.google.com/file/d/1fsjnPPw1YJaj0bNn-Ued8oQJtm_WkM9s/view?usp=drivesdk,21.27,Rawalpindi,Grammar School Rawalpindi,This is Zara. She loves to draw. This is Faiz. He loves to build things. ,1
28465,Come on. We can do it together.,1,,post,Come on we can do it together,Come on we can do it together,14.0,14,"{""come"": 2, ""on"": 2, ""we"": 2, ""can"": 2, ""do"": 2, ""it"": 2, ""together"": 2}","{""come"": {""actual_score"": 62.0, ""normalized_score"": 1.24, ""normalized_rounded"": 1}, ""on"": {""actual_score"": 88.0, ""normalized_score"": 1.76, ""normalized_rounded"": 2}, ""we"": {""actual_score"": 97.0, ""normalized_score"": 1.94, ""normalized_rounded"": 2}, ""can"": {""actual_score"": 97.0, ""normalized_score"": 1.94, ""normalized_rounded"": 2}, ""do"": {""actual_score"": 88.0, ""normalized_score"": 1.76, ""normalized_rounded"": 2}, ""it"": {""actual_score"": 94.0, ""normalized_score"": 1.88, ""normalized_rounded"": 2}, ""together"": {""actual_score"": 91.0, ""normalized_score"": 1.82, ""normalized_rounded"": 2}}",3.67,semal,,1533901,4248,7979,2025-07-25 15:36:28.948,grade1_profile28465_q1_QK_20251122_095622.mp3,https://drive.google.com/file/d/1wgNLwdBci8DwPyKXV1wJLsiZzM2wCdg7/view?usp=drivesdk,3.67,Rawalpindi,Grammar School Rawalpindi,Come on. We can do it  together.,1
28465,This is Zara. She loves to draw. This is Faiz. He loves to build things.,3,,post,This is Zara She loves to draw It is Faiz This is Faiz He love to build things,This is zara she loves to draw is he this is faiz he loves to build things,29.0,30,"{""this"": 2, ""is"": 2, ""zara"": 2, ""she"": 2, ""loves"": 2, ""to"": 2, ""draw"": 2, ""this.1"": 2, ""is.1"": 2, ""faiz"": 2, ""he"": 2, ""loves.1"": 1, ""to.1"": 2, ""build"": 2, ""things"": 2}","{""this"": {""actual_score"": 91.0, ""normalized_score"": 1.82, ""normalized_rounded"": 2}, ""is"": {""actual_score"": 97.0, ""normalized_score"": 1.94, ""normalized_rounded"": 2}, ""zara"": {""actual_score"": 91.0, ""normalized_score"": 1.82, ""normalized_rounded"": 2}, ""she"": {""actual_score"": 79.0, ""normalized_score"": 1.58, ""normalized_rounded"": 2}, ""loves"": {""actual_score"": 94.0, ""normalized_score"": 1.88, ""normalized_rounded"": 2}, ""to"": {""actual_score"": 94.0, ""normalized_score"": 1.88, ""normalized_rounded"": 2}, ""draw"": {""actual_score"": 91.0, ""normalized_score"": 1.82, ""normalized_rounded"": 2}, ""he"": {""actual_score"": 80.0, ""normalized_score"": 1.6, ""normalized_rounded"": 2}, ""faiz"": {""actual_score"": 41.0, ""normalized_score"": 0.82, ""normalized_rounded"": 1}, ""build"": {""actual_score"": 91.0, ""normalized_score"": 1.82, ""normalized_rounded"": 2}, ""things"": {""actual_score"": 50.0, ""normalized_score"": 1.0, ""normalized_rounded"": 1}}",10.46,ali,,1533969,4248,7982,2025-07-25 15:38:35.397,grade1_profile28465_q3_QK_20251122_101834.mp3,https://drive.google.com/file/d/1Gp74ahB-QLYWTcHP3-T9uOAQdW9kECSn/view?usp=drivesdk,10.46,Rawalpindi,Grammar School Rawalpindi,This is Zara. She loves to draw. This is Faiz. He loves to build things. ,1
28388,Come on. We can do it together.,1,,post,Come on We cand do eeet toge together,Come on we can do it together together,12.0,14,"{""come"": 2, ""on"": 2, ""we"": 2, ""can"": 1, ""do"": 2, ""it"": 1, ""together"": 2}","{""come"": {""actual_score"": 97.0, ""normalized_score"": 1.94, ""normalized_rounded"": 2}, ""on"": {""actual_score"": 97.0, ""normalized_score"": 1.94, ""normalized_rounded"": 2}, ""we"": {""actual_score"": 94.0, ""normalized_score"": 1.88, ""normalized_rounded"": 2}, ""can"": {""actual_score"": 85.0, ""normalized_score"": 1.7, ""normalized_rounded"": 2}, ""do"": {""actual_score"": 82.0, ""normalized_score"": 1.64, ""normalized_rounded"": 2}, ""it"": {""actual_score"": 88.0, ""normalized_score"": 1.76, ""normalized_rounded"": 2}, ""together"": {""actual_score"": 9.0, ""normalized_score"": 0.18, ""normalized_rounded"": 0}}",6.52,anum,Seemed like someone was assisting the kid quietly.,1516172,4248,7979,2025-07-25 07:30:36.285,grade1_profile28388_q1_QK_20251122_095622.mp3,https://drive.google.com/file/d/1z9xm18DKMCnbABCWjsXMh9OzENz9Xg-7/view?usp=drivesdk,6.52,Rawalpindi,Grammar School Rawalpindi,Come on. We can do it  together.,1
28388,This is Zara. She loves to draw. This is Faiz. He loves to build things.,3,,post,This is Zara She loves to draw This is Faiz He loves to build things,This is zara she loves to draw this is faiz he loves to build things,29.0,30,"{""this"": 2, ""is"": 2, ""zara"": 2, ""she"": 2, ""loves"": 2, ""to"": 2, ""draw"": 2, ""this.1"": 2, ""is.1"": 2, ""faiz"": 1, ""he"": 2, ""loves.1"": 2, ""to.1"": 2, ""build"": 2, ""things"": 2}","{""this"": {""actual_score"": 97.0, ""normalized_score"": 1.94, ""normalized_rounded"": 2}, ""is"": {""actual_score"": 97.0, ""normalized_score"": 1.94, ""normalized_rounded"": 2}, ""zara"": {""actual_score"": 94.0, ""normalized_score"": 1.88, ""normalized_rounded"": 2}, ""she"": {""actual_score"": 97.0, ""normalized_score"": 1.94, ""normalized_rounded"": 2}, ""loves"": {""actual_score"": 94.0, ""normalized_score"": 1.88, ""normalized_rounded"": 2}, ""to"": {""actual_score"": 97.0, ""normalized_score"": 1.94, ""normalized_rounded"": 2}, ""draw"": {""actual_score"": 100.0, ""normalized_score"": 2.0, ""normalized_rounded"": 2}, ""faiz"": {""actual_score"": 94.0, ""normalized_score"": 1.88, ""normalized_rounded"": 2}, ""he"": {""actual_score"": 100.0, ""normalized_score"": 2.0, ""normalized_rounded"": 2}, ""build"": {""actual_score"": 100.0, ""normalized_score"": 2.0, ""normalized_rounded"": 2}, ""things"": {""actual_score"": 91.0, ""normalized_score"": 1.82, ""normalized_rounded"": 2}}",4.96,salman,,1516232,4248,7982,2025-07-25 07:31:48.855,grade1_profile28388_q3_QK_20251122_101834.mp3,https://drive.google.com/file/d/1X8X3XMKqfND-R50nOv1128m1Tc6TaYLx/view?usp=drivesdk,4.96,Rawalpindi,Grammar School Rawalpindi,This is Zara. She loves to draw. This is Faiz. He loves to build things. ,1
28344,Come on. We can do it together.,1,,pre,Come on We can do it together,Come on we can do it together,14.0,14,"{""come"": 2, ""on"": 2, ""we"": 2, ""can"": 2, ""do"": 2, ""it"": 2, ""together"": 2}","{""come"": {""actual_score"": 19.0, ""normalized_score"": 0.38, ""normalized_rounded"": 0}, ""on"": {""actual_score"": 51.0, ""normalized_score"": 1.02, ""normalized_rounded"": 1}, ""we"": {""actual_score"": 55.0, ""normalized_score"": 1.1, ""normalized_rounded"": 1}, ""can"": {""actual_score"": 73.0, ""normalized_score"": 1.46, ""normalized_rounded"": 1}, ""do"": {""actual_score"": 79.0, ""normalized_score"": 1.58, ""normalized_rounded"": 2}, ""it"": {""actual_score"": 91.0, ""normalized_score"": 1.82, ""normalized_rounded"": 2}, ""together"": {""actual_score"": 52.0, ""normalized_score"": 1.04, ""normalized_rounded"": 1}}",5.19,ali,,1096365,3167,6675,2025-07-03 05:01:54.617,grade1_profile28344_q1_LP_20251122_095026.mp3,https://drive.google.com/file/d/1YKfDBUpbHKgZY6LK28r8VkrY0F_YmoFt/view?usp=drivesdk,5.19,Rawalpindi,Grammar School Rawalpindi,Come on. We can do it  together.,1
28344,Come on. We can do it together.,1,,pre,Come on We can do eet together,Come on we can do it together,13.0,14,"{""come"": 2, ""on"": 2, ""we"": 2, ""can"": 2, ""do"": 2, ""it"": 1, ""together"": 2}","{""come"": {""actual_score"": 19.0, ""normalized_score"": 0.38, ""normalized_rounded"": 0}, ""on"": {""actual_score"": 51.0, ""normalized_score"": 1.02, ""normalized_rounded"": 1}, ""we"": {""actual_score"": 55.0, ""normalized_score"": 1.1, ""normalized_rounded"": 1}, ""can"": {""actual_score"": 73.0, ""normalized_score"": 1.46, ""normalized_rounded"": 1}, ""do"": {""actual_score"": 79.0, ""normalized_score"": 1.58, ""normalized_rounded"": 2}, ""it"": {""actual_score"": 91.0, ""normalized_score"": 1.82, ""normalized_rounded"": 2}, ""together"": {""actual_score"": 52.0, ""normalized_score"": 1.04, ""normalized_rounded"": 1}}",5.19,anum,,1096365,3167,6675,2025-07-03 05:01:54.617,grade1_profile28344_q1_LP_20251122_095026.mp3,https://drive.google.com/file/d/1YKfDBUpbHKgZY6LK28r8VkrY0F_YmoFt/view?usp=drivesdk,5.19,Rawalpindi,Grammar School Rawalpindi,Come on. We can do it  together.,1
28344,This is Zara. She loves to draw. This is Faiz. He loves to build things.,3,,pre,This is Zara She loves to draw This is Faiz He loves to build things,This is this is zara she loves to draw this is faiz he loves to build things,30.0,30,"{""this"": 2, ""is"": 2, ""zara"": 2, ""she"": 2, ""loves"": 2, ""to"": 2, ""draw"": 2, ""this.1"": 2, ""is.1"": 2, ""faiz"": 2, ""he"": 2, ""loves.1"": 2, ""to.1"": 2, ""build"": 2, ""things"": 2}","{""this"": {""actual_score"": 97.0, ""normalized_score"": 1.94, ""normalized_rounded"": 2}, ""is"": {""actual_score"": 94.0, ""normalized_score"": 1.88, ""normalized_rounded"": 2}, ""zara"": {""actual_score"": 88.0, ""normalized_score"": 1.76, ""normalized_rounded"": 2}, ""she"": {""actual_score"": 88.0, ""normalized_score"": 1.76, ""normalized_rounded"": 2}, ""loves"": {""actual_score"": 97.0, ""normalized_score"": 1.94, ""normalized_rounded"": 2}, ""to"": {""actual_score"": 91.0, ""normalized_score"": 1.82, ""normalized_rounded"": 2}, ""draw"": {""actual_score"": 73.0, ""normalized_score"": 1.46, ""normalized_rounded"": 1}, ""faiz"": {""actual_score"": 12.0, ""normalized_score"": 0.24, ""normalized_rounded"": 0}, ""he"": {""actual_score"": 88.0, ""normalized_score"": 1.76, ""normalized_rounded"": 2}, ""build"": {""actual_score"": 9.0, ""normalized_score"": 0.18, ""normalized_rounded"": 0}, ""things"": {""actual_score"": 67.0, ""normalized_score"": 1.34, ""normalized_rounded"": 1}}",8.93,salman,,1096802,3167,6677,2025-07-03 05:25:26.864,grade1_profile28344_q3_LP_20251122_101304.mp3,https://drive.google.com/file/d/1-ObMjfSah_6H-o48rMAatv994mI70auV/view?usp=drivesdk,8.93,Rawalpindi,Grammar School Rawalpindi,This is Zara. She loves to draw. This is Faiz. He loves to build things. ,1
28344,Come on. We can do it together.,1,,post,We can do it to get,We can do it together,8.0,14,"{""come"": 0, ""on"": 0, ""we"": 2, ""can"": 2, ""do"": 2, ""it"": 2, ""together"": 0}","{""we"": {""actual_score"": 73.0, ""normalized_score"": 1.46, ""normalized_rounded"": 1}, ""can"": {""actual_score"": 82.0, ""normalized_score"": 1.64, ""normalized_rounded"": 2}, ""do"": {""actual_score"": 79.0, ""normalized_score"": 1.58, ""normalized_rounded"": 2}, ""it"": {""actual_score"": 91.0, ""normalized_score"": 1.82, ""normalized_rounded"": 2}, ""together"": {""actual_score"": 10.0, ""normalized_score"": 0.2, ""normalized_rounded"": 0}}",2.56,semal,,1556247,4248,7979,2025-07-27 05:42:05.364,grade1_profile28344_q1_QK_20251122_095622.mp3,https://drive.google.com/file/d/1zZCJwtfXzsQr-yYVnBM7g32m4jXckAhE/view?usp=drivesdk,2.56,Rawalpindi,Grammar School Rawalpindi,Come on. We can do it  together.,1
28344,This is Zara. She loves to draw. This is Faiz. He loves to build things.,3,,post,Zara She loves to draa This is Faiz He loves to build things,Zara she loves to draw this is faiz he loves to build things,25.0,26,"{""zara"": 2, ""she"": 2, ""loves"": 2, ""to"": 2, ""draw"": 1, ""this.1"": 2, ""is.1"": 2, ""faiz"": 2, ""he"": 2, ""loves.1"": 2, ""to.1"": 2, ""build"": 2, ""things"": 2}","{""zara"": {""actual_score"": 55.0, ""normalized_score"": 1.1, ""normalized_rounded"": 1}, ""she"": {""actual_score"": 88.0, ""normalized_score"": 1.76, ""normalized_rounded"": 2}, ""loves"": {""actual_score"": 94.0, ""normalized_score"": 1.88, ""normalized_rounded"": 2}, ""to"": {""actual_score"": 82.0, ""normalized_score"": 1.64, ""normalized_rounded"": 2}, ""draw"": {""actual_score"": 88.0, ""normalized_score"": 1.76, ""normalized_rounded"": 2}, ""this"": {""actual_score"": 91.0, ""normalized_score"": 1.82, ""normalized_rounded"": 2}, ""is"": {""actual_score"": 91.0, ""normalized_score"": 1.82, ""normalized_rounded"": 2}, ""faiz"": {""actual_score"": 56.0, ""normalized_score"": 1.12, ""normalized_rounded"": 1}, ""he"": {""actual_score"": 94.0, ""normalized_score"": 1.88, ""normalized_rounded"": 2}, ""build"": {""actual_score"": 6.0, ""normalized_score"": 0.12, ""normalized_rounded"": 0}, ""things"": {""actual_score"": 69.0, ""normalized_score"": 1.38, ""normalized_rounded"": 1}}",4.12,anum,The kid started reading the sentence before the recording started.,1556378,4248,7982,2025-07-27 05:59:15.155,grade1_profile28344_q3_QK_20251122_101834.mp3,https://drive.google.com/file/d/1Ck7V075nxiqvuA7IyLa03bRgWt5pheJL/view?usp=drivesdk,4.12,Rawalpindi,Grammar School Rawalpindi,This is Zara. She loves to draw. This is Faiz. He loves to build things. ,1
30633,This is Zara. She loves to draw. This is Faiz. He loves to build things.,3,,pre,This is Zara She loves to draw This is building build things,This this is zara she loves to draw this is faiz he loves to draw build things build things,19.0,30,"{""this"": 2, ""is"": 2, ""zara"": 2, ""she"": 2, ""loves"": 2, ""to"": 2, ""draw"": 2, ""this.1"": 2, ""is.1"": 0, ""faiz"": 0, ""he"": 0, ""loves.1"": 0, ""to.1"": 0, ""build"": 2, ""things"": 1}","{""this"": {""actual_score"": 94.0, ""normalized_score"": 1.88, ""normalized_rounded"": 2}, ""is"": {""actual_score"": 97.0, ""normalized_score"": 1.94, ""normalized_rounded"": 2}, ""zara"": {""actual_score"": 94.0, ""normalized_score"": 1.88, ""normalized_rounded"": 2}, ""she"": {""actual_score"": 85.0, ""normalized_score"": 1.7, ""normalized_rounded"": 2}, ""loves"": {""actual_score"": 94.0, ""normalized_score"": 1.88, ""normalized_rounded"": 2}, ""to"": {""actual_score"": 94.0, ""normalized_score"": 1.88, ""normalized_rounded"": 2}, ""draw"": {""actual_score"": 88.0, ""normalized_score"": 1.76, ""normalized_rounded"": 2}, ""faiz"": {""actual_score"": 50.0, ""normalized_score"": 1.0, ""normalized_rounded"": 1}, ""he"": {""actual_score"": 94.0, ""normalized_score"": 1.88, ""normalized_rounded"": 2}, ""build"": {""actual_score"": 7.0, ""normalized_score"": 0.14, ""normalized_rounded"": 0}, ""things"": {""actual_score"": 79.0, ""normalized_score"": 1.58, ""normalized_rounded"": 2}}",12.49,salman,Sibling helping in background,1600591,3167,6677,2025-07-30 19:25:58.056,grade1_profile30633_q3_LP_20251122_101304.mp3,https://drive.google.com/file/d/1FxIVY6UjtoAfpndADt5ez8a-PNyBsmKc/view?usp=drivesdk,12.49,Rawalpindi,Grammar School Rawalpindi,This is Zara. She loves to draw. This is Faiz. He loves to build things. ,1
30633,It's locked. I can open it.,2,,post,It's lock I can open it,It's locked i can open it,10.0,12,"{""it's"": 2, ""locked"": 0, ""i"": 2, ""can"": 2, ""open"": 2, ""it"": 2}","{""it's"": {""actual_score"": 91.0, ""normalized_score"": 1.82, ""normalized_rounded"": 2}, ""locked"": {""actual_score"": 54.0, ""normalized_score"": 1.08, ""normalized_rounded"": 1}, ""i"": {""actual_score"": 94.0, ""normalized_score"": 1.88, ""normalized_rounded"": 2}, ""can"": {""actual_score"": 97.0, ""normalized_score"": 1.94, ""normalized_rounded"": 2}, ""open"": {""actual_score"": 97.0, ""normalized_score"": 1.94, ""normalized_rounded"": 2}, ""it"": {""actual_score"": 97.0, ""normalized_score"": 1.94, ""normalized_rounded"": 2}}",3.38,ali,,1698698,4248,7983,2025-08-13 14:05:22.902,grade1_profile30633_q2_QK_20251122_100724.mp3,https://drive.google.com/file/d/1EJ2PxMq-jUeDR9vfYH1qls8bJsiRK5C9/view?usp=drivesdk,3.38,Rawalpindi,Grammar School Rawalpindi,It's locked. I can open it. ,1
30589,Come on. We can do it together.,1,,pre,Come on We can do it together,Come on we can do it together,14.0,14,"{""come"": 2, ""on"": 2, ""we"": 2, ""can"": 2, ""do"": 2, ""it"": 2, ""together"": 2}","{""come"": {""actual_score"": 34.0, ""normalized_score"": 0.68, ""normalized_rounded"": 1}, ""on"": {""actual_score"": 49.0, ""normalized_score"": 0.98, ""normalized_rounded"": 1}, ""we"": {""actual_score"": 64.0, ""normalized_score"": 1.28, ""normalized_rounded"": 1}, ""can"": {""actual_score"": 82.0, ""normalized_score"": 1.64, ""normalized_rounded"": 2}, ""do"": {""actual_score"": 79.0, ""normalized_score"": 1.58, ""normalized_rounded"": 2}, ""it"": {""actual_score"": 91.0, ""normalized_score"": 1.82, ""normalized_rounded"": 2}, ""together"": {""actual_score"": 62.0, ""normalized_score"": 1.24, ""normalized_rounded"": 1}}",5.1,ali,,1031819,3167,6675,2025-06-26 11:51:26.946,grade1_profile30589_q1_LP_20251122_095026.mp3,https://drive.google.com/file/d/1gmGpKWKdZqaib891NBMEkgoVhBsDmneR/view?usp=drivesdk,5.1,Faisalabad,Oxford Grammar School,Come on. We can do it  together.,1
30589,It's locked. I can open it.,2,,pre,It's locked I can open it,It's locked i can open it,11.0,12,"{""it's"": 2, ""locked"": 1, ""i"": 2, ""can"": 2, ""open"": 2, ""it"": 2}","{""it's"": {""actual_score"": 94.0, ""normalized_score"": 1.88, ""normalized_rounded"": 2}, ""locked"": {""actual_score"": 57.0, ""normalized_score"": 1.14, ""normalized_rounded"": 1}, ""i"": {""actual_score"": 58.0, ""normalized_score"": 1.16, ""normalized_rounded"": 1}, ""can"": {""actual_score"": 73.0, ""normalized_score"": 1.46, ""normalized_rounded"": 1}, ""open"": {""actual_score"": 88.0, ""normalized_score"": 1.76, ""normalized_rounded"": 2}, ""it"": {""actual_score"": 91.0, ""normalized_score"": 1.82, ""normalized_rounded"": 2}}",6.58,ali,,1031828,3167,6674,2025-06-26 11:53:39.392,grade1_profile30589_q2_LP_20251122_100201.mp3,https://drive.google.com/file/d/1QUJXiisG5X2L24fyFtMIQAL22b3LFHDG/view?usp=drivesdk,6.58,Faisalabad,Oxford Grammar School,It's locked. I can open it. ,1
30589,This is Zara. She loves to draw. This is Faiz. He loves to build things.,3,,post,This is Zara She loves to draw This is Faiz He loves to build things,This is zara she loves to draw this is faiz he loves to build things,30.0,30,"{""this"": 2, ""is"": 2, ""zara"": 2, ""she"": 2, ""loves"": 2, ""to"": 2, ""draw"": 2, ""this.1"": 2, ""is.1"": 2, ""faiz"": 2, ""he"": 2, ""loves.1"": 2, ""to.1"": 2, ""build"": 2, ""things"": 2}","{""this"": {""actual_score"": 97.0, ""normalized_score"": 1.94, ""normalized_rounded"": 2}, ""is"": {""actual_score"": 97.0, ""normalized_score"": 1.94, ""normalized_rounded"": 2}, ""zara"": {""actual_score"": 88.0, ""normalized_score"": 1.76, ""normalized_rounded"": 2}, ""she"": {""actual_score"": 88.0, ""normalized_score"": 1.76, ""normalized_rounded"": 2}, ""loves"": {""actual_score"": 94.0, ""normalized_score"": 1.88, ""normalized_rounded"": 2}, ""to"": {""actual_score"": 88.0, ""normalized_score"": 1.76, ""normalized_rounded"": 2}, ""draw"": {""actual_score"": 94.0, ""normalized_score"": 1.88, ""normalized_rounded"": 2}, ""faiz"": {""actual_score"": 43.0, ""normalized_score"": 0.86, ""normalized_rounded"": 1}, ""he"": {""actual_score"": 100.0, ""normalized_score"": 2.0, ""normalized_rounded"": 2}, ""build"": {""actual_score"": 76.0, ""normalized_score"": 1.52, ""normalized_rounded"": 2}, ""things"": {""actual_score"": 73.0, ""normalized_score"": 1.46, ""normalized_rounded"": 1}}",6.25,salman,,1614450,4248,7982,2025-08-01 04:51:34.662,grade1_profile30589_q3_QK_20251122_101834.mp3,https://drive.google.com/file/d/1XQEH3lMDqdJr9bVJcL_-n7jUJ2PeVSMz/view?usp=drivesdk,6.25,Faisalabad,Oxford Grammar School,This is Zara. She loves to draw. This is Faiz. He loves to build things. ,1
30840,This is Zara. She loves to draw. This is Faiz. He loves to build things.,3,,post,This is Zara She love to draw This is Faiz He love to build things,This is zara she loves to draw this is this she loves to build things,28.0,30,"{""this"": 2, ""is"": 2, ""zara"": 2, ""she"": 2, ""loves"": 1, ""to"": 2, ""draw"": 2, ""this.1"": 2, ""is.1"": 2, ""faiz"": 2, ""he"": 2, ""loves.1"": 1, ""to.1"": 2, ""build"": 2, ""things"": 2}","{""this"": {""actual_score"": 76.0, ""normalized_score"": 1.52, ""normalized_rounded"": 2}, ""is"": {""actual_score"": 79.0, ""normalized_score"": 1.58, ""normalized_rounded"": 2}, ""zara"": {""actual_score"": 68.0, ""normalized_score"": 1.36, ""normalized_rounded"": 1}, ""she"": {""actual_score"": 100.0, ""normalized_score"": 2.0, ""normalized_rounded"": 2}, ""loves"": {""actual_score"": 94.0, ""normalized_score"": 1.88, ""normalized_rounded"": 2}, ""to"": {""actual_score"": 79.0, ""normalized_score"": 1.58, ""normalized_rounded"": 2}, ""draw"": {""actual_score"": 51.0, ""normalized_score"": 1.02, ""normalized_rounded"": 1}, ""build"": {""actual_score"": 8.0, ""normalized_score"": 0.16, ""normalized_rounded"": 0}, ""things"": {""actual_score"": 21.0, ""normalized_score"": 0.42, ""normalized_rounded"": 0}}",16.63,salman,,1535063,4248,7982,2025-07-25 16:26:34.874,grade1_profile30840_q3_QK_20251122_101834.mp3,https://drive.google.com/file/d/1UfZcxI6iC1i2VOzqv0tH6Q4UMZIFeqJN/view?usp=drivesdk,16.63,Karachi,,This is Zara. She loves to draw. This is Faiz. He loves to build things. ,1
30840,Come on. We can do it together.,1,,post,Come on we can do it together,Come on we can do it together,14.0,14,"{""come"": 2, ""on"": 2, ""we"": 2, ""can"": 2, ""do"": 2, ""it"": 2, ""together"": 2}","{""come"": {""actual_score"": 76.0, ""normalized_score"": 1.52, ""normalized_rounded"": 2}, ""on"": {""actual_score"": 73.0, ""normalized_score"": 1.46, ""normalized_rounded"": 1}, ""we"": {""actual_score"": 85.0, ""normalized_score"": 1.7, ""normalized_rounded"": 2}, ""can"": {""actual_score"": 85.0, ""normalized_score"": 1.7, ""normalized_rounded"": 2}, ""do"": {""actual_score"": 82.0, ""normalized_score"": 1.64, ""normalized_rounded"": 2}, ""it"": {""actual_score"": 99.0, ""normalized_score"": 1.98, ""normalized_rounded"": 2}, ""together"": {""actual_score"": 81.0, ""normalized_score"": 1.62, ""normalized_rounded"": 2}}",6.11,salman,,1534990,4248,7979,2025-07-25 16:24:05.491,grade1_profile30840_q1_QK_20251122_095622.mp3,https://drive.google.com/file/d/1A8pwZ2l5juhyGN1bbQbHzwax284cAj6f/view?usp=drivesdk,6.11,Karachi,,Come on. We can do it  together.,1
28518,Come on. We can do it together.,1,,pre,Come on we can do it together,Come on we can do it together,14.0,14,"{""come"": 2, ""on"": 2, ""we"": 2, ""can"": 2, ""do"": 2, ""it"": 2, ""together"": 2}","{""come"": {""actual_score"": 26.0, ""normalized_score"": 0.52, ""normalized_rounded"": 1}, ""on"": {""actual_score"": 51.0, ""normalized_score"": 1.02, ""normalized_rounded"": 1}, ""we"": {""actual_score"": 55.0, ""normalized_score"": 1.1, ""normalized_rounded"": 1}, ""can"": {""actual_score"": 70.0, ""normalized_score"": 1.4, ""normalized_rounded"": 1}, ""do"": {""actual_score"": 82.0, ""normalized_score"": 1.64, ""normalized_rounded"": 2}, ""it"": {""actual_score"": 91.0, ""normalized_score"": 1.82, ""normalized_rounded"": 2}, ""together"": {""actual_score"": 51.0, ""normalized_score"": 1.02, ""normalized_rounded"": 1}}",5.52,salman,,1022524,3167,6675,2025-06-25 08:18:13.922,grade1_profile28518_q1_LP_20251122_095026.mp3,https://drive.google.com/file/d/1TXuETW2EIQJ_aSrMiAmBUEoZOJ_UQKcj/view?usp=drivesdk,5.52,Rawalpindi,Grammar School Rawalpindi,Come on. We can do it  together.,1
28518,This is Zara. She loves to draw. This is Faiz. He loves to build things.,3,,pre,This is Zara She loves draw This is Faiz He loves to build things,This is zara she loves draw this this is faiz he loves to build things,28.0,30,"{""this"": 2, ""is"": 2, ""zara"": 2, ""she"": 2, ""loves"": 2, ""to"": 0, ""draw"": 2, ""this.1"": 2, ""is.1"": 2, ""faiz"": 2, ""he"": 2, ""loves.1"": 2, ""to.1"": 2, ""build"": 2, ""things"": 2}","{""this"": {""actual_score"": 88.0, ""normalized_score"": 1.76, ""normalized_rounded"": 2}, ""is"": {""actual_score"": 91.0, ""normalized_score"": 1.82, ""normalized_rounded"": 2}, ""zara"": {""actual_score"": 11.0, ""normalized_score"": 0.22, ""normalized_rounded"": 0}, ""she"": {""actual_score"": 76.0, ""normalized_score"": 1.52, ""normalized_rounded"": 2}, ""loves"": {""actual_score"": 15.0, ""normalized_score"": 0.3, ""normalized_rounded"": 0}, ""draw"": {""actual_score"": 45.0, ""normalized_score"": 0.9, ""normalized_rounded"": 1}, ""faiz"": {""actual_score"": 46.0, ""normalized_score"": 0.92, ""normalized_rounded"": 1}, ""he"": {""actual_score"": 22.0, ""normalized_score"": 0.44, ""normalized_rounded"": 0}, ""to"": {""actual_score"": 80.0, ""normalized_score"": 1.6, ""normalized_rounded"": 2}, ""build"": {""actual_score"": 6.0, ""normalized_score"": 0.12, ""normalized_rounded"": 0}, ""things"": {""actual_score"": 23.0, ""normalized_score"": 0.46, ""normalized_rounded"": 0}}",9.76,salman,,1022564,3167,6677,2025-06-25 08:20:24.880,grade1_profile28518_q3_LP_20251122_101304.mp3,https://drive.google.com/file/d/13D4a6V_JQbZ84Ly-itMr123ZEydaViTJ/view?usp=drivesdk,9.76,Rawalpindi,Grammar School Rawalpindi,This is Zara. She loves to draw. This is Faiz. He loves to build things. ,1
28518,Come on. We can do it together.,1,,post,Come on we can two do it together,Come on we can do do it together,14.0,14,"{""come"": 2, ""on"": 2, ""we"": 2, ""can"": 2, ""do"": 2, ""it"": 2, ""together"": 2}","{""come"": {""actual_score"": 41.0, ""normalized_score"": 0.82, ""normalized_rounded"": 1}, ""on"": {""actual_score"": 49.0, ""normalized_score"": 0.98, ""normalized_rounded"": 1}, ""we"": {""actual_score"": 80.0, ""normalized_score"": 1.6, ""normalized_rounded"": 2}, ""can"": {""actual_score"": 85.0, ""normalized_score"": 1.7, ""normalized_rounded"": 2}, ""do"": {""actual_score"": 24.0, ""normalized_score"": 0.48, ""normalized_rounded"": 0}, ""it"": {""actual_score"": 88.0, ""normalized_score"": 1.76, ""normalized_rounded"": 2}, ""together"": {""actual_score"": 53.0, ""normalized_score"": 1.06, ""normalized_rounded"": 1}}",3.68,semal,,1515589,4248,7979,2025-07-25 07:22:08.154,grade1_profile28518_q1_QK_20251122_095622.mp3,https://drive.google.com/file/d/1fGNLCkWf29Qbk15NzOOyTdWenm9bnqM_/view?usp=drivesdk,3.68,Rawalpindi,Grammar School Rawalpindi,Come on. We can do it  together.,1
28518,It's locked. I can open it.,2,,post,Is locked I can aupen it,It's locked i can open it,11.0,12,"{""it's"": 2, ""locked"": 2, ""i"": 2, ""can"": 2, ""open"": 1, ""it"": 2}","{""it's"": {""actual_score"": 91.0, ""normalized_score"": 1.82, ""normalized_rounded"": 2}, ""locked"": {""actual_score"": 61.0, ""normalized_score"": 1.22, ""normalized_rounded"": 1}, ""i"": {""actual_score"": 80.0, ""normalized_score"": 1.6, ""normalized_rounded"": 2}, ""can"": {""actual_score"": 79.0, ""normalized_score"": 1.58, ""normalized_rounded"": 2}, ""open"": {""actual_score"": 79.0, ""normalized_score"": 1.58, ""normalized_rounded"": 2}, ""it"": {""actual_score"": 91.0, ""normalized_score"": 1.82, ""normalized_rounded"": 2}}",2.63,anum,"Seems like the kid has a lisp or an affected throat. Hence marked 2 for ""it's""",1515620,4248,7983,2025-07-25 07:22:39.586,grade1_profile28518_q2_QK_20251122_100724.mp3,https://drive.google.com/file/d/1Yy165tYlkey8zz9hYrqJA2N33JKTQ5rf/view?usp=drivesdk,2.63,Rawalpindi,Grammar School Rawalpindi,It's locked. I can open it. ,1
28485,It's locked. I can open it.,2,,pre,It is,It it,0.0,2,"{""it's"": 0}","{""it"": {""actual_score"": 94.0, ""normalized_score"": 1.88, ""normalized_rounded"": 2}}",0.56,anum,Incomplete audio by the kid.,1023624,3167,6674,2025-06-25 09:45:57.120,grade1_profile28485_q2_LP_20251122_100201.mp3,https://drive.google.com/file/d/1_JdlCr0U38E7BoyG5Cg8m-pSJLffKYVR/view?usp=drivesdk,0.56,Karachi,,It's locked. I can open it. ,1
28485,This is Zara. She loves to draw. This is Faiz. He loves to build things.,3,,pre,This is Zara She loves to draw This is Raza He loves to buid things,This is zara she loves to draw draw this is zara she loves to build things,28.0,30,"{""this"": 2, ""is"": 2, ""zara"": 2, ""she"": 2, ""loves"": 2, ""to"": 2, ""draw"": 2, ""this.1"": 2, ""is.1"": 2, ""faiz"": 1, ""he"": 2, ""loves.1"": 2, ""to.1"": 2, ""build"": 1, ""things"": 2}","{""this"": {""actual_score"": 94.0, ""normalized_score"": 1.88, ""normalized_rounded"": 2}, ""is"": {""actual_score"": 94.0, ""normalized_score"": 1.88, ""normalized_rounded"": 2}, ""zara"": {""actual_score"": 82.0, ""normalized_score"": 1.64, ""normalized_rounded"": 2}, ""she"": {""actual_score"": 76.0, ""normalized_score"": 1.52, ""normalized_rounded"": 2}, ""loves"": {""actual_score"": 94.0, ""normalized_score"": 1.88, ""normalized_rounded"": 2}, ""to"": {""actual_score"": 79.0, ""normalized_score"": 1.58, ""normalized_rounded"": 2}, ""draw"": {""actual_score"": 88.0, ""normalized_score"": 1.76, ""normalized_rounded"": 2}, ""build"": {""actual_score"": 9.0, ""normalized_score"": 0.18, ""normalized_rounded"": 0}, ""things"": {""actual_score"": 92.0, ""normalized_score"": 1.84, ""normalized_rounded"": 2}}",12.66,salman,,1023650,3167,6677,2025-06-25 09:51:46.510,grade1_profile28485_q3_LP_20251122_101304.mp3,https://drive.google.com/file/d/1NUgipYYINtkeiXFDPns-4K7dt3TTVnik/view?usp=drivesdk,12.66,Karachi,,This is Zara. She loves to draw. This is Faiz. He loves to build things. ,1
28485,It's locked. I can open it.,2,,post,It's lock I can open it,It's locked i can open it,10.0,12,"{""it's"": 2, ""locked"": 0, ""i"": 2, ""can"": 2, ""open"": 2, ""it"": 2}","{""it's"": {""actual_score"": 40.0, ""normalized_score"": 0.8, ""normalized_rounded"": 1}, ""locked"": {""actual_score"": 55.0, ""normalized_score"": 1.1, ""normalized_rounded"": 1}, ""i"": {""actual_score"": 94.0, ""normalized_score"": 1.88, ""normalized_rounded"": 2}, ""can"": {""actual_score"": 97.0, ""normalized_score"": 1.94, ""normalized_rounded"": 2}, ""open"": {""actual_score"": 94.0, ""normalized_score"": 1.88, ""normalized_rounded"": 2}, ""it"": {""actual_score"": 94.0, ""normalized_score"": 1.88, ""normalized_rounded"": 2}}",2.75,ali,,1521706,4248,7983,2025-07-25 09:21:46.440,grade1_profile28485_q2_QK_20251122_100724.mp3,https://drive.google.com/file/d/1qsKAq366_c1djc8vogu7Z22Oa36SiiOU/view?usp=drivesdk,2.75,Karachi,,It's locked. I can open it. ,1
30485,Come on. We can do it together.,1,,pre,Come on we cant to eat do gather,Come on we can do it together,8.0,14,"{""come"": 2, ""on"": 2, ""we"": 2, ""can"": 1, ""do"": 0, ""it"": 1, ""together"": 0}","{""come"": {""actual_score"": 82.0, ""normalized_score"": 1.64, ""normalized_rounded"": 2}, ""on"": {""actual_score"": 82.0, ""normalized_score"": 1.64, ""normalized_rounded"": 2}, ""we"": {""actual_score"": 94.0, ""normalized_score"": 1.88, ""normalized_rounded"": 2}, ""can"": {""actual_score"": 88.0, ""normalized_score"": 1.76, ""normalized_rounded"": 2}, ""do"": {""actual_score"": 88.0, ""normalized_score"": 1.76, ""normalized_rounded"": 2}, ""it"": {""actual_score"": 91.0, ""normalized_score"": 1.82, ""normalized_rounded"": 2}, ""together"": {""actual_score"": 12.0, ""normalized_score"": 0.24, ""normalized_rounded"": 0}}",5.44,semal,Cumon,1024663,3167,6675,2025-06-25 12:35:21.711,grade1_profile30485_q1_LP_20251122_095026.mp3,https://drive.google.com/file/d/1GsTK7LCSRVs5Aai_SNJOkMNN_GbjOtDx/view?usp=drivesdk,5.44,Faisalabad,Oxford Grammar School,Come on. We can do it  together.,1
30485,This is Zara. She loves to draw. This is Faiz. He loves to build things.,3,,pre,This is Zara She loves to draw This is Faiz He loves to build things,This is zara she loves to loves this is faiz zara he loves to build things,25.0,30,"{""this"": 2, ""is"": 2, ""zara"": 2, ""she"": 2, ""loves"": 1, ""to"": 2, ""draw"": 0, ""this.1"": 2, ""is.1"": 2, ""faiz"": 0, ""he"": 2, ""loves.1"": 2, ""to.1"": 2, ""build"": 2, ""things"": 2}","{""this"": {""actual_score"": 91.0, ""normalized_score"": 1.82, ""normalized_rounded"": 2}, ""is"": {""actual_score"": 80.0, ""normalized_score"": 1.6, ""normalized_rounded"": 2}, ""zara"": {""actual_score"": 79.0, ""normalized_score"": 1.58, ""normalized_rounded"": 2}, ""she"": {""actual_score"": 88.0, ""normalized_score"": 1.76, ""normalized_rounded"": 2}, ""loves"": {""actual_score"": 94.0, ""normalized_score"": 1.88, ""normalized_rounded"": 2}, ""to"": {""actual_score"": 94.0, ""normalized_score"": 1.88, ""normalized_rounded"": 2}, ""faiz"": {""actual_score"": 88.0, ""normalized_score"": 1.76, ""normalized_rounded"": 2}, ""he"": {""actual_score"": 94.0, ""normalized_score"": 1.88, ""normalized_rounded"": 2}, ""build"": {""actual_score"": 3.0, ""normalized_score"": 0.06, ""normalized_rounded"": 0}, ""things"": {""actual_score"": 79.0, ""normalized_score"": 1.58, ""normalized_rounded"": 2}}",11.82,salman,,1024703,3167,6677,2025-06-25 12:37:59.736,grade1_profile30485_q3_LP_20251122_101304.mp3,https://drive.google.com/file/d/1ePRzkwWu_WKMikWV8N8zTJZ9L2Q3WGJX/view?usp=drivesdk,11.82,Faisalabad,Oxford Grammar School,This is Zara. She loves to draw. This is Faiz. He loves to build things. ,1
28509,Come on. We can do it together.,1,,pre,Come on We can do it to gather,Come on we do do it together,12.0,14,"{""come"": 1, ""on"": 2, ""we"": 2, ""can"": 2, ""do"": 2, ""it"": 2, ""together"": 1}","{""come"": {""actual_score"": 16.0, ""normalized_score"": 0.32, ""normalized_rounded"": 0}, ""on"": {""actual_score"": 48.0, ""normalized_score"": 0.96, ""normalized_rounded"": 1}, ""we"": {""actual_score"": 57.0, ""normalized_score"": 1.14, ""normalized_rounded"": 1}, ""do"": {""actual_score"": 80.0, ""normalized_score"": 1.6, ""normalized_rounded"": 2}, ""it"": {""actual_score"": 88.0, ""normalized_score"": 1.76, ""normalized_rounded"": 2}, ""together"": {""actual_score"": 81.0, ""normalized_score"": 1.62, ""normalized_rounded"": 2}}",10.98,ali,,1053024,3167,6675,2025-06-30 08:33:39.253,grade1_profile28509_q1_LP_20251122_095026.mp3,https://drive.google.com/file/d/1Dz5ard096OgvY8kmX8KGYzf4ytkl3KCf/view?usp=drivesdk,10.98,Faisalabad,Oxford Grammar School,Come on. We can do it  together.,1
28509,Come on. We can do it together.,1,,post,Come on We can do it together,Come on we can do it together,12.0,14,"{""come"": 2, ""on"": 2, ""we"": 2, ""can"": 1, ""do"": 2, ""it"": 2, ""together"": 1}","{""come"": {""actual_score"": 82.0, ""normalized_score"": 1.64, ""normalized_rounded"": 2}, ""on"": {""actual_score"": 58.0, ""normalized_score"": 1.16, ""normalized_rounded"": 1}, ""we"": {""actual_score"": 19.0, ""normalized_score"": 0.38, ""normalized_rounded"": 0}, ""can"": {""actual_score"": 19.0, ""normalized_score"": 0.38, ""normalized_rounded"": 0}, ""do"": {""actual_score"": 85.0, ""normalized_score"": 1.7, ""normalized_rounded"": 2}, ""it"": {""actual_score"": 94.0, ""normalized_score"": 1.88, ""normalized_rounded"": 2}, ""together"": {""actual_score"": 52.0, ""normalized_score"": 1.04, ""normalized_rounded"": 1}}",3.92,ali,,1639344,4248,7979,2025-08-04 08:48:53.369,grade1_profile28509_q1_QK_20251122_095622.mp3,https://drive.google.com/file/d/1xzlYojZspq99r9AvTOBPPpdjELO5r_3w/view?usp=drivesdk,3.92,Faisalabad,Oxford Grammar School,Come on. We can do it  together.,1
28509,Come on. We can do it together.,1,,post,Come on we can do it together,Come on we can do it together,14.0,14,"{""come"": 2, ""on"": 2, ""we"": 2, ""can"": 2, ""do"": 2, ""it"": 2, ""together"": 2}","{""come"": {""actual_score"": 82.0, ""normalized_score"": 1.64, ""normalized_rounded"": 2}, ""on"": {""actual_score"": 58.0, ""normalized_score"": 1.16, ""normalized_rounded"": 1}, ""we"": {""actual_score"": 19.0, ""normalized_score"": 0.38, ""normalized_rounded"": 0}, ""can"": {""actual_score"": 19.0, ""normalized_score"": 0.38, ""normalized_rounded"": 0}, ""do"": {""actual_score"": 85.0, ""normalized_score"": 1.7, ""normalized_rounded"": 2}, ""it"": {""actual_score"": 94.0, ""normalized_score"": 1.88, ""normalized_rounded"": 2}, ""together"": {""actual_score"": 52.0, ""normalized_score"": 1.04, ""normalized_rounded"": 1}}",3.92,salman,,1639344,4248,7979,2025-08-04 08:48:53.369,grade1_profile28509_q1_QK_20251122_095622.mp3,https://drive.google.com/file/d/1xzlYojZspq99r9AvTOBPPpdjELO5r_3w/view?usp=drivesdk,3.92,Faisalabad,Oxford Grammar School,Come on. We can do it  together.,1
28509,This is Zara. She loves to draw. This is Faiz. He loves to build things.,3,,post,This is Zara She loves to draw This is Faiz He loves to building things,Build is zara she loves to draw he loves to build things,24.0,30,"{""this"": 2, ""is"": 2, ""zara"": 2, ""she"": 2, ""loves"": 1, ""to"": 2, ""draw"": 0, ""this.1"": 2, ""is.1"": 2, ""faiz"": 0, ""he"": 2, ""loves.1"": 1, ""to.1"": 2, ""build"": 2, ""things"": 2}","{""build"": {""actual_score"": 10.0, ""normalized_score"": 0.2, ""normalized_rounded"": 0}, ""is"": {""actual_score"": 80.0, ""normalized_score"": 1.6, ""normalized_rounded"": 2}, ""zara"": {""actual_score"": 70.0, ""normalized_score"": 1.4, ""normalized_rounded"": 1}, ""she"": {""actual_score"": 76.0, ""normalized_score"": 1.52, ""normalized_rounded"": 2}, ""loves"": {""actual_score"": 73.0, ""normalized_score"": 1.46, ""normalized_rounded"": 1}, ""to"": {""actual_score"": 80.0, ""normalized_score"": 1.6, ""normalized_rounded"": 2}, ""draw"": {""actual_score"": 44.0, ""normalized_score"": 0.88, ""normalized_rounded"": 1}, ""he"": {""actual_score"": 76.0, ""normalized_score"": 1.52, ""normalized_rounded"": 2}, ""things"": {""actual_score"": 79.0, ""normalized_score"": 1.58, ""normalized_rounded"": 2}}",10.21,salman,Mix wording (Eng/Urdu),1639364,4248,7982,2025-08-04 08:56:18.497,grade1_profile28509_q3_QK_20251122_101834.mp3,https://drive.google.com/file/d/1Rv-bd4JNNg9vXI_FNUhU87YzEOF2Q-a4/view?usp=drivesdk,10.21,Faisalabad,Oxford Grammar School,This is Zara. She loves to draw. This is Faiz. He loves to build things. ,1
28371,Come on. We can do it together.,1,,pre,Come on Come on on come on on we can do it gather,Do come on come on on come on on we can do it together,13.0,14,"{""come"": 2, ""on"": 2, ""we"": 2, ""can"": 2, ""do"": 2, ""it"": 2, ""together"": 1}","{""do"": {""actual_score"": 56.0, ""normalized_score"": 1.12, ""normalized_rounded"": 1}, ""come"": {""actual_score"": 94.0, ""normalized_score"": 1.88, ""normalized_rounded"": 2}, ""on"": {""actual_score"": 88.0, ""normalized_score"": 1.76, ""normalized_rounded"": 2}, ""we"": {""actual_score"": 55.0, ""normalized_score"": 1.1, ""normalized_rounded"": 1}, ""can"": {""actual_score"": 73.0, ""normalized_score"": 1.46, ""normalized_rounded"": 1}, ""it"": {""actual_score"": 74.0, ""normalized_score"": 1.48, ""normalized_rounded"": 1}, ""together"": {""actual_score"": 51.0, ""normalized_score"": 1.02, ""normalized_rounded"": 1}}",15.6,ali,Father giving instructions in background to see the image as child is struggling to remember the sentance,1047688,3167,6675,2025-06-30 05:15:09.261,grade1_profile28371_q1_LP_20251122_095026.mp3,https://drive.google.com/file/d/1Okj7OpDwvehfmH6qsyTQDjllIrrZ9LXg/view?usp=drivesdk,15.6,Faisalabad,Oxford Grammar School,Come on. We can do it  together.,1
28371,Come on. We can do it together.,1,,pre,Come on Come on on Come on on we can do it gather,Do come on come on on come on on we can do it together,12.0,14,"{""come"": 2, ""on"": 2, ""we"": 2, ""can"": 2, ""do"": 2, ""it"": 2, ""together"": 0}","{""do"": {""actual_score"": 56.0, ""normalized_score"": 1.12, ""normalized_rounded"": 1}, ""come"": {""actual_score"": 94.0, ""normalized_score"": 1.88, ""normalized_rounded"": 2}, ""on"": {""actual_score"": 88.0, ""normalized_score"": 1.76, ""normalized_rounded"": 2}, ""we"": {""actual_score"": 55.0, ""normalized_score"": 1.1, ""normalized_rounded"": 1}, ""can"": {""actual_score"": 73.0, ""normalized_score"": 1.46, ""normalized_rounded"": 1}, ""it"": {""actual_score"": 74.0, ""normalized_score"": 1.48, ""normalized_rounded"": 1}, ""together"": {""actual_score"": 51.0, ""normalized_score"": 1.02, ""normalized_rounded"": 1}}",15.6,semal,"Cumon
Parent assisting",1047688,3167,6675,2025-06-30 05:15:09.261,grade1_profile28371_q1_LP_20251122_095026.mp3,https://drive.google.com/file/d/1Okj7OpDwvehfmH6qsyTQDjllIrrZ9LXg/view?usp=drivesdk,15.6,Faisalabad,Oxford Grammar School,Come on. We can do it  together.,1
28371,This is Zara. She loves to draw. This is Faiz. He loves to build things.,3,,pre,This is She loves to,She this is zara she loves to to draw,10.0,30,"{""this"": 2, ""is"": 2, ""zara"": 0, ""she"": 2, ""loves"": 2, ""to"": 2, ""draw"": 0, ""this.1"": 0, ""is.1"": 0, ""faiz"": 0, ""he"": 0, ""loves.1"": 0, ""to.1"": 0, ""build"": 0, ""things"": 0}","{""she"": {""actual_score"": 73.0, ""normalized_score"": 1.46, ""normalized_rounded"": 1}, ""this"": {""actual_score"": 91.0, ""normalized_score"": 1.82, ""normalized_rounded"": 2}, ""is"": {""actual_score"": 82.0, ""normalized_score"": 1.64, ""normalized_rounded"": 2}, ""zara"": {""actual_score"": 5.0, ""normalized_score"": 0.1, ""normalized_rounded"": 0}, ""loves"": {""actual_score"": 88.0, ""normalized_score"": 1.76, ""normalized_rounded"": 2}, ""to"": {""actual_score"": 76.0, ""normalized_score"": 1.52, ""normalized_rounded"": 2}, ""draw"": {""actual_score"": 43.0, ""normalized_score"": 0.86, ""normalized_rounded"": 1}}",13.54,salman,,1063992,3167,6677,2025-07-01 05:03:58.563,grade1_profile28371_q3_LP_20251122_101304.mp3,https://drive.google.com/file/d/1-wuGWmyOdsa2pRQFK_Gr4M7n1DJ2kJ13/view?usp=drivesdk,13.54,Faisalabad,Oxford Grammar School,This is Zara. She loves to draw. This is Faiz. He loves to build things. ,1
28371,This is Zara. She loves to draw. This is Faiz. He loves to build things.,3,,post,This is Zara She loves to draw,This is is zara she loves to draw,14.0,30,"{""this"": 2, ""is"": 2, ""zara"": 2, ""she"": 2, ""loves"": 2, ""to"": 2, ""draw"": 2, ""this.1"": 0, ""is.1"": 0, ""faiz"": 0, ""he"": 0, ""loves.1"": 0, ""to.1"": 0, ""build"": 0, ""things"": 0}","{""this"": {""actual_score"": 71.0, ""normalized_score"": 1.42, ""normalized_rounded"": 1}, ""is"": {""actual_score"": 62.0, ""normalized_score"": 1.24, ""normalized_rounded"": 1}, ""zara"": {""actual_score"": 55.0, ""normalized_score"": 1.1, ""normalized_rounded"": 1}, ""she"": {""actual_score"": 37.0, ""normalized_score"": 0.74, ""normalized_rounded"": 1}, ""loves"": {""actual_score"": 94.0, ""normalized_score"": 1.88, ""normalized_rounded"": 2}, ""to"": {""actual_score"": 79.0, ""normalized_score"": 1.58, ""normalized_rounded"": 2}, ""draw"": {""actual_score"": 46.0, ""normalized_score"": 0.92, ""normalized_rounded"": 1}}",28.5,ali,Parent helping in background.,1522046,4248,7982,2025-07-25 09:30:44.020,grade1_profile28371_q3_QK_20251122_101834.mp3,https://drive.google.com/file/d/1iJPq0kYfh0--JzxCTOeSkM3S3sIqJMzZ/view?usp=drivesdk,28.5,Faisalabad,Oxford Grammar School,This is Zara. She loves to draw. This is Faiz. He loves to build things. ,1
28371,It's locked. I can open it.,2,,post,Its loo kid eye can topen i eat,It's it i can it open open i it it,7.0,12,"{""it's"": 2, ""locked"": 0, ""i"": 1, ""can"": 2, ""open"": 1, ""it"": 1}","{""it's"": {""actual_score"": 30.0, ""normalized_score"": 0.6, ""normalized_rounded"": 1}, ""it"": {""actual_score"": 80.0, ""normalized_score"": 1.6, ""normalized_rounded"": 2}, ""i"": {""actual_score"": 62.0, ""normalized_score"": 1.24, ""normalized_rounded"": 1}, ""can"": {""actual_score"": 70.0, ""normalized_score"": 1.4, ""normalized_rounded"": 1}, ""open"": {""actual_score"": 79.0, ""normalized_score"": 1.58, ""normalized_rounded"": 2}}",7.49,semal,Parent assisting,1521967,4248,7983,2025-07-25 09:27:59.774,grade1_profile28371_q2_QK_20251122_100724.mp3,https://drive.google.com/file/d/1TWbXE9cbhk-hUG1FdACz1grtY5pXJbR4/view?usp=drivesdk,7.49,Faisalabad,Oxford Grammar School,It's locked. I can open it. ,1
28399,Come on. We can do it together.,1,,pre,,,0.0,0,{},{},0.0,salman,,1042760,3167,6675,2025-06-28 07:16:06.064,grade1_profile28399_q1_LP_20251122_095026.mp3,https://drive.google.com/file/d/1uKWKeZslAZ6C-LcRjijZL8pozw_vKO3D/view?usp=drivesdk,0.0,Rawalpindi,Vision Montessori And School,Come on. We can do it  together.,1
28399,It's locked. I can open it.,2,,pre,Its lock i can open,It's locked i can open it,8.0,12,"{""it's"": 2, ""locked"": 0, ""i"": 2, ""can"": 2, ""open"": 2, ""it"": 0}","{""it's"": {""actual_score"": 94.0, ""normalized_score"": 1.88, ""normalized_rounded"": 2}, ""locked"": {""actual_score"": 66.0, ""normalized_score"": 1.32, ""normalized_rounded"": 1}, ""i"": {""actual_score"": 97.0, ""normalized_score"": 1.94, ""normalized_rounded"": 2}, ""can"": {""actual_score"": 97.0, ""normalized_score"": 1.94, ""normalized_rounded"": 2}, ""open"": {""actual_score"": 91.0, ""normalized_score"": 1.82, ""normalized_rounded"": 2}, ""it"": {""actual_score"": 97.0, ""normalized_score"": 1.94, ""normalized_rounded"": 2}}",2.76,semal,,1042781,3167,6674,2025-06-28 07:18:12.280,grade1_profile28399_q2_LP_20251122_100201.mp3,https://drive.google.com/file/d/1Fhc2x3S7o0UmEf1MLjzHP9OrzQiJ_28D/view?usp=drivesdk,2.76,Rawalpindi,Vision Montessori And School,It's locked. I can open it. ,1
28399,Come on. We can do it together.,1,,post,Come on We can do it together,Come on we can do it together,14.0,14,"{""come"": 2, ""on"": 2, ""we"": 2, ""can"": 2, ""do"": 2, ""it"": 2, ""together"": 2}","{""come"": {""actual_score"": 97.0, ""normalized_score"": 1.94, ""normalized_rounded"": 2}, ""on"": {""actual_score"": 100.0, ""normalized_score"": 2.0, ""normalized_rounded"": 2}, ""we"": {""actual_score"": 97.0, ""normalized_score"": 1.94, ""normalized_rounded"": 2}, ""can"": {""actual_score"": 100.0, ""normalized_score"": 2.0, ""normalized_rounded"": 2}, ""do"": {""actual_score"": 100.0, ""normalized_score"": 2.0, ""normalized_rounded"": 2}, ""it"": {""actual_score"": 100.0, ""normalized_score"": 2.0, ""normalized_rounded"": 2}, ""together"": {""actual_score"": 97.0, ""normalized_score"": 1.94, ""normalized_rounded"": 2}}",1.43,ali,Parent/Sibling speaking,1623780,4248,7979,2025-08-01 19:36:04.362,grade1_profile28399_q1_QK_20251122_095622.mp3,https://drive.google.com/file/d/19IIai2ik-zWasAflauCZb9oteGjEDaQN/view?usp=drivesdk,1.43,Rawalpindi,Vision Montessori And School,Come on. We can do it  together.,1
28399,This is Zara. She loves to draw. This is Faiz. He loves to build things.,3,,post,Zara She loves to draw This is Faiz He loves to build things,Zara she loves to draw this is faiz he loves to build build,26.0,30,"{""this"": 0, ""is"": 0, ""zara"": 2, ""she"": 2, ""loves"": 2, ""to"": 2, ""draw"": 2, ""this.1"": 2, ""is.1"": 2, ""faiz"": 2, ""he"": 2, ""loves.1"": 2, ""to.1"": 2, ""build"": 2, ""things"": 2}","{""zara"": {""actual_score"": 65.0, ""normalized_score"": 1.3, ""normalized_rounded"": 1}, ""she"": {""actual_score"": 94.0, ""normalized_score"": 1.88, ""normalized_rounded"": 2}, ""loves"": {""actual_score"": 100.0, ""normalized_score"": 2.0, ""normalized_rounded"": 2}, ""to"": {""actual_score"": 97.0, ""normalized_score"": 1.94, ""normalized_rounded"": 2}, ""draw"": {""actual_score"": 97.0, ""normalized_score"": 1.94, ""normalized_rounded"": 2}, ""this"": {""actual_score"": 97.0, ""normalized_score"": 1.94, ""normalized_rounded"": 2}, ""is"": {""actual_score"": 88.0, ""normalized_score"": 1.76, ""normalized_rounded"": 2}, ""faiz"": {""actual_score"": 85.0, ""normalized_score"": 1.7, ""normalized_rounded"": 2}, ""he"": {""actual_score"": 97.0, ""normalized_score"": 1.94, ""normalized_rounded"": 2}, ""build"": {""actual_score"": 94.0, ""normalized_score"": 1.88, ""normalized_rounded"": 2}}",2.89,ali,Parent speaking,1623783,4248,7982,2025-08-01 19:36:45.515,grade1_profile28399_q3_QK_20251122_101834.mp3,https://drive.google.com/file/d/1sTMA00d3BmPhY_BjJpTY9WuxzdLdzRdb/view?usp=drivesdk,2.89,Rawalpindi,Vision Montessori And School,This is Zara. She loves to draw. This is Faiz. He loves to build things. ,1
28443,Come on. We can do it together.,1,,pre,Come on we can do it together,Come on we can do it together,14.0,14,"{""come"": 2, ""on"": 2, ""we"": 2, ""can"": 2, ""do"": 2, ""it"": 2, ""together"": 2}","{""come"": {""actual_score"": 94.0, ""normalized_score"": 1.88, ""normalized_rounded"": 2}, ""on"": {""actual_score"": 91.0, ""normalized_score"": 1.82, ""normalized_rounded"": 2}, ""we"": {""actual_score"": 94.0, ""normalized_score"": 1.88, ""normalized_rounded"": 2}, ""can"": {""actual_score"": 97.0, ""normalized_score"": 1.94, ""normalized_rounded"": 2}, ""do"": {""actual_score"": 94.0, ""normalized_score"": 1.88, ""normalized_rounded"": 2}, ""it"": {""actual_score"": 97.0, ""normalized_score"": 1.94, ""normalized_rounded"": 2}, ""together"": {""actual_score"": 91.0, ""normalized_score"": 1.82, ""normalized_rounded"": 2}}",3.42,semal,,1024498,3167,6675,2025-06-25 12:02:46.571,grade1_profile28443_q1_LP_20251122_095026.mp3,https://drive.google.com/file/d/1S7rvRIEal6sBaatoaJer2YMm0y5pruGG/view?usp=drivesdk,3.42,Rawalpindi,Grammar School Rawalpindi,Come on. We can do it  together.,1
28443,It's locked. I can open it.,2,,post,Its locked i can open it,It's locked i can open it,12.0,12,"{""it's"": 2, ""locked"": 2, ""i"": 2, ""can"": 2, ""open"": 2, ""it"": 2}","{""it's"": {""actual_score"": 97.0, ""normalized_score"": 1.94, ""normalized_rounded"": 2}, ""locked"": {""actual_score"": 91.0, ""normalized_score"": 1.82, ""normalized_rounded"": 2}, ""i"": {""actual_score"": 97.0, ""normalized_score"": 1.94, ""normalized_rounded"": 2}, ""can"": {""actual_score"": 97.0, ""normalized_score"": 1.94, ""normalized_rounded"": 2}, ""open"": {""actual_score"": 97.0, ""normalized_score"": 1.94, ""normalized_rounded"": 2}, ""it"": {""actual_score"": 97.0, ""normalized_score"": 1.94, ""normalized_rounded"": 2}}",2.46,semal,,1538592,4248,7983,2025-07-25 23:39:26.536,grade1_profile28443_q2_QK_20251122_100724.mp3,https://drive.google.com/file/d/11faSqDjUJZLdecbtdk6hByud8BknQPiF/view?usp=drivesdk,2.46,Rawalpindi,Grammar School Rawalpindi,It's locked. I can open it. ,1
28443,This is Zara. She loves to draw. This is Faiz. He loves to build things.,3,,post,I am good,Faiz,0.0,30,"{""this"": 0, ""is"": 0, ""zara"": 0, ""she"": 0, ""loves"": 0, ""to"": 0, ""draw"": 0, ""this.1"": 0, ""is.1"": 0, ""faiz"": 0, ""he"": 0, ""loves.1"": 0, ""to.1"": 0, ""build"": 0, ""things"": 0}","{""faiz"": {""actual_score"": 53.0, ""normalized_score"": 1.06, ""normalized_rounded"": 1}}",0.53,ali,,1538593,4248,7982,2025-07-25 23:39:41.797,grade1_profile28443_q3_QK_20251122_101834.mp3,https://drive.google.com/file/d/1FFY3cKLerj1zOO4R3qNV9mxXNniSytTg/view?usp=drivesdk,0.53,Rawalpindi,Grammar School Rawalpindi,This is Zara. She loves to draw. This is Faiz. He loves to build things. ,1
30476,Come on. We can do it together.,1,,pre,Come own we can do it to gather,Come on we can do it together,12.0,14,"{""come"": 2, ""on"": 1, ""we"": 2, ""can"": 2, ""do"": 2, ""it"": 2, ""together"": 1}","{""come"": {""actual_score"": 26.0, ""normalized_score"": 0.52, ""normalized_rounded"": 1}, ""on"": {""actual_score"": 49.0, ""normalized_score"": 0.98, ""normalized_rounded"": 1}, ""we"": {""actual_score"": 69.0, ""normalized_score"": 1.38, ""normalized_rounded"": 1}, ""can"": {""actual_score"": 82.0, ""normalized_score"": 1.64, ""normalized_rounded"": 2}, ""do"": {""actual_score"": 88.0, ""normalized_score"": 1.76, ""normalized_rounded"": 2}, ""it"": {""actual_score"": 94.0, ""normalized_score"": 1.88, ""normalized_rounded"": 2}, ""together"": {""actual_score"": 88.0, ""normalized_score"": 1.76, ""normalized_rounded"": 2}}",4.26,semal,,1041395,3167,6675,2025-06-27 16:43:09.132,grade1_profile30476_q1_LP_20251122_095026.mp3,https://drive.google.com/file/d/1U15OsCTiGS6twXkOKKN-XOHJcj2qpRFs/view?usp=drivesdk,4.26,Faisalabad,Oxford Grammar School,Come on. We can do it  together.,1
30476,It's locked. I can open it.,2,,pre,It's locked I can open it,It's locked i can open it,11.0,12,"{""it's"": 2, ""locked"": 1, ""i"": 2, ""can"": 2, ""open"": 2, ""it"": 2}","{""it's"": {""actual_score"": 97.0, ""normalized_score"": 1.94, ""normalized_rounded"": 2}, ""locked"": {""actual_score"": 60.0, ""normalized_score"": 1.2, ""normalized_rounded"": 1}, ""i"": {""actual_score"": 97.0, ""normalized_score"": 1.94, ""normalized_rounded"": 2}, ""can"": {""actual_score"": 97.0, ""normalized_score"": 1.94, ""normalized_rounded"": 2}, ""open"": {""actual_score"": 94.0, ""normalized_score"": 1.88, ""normalized_rounded"": 2}, ""it"": {""actual_score"": 97.0, ""normalized_score"": 1.94, ""normalized_rounded"": 2}}",3.21,ali,,1041401,3167,6674,2025-06-27 16:43:34.872,grade1_profile30476_q2_LP_20251122_100201.mp3,https://drive.google.com/file/d/156n8euERyGgn-VL4B4J6zfxHPkHYRs_I/view?usp=drivesdk,3.21,Faisalabad,Oxford Grammar School,It's locked. I can open it. ,1
30476,This is Zara. She loves to draw. This is Faiz. He loves to build things.,3,,post,This is Zara She loves to draw This is Faiz He loves to builds things,This is zara she loves to draw this is faiz he loves things,29.0,30,"{""this"": 2, ""is"": 2, ""zara"": 2, ""she"": 2, ""loves"": 2, ""to"": 2, ""draw"": 2, ""this.1"": 2, ""is.1"": 2, ""faiz"": 2, ""he"": 2, ""loves.1"": 2, ""to.1"": 2, ""build"": 1, ""things"": 2}","{""this"": {""actual_score"": 85.0, ""normalized_score"": 1.7, ""normalized_rounded"": 2}, ""is"": {""actual_score"": 76.0, ""normalized_score"": 1.52, ""normalized_rounded"": 2}, ""zara"": {""actual_score"": 52.0, ""normalized_score"": 1.04, ""normalized_rounded"": 1}, ""she"": {""actual_score"": 76.0, ""normalized_score"": 1.52, ""normalized_rounded"": 2}, ""loves"": {""actual_score"": 94.0, ""normalized_score"": 1.88, ""normalized_rounded"": 2}, ""to"": {""actual_score"": 80.0, ""normalized_score"": 1.6, ""normalized_rounded"": 2}, ""draw"": {""actual_score"": 88.0, ""normalized_score"": 1.76, ""normalized_rounded"": 2}, ""faiz"": {""actual_score"": 49.0, ""normalized_score"": 0.98, ""normalized_rounded"": 1}, ""he"": {""actual_score"": 97.0, ""normalized_score"": 1.94, ""normalized_rounded"": 2}, ""things"": {""actual_score"": 74.0, ""normalized_score"": 1.48, ""normalized_rounded"": 1}}",11.4,ali,,1517197,4248,7982,2025-07-25 07:51:00.461,grade1_profile30476_q3_QK_20251122_101834.mp3,https://drive.google.com/file/d/1OQdQbtBnPMBBCtpsjQoLsDAdR0EtkE44/view?usp=drivesdk,11.4,Faisalabad,Oxford Grammar School,This is Zara. She loves to draw. This is Faiz. He loves to build things. ,1
28468,Come on. We can do it together.,1,,pre,Come on we can't gather,Come on we can together,7.0,14,"{""come"": 2, ""on"": 2, ""we"": 2, ""can"": 1, ""do"": 0, ""it"": 0, ""together"": 0}","{""come"": {""actual_score"": 94.0, ""normalized_score"": 1.88, ""normalized_rounded"": 2}, ""on"": {""actual_score"": 94.0, ""normalized_score"": 1.88, ""normalized_rounded"": 2}, ""we"": {""actual_score"": 56.0, ""normalized_score"": 1.12, ""normalized_rounded"": 1}, ""can"": {""actual_score"": 73.0, ""normalized_score"": 1.46, ""normalized_rounded"": 1}, ""together"": {""actual_score"": 9.0, ""normalized_score"": 0.18, ""normalized_rounded"": 0}}",2.95,semal,,1021341,3167,6675,2025-06-25 06:44:27.943,grade1_profile28468_q1_LP_20251122_095026.mp3,https://drive.google.com/file/d/1Uaz4ZZpZ1e78Q79Zzh7N8LgRjANwevu0/view?usp=drivesdk,2.95,Rawalpindi,Grammar School Rawalpindi,Come on. We can do it  together.,1
28468,It's locked. I can open it.,2,,pre,Is lock I aapen enn aann,It's locked i open it,5.0,12,"{""it's"": 1, ""locked"": 1, ""i"": 2, ""can"": 0, ""open"": 1, ""it"": 0}","{""it's"": {""actual_score"": 97.0, ""normalized_score"": 1.94, ""normalized_rounded"": 2}, ""locked"": {""actual_score"": 61.0, ""normalized_score"": 1.22, ""normalized_rounded"": 1}, ""i"": {""actual_score"": 94.0, ""normalized_score"": 1.88, ""normalized_rounded"": 2}, ""open"": {""actual_score"": 79.0, ""normalized_score"": 1.58, ""normalized_rounded"": 2}, ""it"": {""actual_score"": 88.0, ""normalized_score"": 1.76, ""normalized_rounded"": 2}}",3.25,anum,,1021392,3167,6674,2025-06-25 06:48:17.523,grade1_profile28468_q2_LP_20251122_100201.mp3,https://drive.google.com/file/d/1xv2M86NdHggbvBapWbsvtK814vlNaAkB/view?usp=drivesdk,3.25,Rawalpindi,Grammar School Rawalpindi,It's locked. I can open it. ,1
28468,Come on. We can do it together.,1,,post,Come on we can do it together,Come on we can do it together,14.0,14,"{""come"": 2, ""on"": 2, ""we"": 2, ""can"": 2, ""do"": 2, ""it"": 2, ""together"": 2}","{""come"": {""actual_score"": 94.0, ""normalized_score"": 1.88, ""normalized_rounded"": 2}, ""on"": {""actual_score"": 94.0, ""normalized_score"": 1.88, ""normalized_rounded"": 2}, ""we"": {""actual_score"": 97.0, ""normalized_score"": 1.94, ""normalized_rounded"": 2}, ""can"": {""actual_score"": 97.0, ""normalized_score"": 1.94, ""normalized_rounded"": 2}, ""do"": {""actual_score"": 97.0, ""normalized_score"": 1.94, ""normalized_rounded"": 2}, ""it"": {""actual_score"": 97.0, ""normalized_score"": 1.94, ""normalized_rounded"": 2}, ""together"": {""actual_score"": 79.0, ""normalized_score"": 1.58, ""normalized_rounded"": 2}}",3.36,salman,Parent speaking,1506551,4248,7979,2025-07-25 03:43:00.709,grade1_profile28468_q1_QK_20251122_095622.mp3,https://drive.google.com/file/d/13By6azb5IHr6tjEl1RwbTeILgVW7cvrj/view?usp=drivesdk,3.36,Rawalpindi,Grammar School Rawalpindi,Come on. We can do it  together.,1
28468,This is Zara. She loves to draw. This is Faiz. He loves to build things.,3,,post,is Zara She loves to draw This is Faiz He loves to build things,Is zara she loves to draw this is faiz he loves to build things,28.0,30,"{""this"": 0, ""is"": 2, ""zara"": 2, ""she"": 2, ""loves"": 2, ""to"": 2, ""draw"": 2, ""this.1"": 2, ""is.1"": 2, ""faiz"": 2, ""he"": 2, ""loves.1"": 2, ""to.1"": 2, ""build"": 2, ""things"": 2}","{""is"": {""actual_score"": 91.0, ""normalized_score"": 1.82, ""normalized_rounded"": 2}, ""zara"": {""actual_score"": 94.0, ""normalized_score"": 1.88, ""normalized_rounded"": 2}, ""she"": {""actual_score"": 97.0, ""normalized_score"": 1.94, ""normalized_rounded"": 2}, ""loves"": {""actual_score"": 100.0, ""normalized_score"": 2.0, ""normalized_rounded"": 2}, ""to"": {""actual_score"": 91.0, ""normalized_score"": 1.82, ""normalized_rounded"": 2}, ""draw"": {""actual_score"": 97.0, ""normalized_score"": 1.94, ""normalized_rounded"": 2}, ""this"": {""actual_score"": 97.0, ""normalized_score"": 1.94, ""normalized_rounded"": 2}, ""faiz"": {""actual_score"": 38.0, ""normalized_score"": 0.76, ""normalized_rounded"": 1}, ""he"": {""actual_score"": 100.0, ""normalized_score"": 2.0, ""normalized_rounded"": 2}, ""build"": {""actual_score"": 97.0, ""normalized_score"": 1.94, ""normalized_rounded"": 2}, ""things"": {""actual_score"": 88.0, ""normalized_score"": 1.76, ""normalized_rounded"": 2}}",5.64,ali,Parent speaking,1506562,4248,7982,2025-07-25 03:43:47.821,grade1_profile28468_q3_QK_20251122_101834.mp3,https://drive.google.com/file/d/1zlJMc9zmLVbIQM3Q4LxB9ENYFgP4PTvc/view?usp=drivesdk,5.64,Rawalpindi,Grammar School Rawalpindi,This is Zara. She loves to draw. This is Faiz. He loves to build things. ,1
28387,It's locked. I can open it.,2,,pre,It's locked I can open it,It's locked i can open it,12.0,12,"{""it's"": 2, ""locked"": 2, ""i"": 2, ""can"": 2, ""open"": 2, ""it"": 2}","{""it's"": {""actual_score"": 94.0, ""normalized_score"": 1.88, ""normalized_rounded"": 2}, ""locked"": {""actual_score"": 58.0, ""normalized_score"": 1.16, ""normalized_rounded"": 1}, ""i"": {""actual_score"": 85.0, ""normalized_score"": 1.7, ""normalized_rounded"": 2}, ""can"": {""actual_score"": 82.0, ""normalized_score"": 1.64, ""normalized_rounded"": 2}, ""open"": {""actual_score"": 82.0, ""normalized_score"": 1.64, ""normalized_rounded"": 2}, ""it"": {""actual_score"": 94.0, ""normalized_score"": 1.88, ""normalized_rounded"": 2}}",5.56,ali,,1021220,3167,6674,2025-06-25 06:37:09.237,grade1_profile28387_q2_LP_20251122_100201.mp3,https://drive.google.com/file/d/13zkvK5glvftB20BsZmdPmdQwBST0rmkJ/view?usp=drivesdk,5.56,Faisalabad,Oxford Grammar School,It's locked. I can open it. ,1
28387,This is Zara. She loves to draw. This is Faiz. He loves to build things.,3,,pre,This is Zara She loves to draw This is Faiz He loves to build things,This is zara she loves to this is faiz he loves,28.0,30,"{""this"": 2, ""is"": 2, ""zara"": 2, ""she"": 2, ""loves"": 2, ""to"": 2, ""draw"": 1, ""this.1"": 2, ""is.1"": 2, ""faiz"": 2, ""he"": 2, ""loves.1"": 2, ""to.1"": 2, ""build"": 1, ""things"": 2}","{""this"": {""actual_score"": 88.0, ""normalized_score"": 1.76, ""normalized_rounded"": 2}, ""is"": {""actual_score"": 63.0, ""normalized_score"": 1.26, ""normalized_rounded"": 1}, ""zara"": {""actual_score"": 67.0, ""normalized_score"": 1.34, ""normalized_rounded"": 1}, ""she"": {""actual_score"": 51.0, ""normalized_score"": 1.02, ""normalized_rounded"": 1}, ""loves"": {""actual_score"": 94.0, ""normalized_score"": 1.88, ""normalized_rounded"": 2}, ""to"": {""actual_score"": 73.0, ""normalized_score"": 1.46, ""normalized_rounded"": 1}, ""faiz"": {""actual_score"": 49.0, ""normalized_score"": 0.98, ""normalized_rounded"": 1}, ""he"": {""actual_score"": 79.0, ""normalized_score"": 1.58, ""normalized_rounded"": 2}}",10.28,ali,Two people speaking in one audio,1021338,3167,6677,2025-06-25 06:44:38.390,grade1_profile28387_q3_LP_20251122_101304.mp3,https://drive.google.com/file/d/1fKUu6aCWL1PzJdRYbYZIp-ShDab47TXV/view?usp=drivesdk,10.28,Faisalabad,Oxford Grammar School,This is Zara. She loves to draw. This is Faiz. He loves to build things. ,1
28387,This is Zara. She loves to draw. This is Faiz. He loves to build things.,3,,pre,This eva Zara She lovesa to draaa This is Faaiz He loves to buld things,This is zara she loves to this is faiz he loves,26.0,30,"{""this"": 2, ""is"": 1, ""zara"": 2, ""she"": 2, ""loves"": 2, ""to"": 2, ""draw"": 1, ""this.1"": 2, ""is.1"": 2, ""faiz"": 1, ""he"": 2, ""loves.1"": 2, ""to.1"": 2, ""build"": 1, ""things"": 2}","{""this"": {""actual_score"": 88.0, ""normalized_score"": 1.76, ""normalized_rounded"": 2}, ""is"": {""actual_score"": 63.0, ""normalized_score"": 1.26, ""normalized_rounded"": 1}, ""zara"": {""actual_score"": 67.0, ""normalized_score"": 1.34, ""normalized_rounded"": 1}, ""she"": {""actual_score"": 51.0, ""normalized_score"": 1.02, ""normalized_rounded"": 1}, ""loves"": {""actual_score"": 94.0, ""normalized_score"": 1.88, ""normalized_rounded"": 2}, ""to"": {""actual_score"": 73.0, ""normalized_score"": 1.46, ""normalized_rounded"": 1}, ""faiz"": {""actual_score"": 49.0, ""normalized_score"": 0.98, ""normalized_rounded"": 1}, ""he"": {""actual_score"": 79.0, ""normalized_score"": 1.58, ""normalized_rounded"": 2}}",10.28,anum,Mother was trying to assist but the kid was reading on his own.,1021338,3167,6677,2025-06-25 06:44:38.390,grade1_profile28387_q3_LP_20251122_101304.mp3,https://drive.google.com/file/d/1fKUu6aCWL1PzJdRYbYZIp-ShDab47TXV/view?usp=drivesdk,10.28,Faisalabad,Oxford Grammar School,This is Zara. She loves to draw. This is Faiz. He loves to build things. ,1
28387,It's locked. I can open it.,2,,post,It's locked I can open it,It's locked i can open it,12.0,12,"{""it's"": 2, ""locked"": 2, ""i"": 2, ""can"": 2, ""open"": 2, ""it"": 2}","{""it's"": {""actual_score"": 97.0, ""normalized_score"": 1.94, ""normalized_rounded"": 2}, ""locked"": {""actual_score"": 91.0, ""normalized_score"": 1.82, ""normalized_rounded"": 2}, ""i"": {""actual_score"": 97.0, ""normalized_score"": 1.94, ""normalized_rounded"": 2}, ""can"": {""actual_score"": 97.0, ""normalized_score"": 1.94, ""normalized_rounded"": 2}, ""open"": {""actual_score"": 94.0, ""normalized_score"": 1.88, ""normalized_rounded"": 2}, ""it"": {""actual_score"": 97.0, ""normalized_score"": 1.94, ""normalized_rounded"": 2}}",2.64,ali,Parent speaking,1533516,4248,7983,2025-07-25 15:20:18.654,grade1_profile28387_q2_QK_20251122_100724.mp3,https://drive.google.com/file/d/1kT4JOMzkwCbLx_2H3C8CGBH1NrWG1KiD/view?usp=drivesdk,2.64,Faisalabad,Oxford Grammar School,It's locked. I can open it. ,1
28438,It's locked. I can open it.,2,,pre,It's locked I can open it,It's locked i can open it,12.0,12,"{""it's"": 2, ""locked"": 2, ""i"": 2, ""can"": 2, ""open"": 2, ""it"": 2}","{""it's"": {""actual_score"": 24.0, ""normalized_score"": 0.48, ""normalized_rounded"": 0}, ""locked"": {""actual_score"": 76.0, ""normalized_score"": 1.52, ""normalized_rounded"": 2}, ""i"": {""actual_score"": 88.0, ""normalized_score"": 1.76, ""normalized_rounded"": 2}, ""can"": {""actual_score"": 94.0, ""normalized_score"": 1.88, ""normalized_rounded"": 2}, ""open"": {""actual_score"": 94.0, ""normalized_score"": 1.88, ""normalized_rounded"": 2}, ""it"": {""actual_score"": 94.0, ""normalized_score"": 1.88, ""normalized_rounded"": 2}}",5.11,anum,,1043729,3167,6674,2025-06-28 12:25:11.589,grade1_profile28438_q2_LP_20251122_100201.mp3,https://drive.google.com/file/d/17oiztnaYYA-kVz_BhWXQiktowe3FAm0j/view?usp=drivesdk,5.11,Rawalpindi,Grammar School Rawalpindi,It's locked. I can open it. ,1
28438,This is Zara. She loves to draw. This is Faiz. He loves to build things.,3,,pre,This is Zara She loves to draw This is Faiz He loves to build things,This is zara she loves to draw this is faiz he loves to build things,30.0,30,"{""this"": 2, ""is"": 2, ""zara"": 2, ""she"": 2, ""loves"": 2, ""to"": 2, ""draw"": 2, ""this.1"": 2, ""is.1"": 2, ""faiz"": 2, ""he"": 2, ""loves.1"": 2, ""to.1"": 2, ""build"": 2, ""things"": 2}","{""this"": {""actual_score"": 79.0, ""normalized_score"": 1.58, ""normalized_rounded"": 2}, ""is"": {""actual_score"": 82.0, ""normalized_score"": 1.64, ""normalized_rounded"": 2}, ""zara"": {""actual_score"": 85.0, ""normalized_score"": 1.7, ""normalized_rounded"": 2}, ""she"": {""actual_score"": 79.0, ""normalized_score"": 1.58, ""normalized_rounded"": 2}, ""loves"": {""actual_score"": 94.0, ""normalized_score"": 1.88, ""normalized_rounded"": 2}, ""to"": {""actual_score"": 94.0, ""normalized_score"": 1.88, ""normalized_rounded"": 2}, ""draw"": {""actual_score"": 88.0, ""normalized_score"": 1.76, ""normalized_rounded"": 2}, ""faiz"": {""actual_score"": 85.0, ""normalized_score"": 1.7, ""normalized_rounded"": 2}, ""he"": {""actual_score"": 94.0, ""normalized_score"": 1.88, ""normalized_rounded"": 2}, ""build"": {""actual_score"": 94.0, ""normalized_score"": 1.88, ""normalized_rounded"": 2}, ""things"": {""actual_score"": 79.0, ""normalized_score"": 1.58, ""normalized_rounded"": 2}}",14.47,ali,,1043739,3167,6677,2025-06-28 12:27:42.826,grade1_profile28438_q3_LP_20251122_101304.mp3,https://drive.google.com/file/d/1I41mt3yyG36Id0e0Pkl3s996G8GJdYNI/view?usp=drivesdk,14.47,Rawalpindi,Grammar School Rawalpindi,This is Zara. She loves to draw. This is Faiz. He loves to build things. ,1
28438,This is Zara. She loves to draw. This is Faiz. He loves to build things.,3,,post,This is Zara She loves to draw This is Faiz He loves to build things,This is zara she loves to draw this is faiz he loves to build things,30.0,30,"{""this"": 2, ""is"": 2, ""zara"": 2, ""she"": 2, ""loves"": 2, ""to"": 2, ""draw"": 2, ""this.1"": 2, ""is.1"": 2, ""faiz"": 2, ""he"": 2, ""loves.1"": 2, ""to.1"": 2, ""build"": 2, ""things"": 2}","{""this"": {""actual_score"": 91.0, ""normalized_score"": 1.82, ""normalized_rounded"": 2}, ""is"": {""actual_score"": 94.0, ""normalized_score"": 1.88, ""normalized_rounded"": 2}, ""zara"": {""actual_score"": 76.0, ""normalized_score"": 1.52, ""normalized_rounded"": 2}, ""she"": {""actual_score"": 91.0, ""normalized_score"": 1.82, ""normalized_rounded"": 2}, ""loves"": {""actual_score"": 94.0, ""normalized_score"": 1.88, ""normalized_rounded"": 2}, ""to"": {""actual_score"": 94.0, ""normalized_score"": 1.88, ""normalized_rounded"": 2}, ""draw"": {""actual_score"": 91.0, ""normalized_score"": 1.82, ""normalized_rounded"": 2}, ""faiz"": {""actual_score"": 59.0, ""normalized_score"": 1.18, ""normalized_rounded"": 1}, ""he"": {""actual_score"": 97.0, ""normalized_score"": 1.94, ""normalized_rounded"": 2}, ""build"": {""actual_score"": 94.0, ""normalized_score"": 1.88, ""normalized_rounded"": 2}, ""things"": {""actual_score"": 73.0, ""normalized_score"": 1.46, ""normalized_rounded"": 1}}",11.56,anum,,1529803,4248,7982,2025-07-25 13:19:24.357,grade1_profile28438_q3_QK_20251122_101834.mp3,https://drive.google.com/file/d/1e_BhgB_1Wty4j7iVaad2agsX8-TyWBFc/view?usp=drivesdk,11.56,Rawalpindi,Grammar School Rawalpindi,This is Zara. She loves to draw. This is Faiz. He loves to build things. ,1
28471,Come on. We can do it together.,1,,pre,Come on We can do it toogether,Come on we can do it together,13.0,14,"{""come"": 2, ""on"": 2, ""we"": 2, ""can"": 2, ""do"": 2, ""it"": 2, ""together"": 1}","{""come"": {""actual_score"": 94.0, ""normalized_score"": 1.88, ""normalized_rounded"": 2}, ""on"": {""actual_score"": 94.0, ""normalized_score"": 1.88, ""normalized_rounded"": 2}, ""we"": {""actual_score"": 94.0, ""normalized_score"": 1.88, ""normalized_rounded"": 2}, ""can"": {""actual_score"": 94.0, ""normalized_score"": 1.88, ""normalized_rounded"": 2}, ""do"": {""actual_score"": 97.0, ""normalized_score"": 1.94, ""normalized_rounded"": 2}, ""it"": {""actual_score"": 94.0, ""normalized_score"": 1.88, ""normalized_rounded"": 2}, ""together"": {""actual_score"": 91.0, ""normalized_score"": 1.82, ""normalized_rounded"": 2}}",3.3,anum,Kid seemed quite confident.,1021619,3167,6675,2025-06-25 07:11:01.730,grade1_profile28471_q1_LP_20251122_095026.mp3,https://drive.google.com/file/d/1ZZsINQNakoTd6OkVhZbN7rm5vh1TaLVN/view?usp=drivesdk,3.3,Rawalpindi,Vision Montessori And School,Come on. We can do it  together.,1
28471,This is Zara. She loves to draw. This is Faiz. He loves to build things.,3,,pre,This is Zara She loves to draw This is Faiz He loves to build thing,This is zara she loves to draw this is faiz he loves to build things,29.0,30,"{""this"": 2, ""is"": 2, ""zara"": 2, ""she"": 2, ""loves"": 2, ""to"": 2, ""draw"": 2, ""this.1"": 2, ""is.1"": 2, ""faiz"": 2, ""he"": 2, ""loves.1"": 2, ""to.1"": 2, ""build"": 2, ""things"": 1}","{""this"": {""actual_score"": 97.0, ""normalized_score"": 1.94, ""normalized_rounded"": 2}, ""is"": {""actual_score"": 97.0, ""normalized_score"": 1.94, ""normalized_rounded"": 2}, ""zara"": {""actual_score"": 91.0, ""normalized_score"": 1.82, ""normalized_rounded"": 2}, ""she"": {""actual_score"": 94.0, ""normalized_score"": 1.88, ""normalized_rounded"": 2}, ""loves"": {""actual_score"": 94.0, ""normalized_score"": 1.88, ""normalized_rounded"": 2}, ""to"": {""actual_score"": 82.0, ""normalized_score"": 1.64, ""normalized_rounded"": 2}, ""draw"": {""actual_score"": 91.0, ""normalized_score"": 1.82, ""normalized_rounded"": 2}, ""faiz"": {""actual_score"": 85.0, ""normalized_score"": 1.7, ""normalized_rounded"": 2}, ""he"": {""actual_score"": 94.0, ""normalized_score"": 1.88, ""normalized_rounded"": 2}, ""build"": {""actual_score"": 91.0, ""normalized_score"": 1.82, ""normalized_rounded"": 2}, ""things"": {""actual_score"": 16.0, ""normalized_score"": 0.32, ""normalized_rounded"": 0}}",16.08,ali,,1022426,3167,6677,2025-06-25 08:09:36.140,grade1_profile28471_q3_LP_20251122_101304.mp3,https://drive.google.com/file/d/1kTUMAY77l2_5oCKHaKbEnT4vMv2CadHu/view?usp=drivesdk,16.08,Rawalpindi,Vision Montessori And School,This is Zara. She loves to draw. This is Faiz. He loves to build things. ,1
28471,This is Zara. She loves to draw. This is Faiz. He loves to build things.,3,,post,This is Zara She love to draw This is Faaiz He love to build things,This is zara she loves to draw this is faiz he loves to build things,27.0,30,"{""this"": 2, ""is"": 2, ""zara"": 2, ""she"": 2, ""loves"": 1, ""to"": 2, ""draw"": 2, ""this.1"": 2, ""is.1"": 2, ""faiz"": 1, ""he"": 2, ""loves.1"": 1, ""to.1"": 2, ""build"": 2, ""things"": 2}","{""this"": {""actual_score"": 97.0, ""normalized_score"": 1.94, ""normalized_rounded"": 2}, ""is"": {""actual_score"": 80.0, ""normalized_score"": 1.6, ""normalized_rounded"": 2}, ""zara"": {""actual_score"": 91.0, ""normalized_score"": 1.82, ""normalized_rounded"": 2}, ""she"": {""actual_score"": 79.0, ""normalized_score"": 1.58, ""normalized_rounded"": 2}, ""loves"": {""actual_score"": 97.0, ""normalized_score"": 1.94, ""normalized_rounded"": 2}, ""to"": {""actual_score"": 91.0, ""normalized_score"": 1.82, ""normalized_rounded"": 2}, ""draw"": {""actual_score"": 91.0, ""normalized_score"": 1.82, ""normalized_rounded"": 2}, ""faiz"": {""actual_score"": 73.0, ""normalized_score"": 1.46, ""normalized_rounded"": 1}, ""he"": {""actual_score"": 94.0, ""normalized_score"": 1.88, ""normalized_rounded"": 2}, ""build"": {""actual_score"": 88.0, ""normalized_score"": 1.76, ""normalized_rounded"": 2}, ""things"": {""actual_score"": 76.0, ""normalized_score"": 1.52, ""normalized_rounded"": 2}}",7.64,anum,,1514961,4248,7982,2025-07-25 07:11:42.258,grade1_profile28471_q3_QK_20251122_101834.mp3,https://drive.google.com/file/d/134fddwA8LrHth1-On1-czP62NYDTkJlD/view?usp=drivesdk,7.64,Rawalpindi,Vision Montessori And School,This is Zara. She loves to draw. This is Faiz. He loves to build things. ,1
31293,Come on. We can do it together.,1,,pre,Auuduii can do it together,Come on we can do it together,8.0,14,"{""come"": 0, ""on"": 0, ""we"": 0, ""can"": 2, ""do"": 2, ""it"": 2, ""together"": 2}","{""come"": {""actual_score"": 41.0, ""normalized_score"": 0.82, ""normalized_rounded"": 1}, ""on"": {""actual_score"": 51.0, ""normalized_score"": 1.02, ""normalized_rounded"": 1}, ""we"": {""actual_score"": 55.0, ""normalized_score"": 1.1, ""normalized_rounded"": 1}, ""can"": {""actual_score"": 82.0, ""normalized_score"": 1.64, ""normalized_rounded"": 2}, ""do"": {""actual_score"": 79.0, ""normalized_score"": 1.58, ""normalized_rounded"": 2}, ""it"": {""actual_score"": 94.0, ""normalized_score"": 1.88, ""normalized_rounded"": 2}, ""together"": {""actual_score"": 54.0, ""normalized_score"": 1.08, ""normalized_rounded"": 1}}",3.97,anum,Listened to the audio 10 times. Still couldn't make sense of the Auuduii part.,1101926,3167,6675,2025-07-03 08:16:12.498,grade1_profile31293_q1_LP_20251122_095026.mp3,https://drive.google.com/file/d/1PfTj0lFEKtkdF1exSELdVVuMYBqduR67/view?usp=drivesdk,3.97,,,Come on. We can do it  together.,1
31293,Come on. We can do it together.,1,,post,Come on we can do it together,Come on we can do it together,14.0,14,"{""come"": 2, ""on"": 2, ""we"": 2, ""can"": 2, ""do"": 2, ""it"": 2, ""together"": 2}","{""come"": {""actual_score"": 18.0, ""normalized_score"": 0.36, ""normalized_rounded"": 0}, ""on"": {""actual_score"": 51.0, ""normalized_score"": 1.02, ""normalized_rounded"": 1}, ""we"": {""actual_score"": 85.0, ""normalized_score"": 1.7, ""normalized_rounded"": 2}, ""can"": {""actual_score"": 69.0, ""normalized_score"": 1.38, ""normalized_rounded"": 1}, ""do"": {""actual_score"": 79.0, ""normalized_score"": 1.58, ""normalized_rounded"": 2}, ""it"": {""actual_score"": 91.0, ""normalized_score"": 1.82, ""normalized_rounded"": 2}, ""together"": {""actual_score"": 49.0, ""normalized_score"": 0.98, ""normalized_rounded"": 1}}",3.99,semal,,1623113,4248,7979,2025-08-01 17:17:14.792,grade1_profile31293_q1_QK_20251122_095622.mp3,https://drive.google.com/file/d/1QDjdgZMdlVJysJaV-nSHx4ZdZ8Ma5Woq/view?usp=drivesdk,3.99,,,Come on. We can do it  together.,1
31293,This is Zara. She loves to draw. This is Faiz. He loves to build things.,3,,post,This is Zara She love to draw This is Faiz He love to builds things,This is zara she loves to draw this is faiz he loves to build things,25.0,30,"{""this"": 2, ""is"": 2, ""zara"": 2, ""she"": 0, ""loves"": 1, ""to"": 2, ""draw"": 2, ""this.1"": 2, ""is.1"": 2, ""faiz"": 2, ""he"": 2, ""loves.1"": 1, ""to.1"": 2, ""build"": 1, ""things"": 2}","{""this"": {""actual_score"": 82.0, ""normalized_score"": 1.64, ""normalized_rounded"": 2}, ""is"": {""actual_score"": 91.0, ""normalized_score"": 1.82, ""normalized_rounded"": 2}, ""zara"": {""actual_score"": 73.0, ""normalized_score"": 1.46, ""normalized_rounded"": 1}, ""she"": {""actual_score"": 76.0, ""normalized_score"": 1.52, ""normalized_rounded"": 2}, ""loves"": {""actual_score"": 94.0, ""normalized_score"": 1.88, ""normalized_rounded"": 2}, ""to"": {""actual_score"": 82.0, ""normalized_score"": 1.64, ""normalized_rounded"": 2}, ""draw"": {""actual_score"": 88.0, ""normalized_score"": 1.76, ""normalized_rounded"": 2}, ""faiz"": {""actual_score"": 51.0, ""normalized_score"": 1.02, ""normalized_rounded"": 1}, ""he"": {""actual_score"": 88.0, ""normalized_score"": 1.76, ""normalized_rounded"": 2}, ""build"": {""actual_score"": 88.0, ""normalized_score"": 1.76, ""normalized_rounded"": 2}, ""things"": {""actual_score"": 23.0, ""normalized_score"": 0.46, ""normalized_rounded"": 0}}",8.48,ali,,1623122,4248,7982,2025-08-01 17:19:34.037,grade1_profile31293_q3_QK_20251122_101834.mp3,https://drive.google.com/file/d/1x5ItNCKCyCx7EgDBof3eoovEXLArMtVK/view?usp=drivesdk,8.48,,,This is Zara. She loves to draw. This is Faiz. He loves to build things. ,1
28398,Come on. We can do it together.,1,,pre,come on we can do it together,Come on we can do it together,14.0,14,"{""come"": 2, ""on"": 2, ""we"": 2, ""can"": 2, ""do"": 2, ""it"": 2, ""together"": 2}","{""come"": {""actual_score"": 97.0, ""normalized_score"": 1.94, ""normalized_rounded"": 2}, ""on"": {""actual_score"": 97.0, ""normalized_score"": 1.94, ""normalized_rounded"": 2}, ""we"": {""actual_score"": 97.0, ""normalized_score"": 1.94, ""normalized_rounded"": 2}, ""can"": {""actual_score"": 94.0, ""normalized_score"": 1.88, ""normalized_rounded"": 2}, ""do"": {""actual_score"": 97.0, ""normalized_score"": 1.94, ""normalized_rounded"": 2}, ""it"": {""actual_score"": 100.0, ""normalized_score"": 2.0, ""normalized_rounded"": 2}, ""together"": {""actual_score"": 76.0, ""normalized_score"": 1.52, ""normalized_rounded"": 2}}",1.82,salman,,1037044,3167,6675,2025-06-27 08:30:22.556,grade1_profile28398_q1_LP_20251122_095026.mp3,https://drive.google.com/file/d/1WDvGqFDlWIPYc3B6vQfhx--c_TdHDUyQ/view?usp=drivesdk,1.82,Rawalpindi,Faiz - E - Aam High School,Come on. We can do it  together.,1
28398,This is Zara. She loves to draw. This is Faiz. He loves to build things.,3,,pre,"This, This is Sarah She loves to draw",This zara this is zara she loves to draw,12.0,30,"{""this"": 2, ""is"": 2, ""zara"": 0, ""she"": 2, ""loves"": 2, ""to"": 2, ""draw"": 2, ""this.1"": 0, ""is.1"": 0, ""faiz"": 0, ""he"": 0, ""loves.1"": 0, ""to.1"": 0, ""build"": 0, ""things"": 0}","{""this"": {""actual_score"": 94.0, ""normalized_score"": 1.88, ""normalized_rounded"": 2}, ""zara"": {""actual_score"": 70.0, ""normalized_score"": 1.4, ""normalized_rounded"": 1}, ""is"": {""actual_score"": 97.0, ""normalized_score"": 1.94, ""normalized_rounded"": 2}, ""she"": {""actual_score"": 91.0, ""normalized_score"": 1.82, ""normalized_rounded"": 2}, ""loves"": {""actual_score"": 97.0, ""normalized_score"": 1.94, ""normalized_rounded"": 2}, ""to"": {""actual_score"": 88.0, ""normalized_score"": 1.76, ""normalized_rounded"": 2}, ""draw"": {""actual_score"": 76.0, ""normalized_score"": 1.52, ""normalized_rounded"": 2}}",3.82,ali,,1037113,3167,6677,2025-06-27 08:34:05.005,grade1_profile28398_q3_LP_20251122_101304.mp3,https://drive.google.com/file/d/1fCFIksOmsGEp-Uq0AaK1YcNC6v2R2zH_/view?usp=drivesdk,3.82,Rawalpindi,Faiz - E - Aam High School,This is Zara. She loves to draw. This is Faiz. He loves to build things. ,1
28398,Come on. We can do it together.,1,,post,Come on We can do it together,Come on we can do it together,14.0,14,"{""come"": 2, ""on"": 2, ""we"": 2, ""can"": 2, ""do"": 2, ""it"": 2, ""together"": 2}","{""come"": {""actual_score"": 91.0, ""normalized_score"": 1.82, ""normalized_rounded"": 2}, ""on"": {""actual_score"": 97.0, ""normalized_score"": 1.94, ""normalized_rounded"": 2}, ""we"": {""actual_score"": 97.0, ""normalized_score"": 1.94, ""normalized_rounded"": 2}, ""can"": {""actual_score"": 97.0, ""normalized_score"": 1.94, ""normalized_rounded"": 2}, ""do"": {""actual_score"": 94.0, ""normalized_score"": 1.88, ""normalized_rounded"": 2}, ""it"": {""actual_score"": 94.0, ""normalized_score"": 1.88, ""normalized_rounded"": 2}, ""together"": {""actual_score"": 94.0, ""normalized_score"": 1.88, ""normalized_rounded"": 2}}",2.84,anum,Kid has spoken very confidently.,1612169,4248,7979,2025-07-31 17:52:36.875,grade1_profile28398_q1_QK_20251122_095622.mp3,https://drive.google.com/file/d/1LsEG5rTzjPw1dpfAXLCbAPZFFTWGZ8v_/view?usp=drivesdk,2.84,Rawalpindi,Faiz - E - Aam High School,Come on. We can do it  together.,1
30472,Come on. We can do it together.,1,,pre,come on we can do it,Come on we can do it,11.0,14,"{""come"": 2, ""on"": 1, ""we"": 2, ""can"": 2, ""do"": 2, ""it"": 2, ""together"": 0}","{""come"": {""actual_score"": 26.0, ""normalized_score"": 0.52, ""normalized_rounded"": 1}, ""on"": {""actual_score"": 49.0, ""normalized_score"": 0.98, ""normalized_rounded"": 1}, ""we"": {""actual_score"": 57.0, ""normalized_score"": 1.14, ""normalized_rounded"": 1}, ""can"": {""actual_score"": 82.0, ""normalized_score"": 1.64, ""normalized_rounded"": 2}, ""do"": {""actual_score"": 85.0, ""normalized_score"": 1.7, ""normalized_rounded"": 2}, ""it"": {""actual_score"": 88.0, ""normalized_score"": 1.76, ""normalized_rounded"": 2}}",5.34,salman,,1048715,3167,6675,2025-06-30 06:19:20.974,grade1_profile30472_q1_LP_20251122_095026.mp3,https://drive.google.com/file/d/1oqFT_tz1SpewhMNNtW1Z-dQD29PXWI6N/view?usp=drivesdk,5.34,Rawalpindi,Falcon House School,Come on. We can do it  together.,1
30472,It's locked. I can open it.,2,,pre,Its its looked i can pick it,It's locked i can it,9.0,12,"{""it's"": 2, ""locked"": 1, ""i"": 2, ""can"": 2, ""open"": 0, ""it"": 2}","{""it's"": {""actual_score"": 94.0, ""normalized_score"": 1.88, ""normalized_rounded"": 2}, ""locked"": {""actual_score"": 61.0, ""normalized_score"": 1.22, ""normalized_rounded"": 1}, ""i"": {""actual_score"": 91.0, ""normalized_score"": 1.82, ""normalized_rounded"": 2}, ""can"": {""actual_score"": 82.0, ""normalized_score"": 1.64, ""normalized_rounded"": 2}, ""it"": {""actual_score"": 91.0, ""normalized_score"": 1.82, ""normalized_rounded"": 2}}",4.93,semal,,1048728,3167,6674,2025-06-30 06:19:55.081,grade1_profile30472_q2_LP_20251122_100201.mp3,https://drive.google.com/file/d/1QvSKkTeKdD6eIkwlL_zTiL_lOs4-AfRM/view?usp=drivesdk,4.93,Rawalpindi,Falcon House School,It's locked. I can open it. ,1
30472,This is Zara. She loves to draw. This is Faiz. He loves to build things.,3,,post,This is Zara She loves to draw This is Faiz He loves to build things,This is zara she loves to draw this is faiz he loves to build things,30.0,30,"{""this"": 2, ""is"": 2, ""zara"": 2, ""she"": 2, ""loves"": 2, ""to"": 2, ""draw"": 2, ""this.1"": 2, ""is.1"": 2, ""faiz"": 2, ""he"": 2, ""loves.1"": 2, ""to.1"": 2, ""build"": 2, ""things"": 2}","{""this"": {""actual_score"": 94.0, ""normalized_score"": 1.88, ""normalized_rounded"": 2}, ""is"": {""actual_score"": 94.0, ""normalized_score"": 1.88, ""normalized_rounded"": 2}, ""zara"": {""actual_score"": 94.0, ""normalized_score"": 1.88, ""normalized_rounded"": 2}, ""she"": {""actual_score"": 97.0, ""normalized_score"": 1.94, ""normalized_rounded"": 2}, ""loves"": {""actual_score"": 97.0, ""normalized_score"": 1.94, ""normalized_rounded"": 2}, ""to"": {""actual_score"": 97.0, ""normalized_score"": 1.94, ""normalized_rounded"": 2}, ""draw"": {""actual_score"": 97.0, ""normalized_score"": 1.94, ""normalized_rounded"": 2}, ""faiz"": {""actual_score"": 88.0, ""normalized_score"": 1.76, ""normalized_rounded"": 2}, ""he"": {""actual_score"": 100.0, ""normalized_score"": 2.0, ""normalized_rounded"": 2}, ""build"": {""actual_score"": 94.0, ""normalized_score"": 1.88, ""normalized_rounded"": 2}, ""things"": {""actual_score"": 82.0, ""normalized_score"": 1.64, ""normalized_rounded"": 2}}",7.84,ali,Parent speaking,1575481,4248,7982,2025-07-28 17:07:45.220,grade1_profile30472_q3_QK_20251122_101834.mp3,https://drive.google.com/file/d/1aTUlxo-iZuKZbbeDutw63XpMHlITLoUs/view?usp=drivesdk,7.84,Rawalpindi,Falcon House School,This is Zara. She loves to draw. This is Faiz. He loves to build things. ,1
28352,Come on. We can do it together.,1,,pre,Come on We can do it together,Come on we can do it together,13.0,14,"{""come"": 2, ""on"": 2, ""we"": 2, ""can"": 2, ""do"": 2, ""it"": 2, ""together"": 1}","{""come"": {""actual_score"": 76.0, ""normalized_score"": 1.52, ""normalized_rounded"": 2}, ""on"": {""actual_score"": 88.0, ""normalized_score"": 1.76, ""normalized_rounded"": 2}, ""we"": {""actual_score"": 91.0, ""normalized_score"": 1.82, ""normalized_rounded"": 2}, ""can"": {""actual_score"": 94.0, ""normalized_score"": 1.88, ""normalized_rounded"": 2}, ""do"": {""actual_score"": 88.0, ""normalized_score"": 1.76, ""normalized_rounded"": 2}, ""it"": {""actual_score"": 94.0, ""normalized_score"": 1.88, ""normalized_rounded"": 2}, ""together"": {""actual_score"": 49.0, ""normalized_score"": 0.98, ""normalized_rounded"": 1}}",3.62,ali,,1032687,3167,6675,2025-06-26 14:38:02.365,grade1_profile28352_q1_LP_20251122_095026.mp3,https://drive.google.com/file/d/1JrmIohQ5y-dbBcsvcsh_qYBtKtVv7Klp/view?usp=drivesdk,3.62,Rawalpindi,Grammar School Rawalpindi,Come on. We can do it  together.,1
28352,It's locked. I can open it.,2,,pre,It its laad i can open it,It it's locked i can open it,10.0,12,"{""it's"": 2, ""locked"": 0, ""i"": 2, ""can"": 2, ""open"": 2, ""it"": 2}","{""it"": {""actual_score"": 91.0, ""normalized_score"": 1.82, ""normalized_rounded"": 2}, ""it's"": {""actual_score"": 97.0, ""normalized_score"": 1.94, ""normalized_rounded"": 2}, ""locked"": {""actual_score"": 54.0, ""normalized_score"": 1.08, ""normalized_rounded"": 1}, ""i"": {""actual_score"": 91.0, ""normalized_score"": 1.82, ""normalized_rounded"": 2}, ""can"": {""actual_score"": 94.0, ""normalized_score"": 1.88, ""normalized_rounded"": 2}, ""open"": {""actual_score"": 97.0, ""normalized_score"": 1.94, ""normalized_rounded"": 2}}",3.89,semal,,1032695,3167,6674,2025-06-26 14:39:16.344,grade1_profile28352_q2_LP_20251122_100201.mp3,https://drive.google.com/file/d/1hDnceY2Ly37caIahTZsa2qMaWLxRfK0Z/view?usp=drivesdk,3.89,Rawalpindi,Grammar School Rawalpindi,It's locked. I can open it. ,1
28352,It's locked. I can open it.,2,,post,Its lot i can open it,It's locked i can open it,10.0,12,"{""it's"": 2, ""locked"": 0, ""i"": 2, ""can"": 2, ""open"": 2, ""it"": 2}","{""it's"": {""actual_score"": 97.0, ""normalized_score"": 1.94, ""normalized_rounded"": 2}, ""locked"": {""actual_score"": 55.0, ""normalized_score"": 1.1, ""normalized_rounded"": 1}, ""i"": {""actual_score"": 97.0, ""normalized_score"": 1.94, ""normalized_rounded"": 2}, ""can"": {""actual_score"": 97.0, ""normalized_score"": 1.94, ""normalized_rounded"": 2}, ""open"": {""actual_score"": 97.0, ""normalized_score"": 1.94, ""normalized_rounded"": 2}, ""it"": {""actual_score"": 97.0, ""normalized_score"": 1.94, ""normalized_rounded"": 2}}",3.83,semal,,1596131,4248,7983,2025-07-30 13:40:32.287,grade1_profile28352_q2_QK_20251122_100724.mp3,https://drive.google.com/file/d/1p9yFaeUuLIm2zsMuP8ao5o3BSOlPImjw/view?usp=drivesdk,3.83,Rawalpindi,Grammar School Rawalpindi,It's locked. I can open it. ,1
28352,This is Zara. She loves to draw. This is Faiz. He loves to build things.,3,,post,This is Zara She loves to draw This is Faiz He loves to build this,This is zara she loves to draw this is faiz he loves to build this,28.0,30,"{""this"": 2, ""is"": 2, ""zara"": 2, ""she"": 2, ""loves"": 2, ""to"": 2, ""draw"": 2, ""this.1"": 2, ""is.1"": 2, ""faiz"": 2, ""he"": 2, ""loves.1"": 2, ""to.1"": 2, ""build"": 2, ""things"": 0}","{""this"": {""actual_score"": 94.0, ""normalized_score"": 1.88, ""normalized_rounded"": 2}, ""is"": {""actual_score"": 91.0, ""normalized_score"": 1.82, ""normalized_rounded"": 2}, ""zara"": {""actual_score"": 88.0, ""normalized_score"": 1.76, ""normalized_rounded"": 2}, ""she"": {""actual_score"": 76.0, ""normalized_score"": 1.52, ""normalized_rounded"": 2}, ""loves"": {""actual_score"": 94.0, ""normalized_score"": 1.88, ""normalized_rounded"": 2}, ""to"": {""actual_score"": 85.0, ""normalized_score"": 1.7, ""normalized_rounded"": 2}, ""draw"": {""actual_score"": 88.0, ""normalized_score"": 1.76, ""normalized_rounded"": 2}, ""faiz"": {""actual_score"": 45.0, ""normalized_score"": 0.9, ""normalized_rounded"": 1}, ""he"": {""actual_score"": 73.0, ""normalized_score"": 1.46, ""normalized_rounded"": 1}, ""build"": {""actual_score"": 9.0, ""normalized_score"": 0.18, ""normalized_rounded"": 0}}",7.5,ali,,1596157,4248,7982,2025-07-30 13:41:33.561,grade1_profile28352_q3_QK_20251122_101834.mp3,https://drive.google.com/file/d/1ZD6Sxw0FvsjhKjbZXolgm14QlAnGIHOM/view?usp=drivesdk,7.5,Rawalpindi,Grammar School Rawalpindi,This is Zara. She loves to draw. This is Faiz. He loves to build things. ,1
31361,Come on. We can do it together.,1,,post,Come on we can do it together,Come on we can do it together,14.0,14,"{""come"": 2, ""on"": 2, ""we"": 2, ""can"": 2, ""do"": 2, ""it"": 2, ""together"": 2}","{""come"": {""actual_score"": 19.0, ""normalized_score"": 0.38, ""normalized_rounded"": 0}, ""on"": {""actual_score"": 51.0, ""normalized_score"": 1.02, ""normalized_rounded"": 1}, ""we"": {""actual_score"": 59.0, ""normalized_score"": 1.18, ""normalized_rounded"": 1}, ""can"": {""actual_score"": 82.0, ""normalized_score"": 1.64, ""normalized_rounded"": 2}, ""do"": {""actual_score"": 85.0, ""normalized_score"": 1.7, ""normalized_rounded"": 2}, ""it"": {""actual_score"": 88.0, ""normalized_score"": 1.76, ""normalized_rounded"": 2}, ""together"": {""actual_score"": 53.0, ""normalized_score"": 1.06, ""normalized_rounded"": 1}}",3.67,salman,,1542144,4248,7979,2025-07-26 06:38:16.287,grade1_profile31361_q1_QK_20251122_095622.mp3,https://drive.google.com/file/d/1KfurZfXaMYY2jfYdxMtYypNL-B4fiz9F/view?usp=drivesdk,3.67,Rawalpindi,Grammar School Rawalpindi,Come on. We can do it  together.,1
31361,It's locked. I can open it.,2,,post,It's locked I can open it,It's locked i can open it,12.0,12,"{""it's"": 2, ""locked"": 2, ""i"": 2, ""can"": 2, ""open"": 2, ""it"": 2}","{""it's"": {""actual_score"": 91.0, ""normalized_score"": 1.82, ""normalized_rounded"": 2}, ""locked"": {""actual_score"": 68.0, ""normalized_score"": 1.36, ""normalized_rounded"": 1}, ""i"": {""actual_score"": 80.0, ""normalized_score"": 1.6, ""normalized_rounded"": 2}, ""can"": {""actual_score"": 88.0, ""normalized_score"": 1.76, ""normalized_rounded"": 2}, ""open"": {""actual_score"": 82.0, ""normalized_score"": 1.64, ""normalized_rounded"": 2}, ""it"": {""actual_score"": 91.0, ""normalized_score"": 1.82, ""normalized_rounded"": 2}}",3.78,salman,,1542176,4248,7983,2025-07-26 06:39:53.876,grade1_profile31361_q2_QK_20251122_100724.mp3,https://drive.google.com/file/d/1xg0raxwFeKWFz3kUME8YOkN8TCJiL9vo/view?usp=drivesdk,3.78,Rawalpindi,Grammar School Rawalpindi,It's locked. I can open it. ,1
31361,This is Zara. She loves to draw. This is Faiz. He loves to build things.,3,,post,This is Zara She loves to draw This is Faiz He loves to build things,This is zara she loves to draw this is faiz he loves to build things,30.0,30,"{""this"": 2, ""is"": 2, ""zara"": 2, ""she"": 2, ""loves"": 2, ""to"": 2, ""draw"": 2, ""this.1"": 2, ""is.1"": 2, ""faiz"": 2, ""he"": 2, ""loves.1"": 2, ""to.1"": 2, ""build"": 2, ""things"": 2}","{""this"": {""actual_score"": 79.0, ""normalized_score"": 1.58, ""normalized_rounded"": 2}, ""is"": {""actual_score"": 88.0, ""normalized_score"": 1.76, ""normalized_rounded"": 2}, ""zara"": {""actual_score"": 61.0, ""normalized_score"": 1.22, ""normalized_rounded"": 1}, ""she"": {""actual_score"": 76.0, ""normalized_score"": 1.52, ""normalized_rounded"": 2}, ""loves"": {""actual_score"": 94.0, ""normalized_score"": 1.88, ""normalized_rounded"": 2}, ""to"": {""actual_score"": 80.0, ""normalized_score"": 1.6, ""normalized_rounded"": 2}, ""draw"": {""actual_score"": 82.0, ""normalized_score"": 1.64, ""normalized_rounded"": 2}, ""faiz"": {""actual_score"": 8.0, ""normalized_score"": 0.16, ""normalized_rounded"": 0}, ""he"": {""actual_score"": 79.0, ""normalized_score"": 1.58, ""normalized_rounded"": 2}, ""build"": {""actual_score"": 7.0, ""normalized_score"": 0.14, ""normalized_rounded"": 0}, ""things"": {""actual_score"": 64.0, ""normalized_score"": 1.28, ""normalized_rounded"": 1}}",8.63,ali,,1542201,4248,7982,2025-07-26 06:41:39.399,grade1_profile31361_q3_QK_20251122_101834.mp3,https://drive.google.com/file/d/1XTGNSpgJnEft_zoQQyJdEYQGGcogLTGj/view?usp=drivesdk,8.63,Rawalpindi,Grammar School Rawalpindi,This is Zara. She loves to draw. This is Faiz. He loves to build things. ,1
28403,Come on. We can do it together.,1,,pre,Come on Come on we can do it gether,Come on come on we can do it together,14.0,14,"{""come"": 2, ""on"": 2, ""we"": 2, ""can"": 2, ""do"": 2, ""it"": 2, ""together"": 2}","{""come"": {""actual_score"": 73.0, ""normalized_score"": 1.46, ""normalized_rounded"": 1}, ""on"": {""actual_score"": 82.0, ""normalized_score"": 1.64, ""normalized_rounded"": 2}, ""we"": {""actual_score"": 55.0, ""normalized_score"": 1.1, ""normalized_rounded"": 1}, ""can"": {""actual_score"": 70.0, ""normalized_score"": 1.4, ""normalized_rounded"": 1}, ""do"": {""actual_score"": 82.0, ""normalized_score"": 1.64, ""normalized_rounded"": 2}, ""it"": {""actual_score"": 88.0, ""normalized_score"": 1.76, ""normalized_rounded"": 2}, ""together"": {""actual_score"": 48.0, ""normalized_score"": 0.96, ""normalized_rounded"": 1}}",7.22,salman,,1029692,3167,6675,2025-06-26 08:48:43.892,grade1_profile28403_q1_LP_20251122_095026.mp3,https://drive.google.com/file/d/1crfotbIZ0eznX2mzGco0oHEVmY3Uwy5I/view?usp=drivesdk,7.22,,DIL School,Come on. We can do it  together.,1
28403,Come on. We can do it together.,1,,pre,Come own come on we can do it together,Come on come on we can do it together,14.0,14,"{""come"": 2, ""on"": 2, ""we"": 2, ""can"": 2, ""do"": 2, ""it"": 2, ""together"": 2}","{""come"": {""actual_score"": 73.0, ""normalized_score"": 1.46, ""normalized_rounded"": 1}, ""on"": {""actual_score"": 82.0, ""normalized_score"": 1.64, ""normalized_rounded"": 2}, ""we"": {""actual_score"": 55.0, ""normalized_score"": 1.1, ""normalized_rounded"": 1}, ""can"": {""actual_score"": 70.0, ""normalized_score"": 1.4, ""normalized_rounded"": 1}, ""do"": {""actual_score"": 82.0, ""normalized_score"": 1.64, ""normalized_rounded"": 2}, ""it"": {""actual_score"": 88.0, ""normalized_score"": 1.76, ""normalized_rounded"": 2}, ""together"": {""actual_score"": 48.0, ""normalized_score"": 0.96, ""normalized_rounded"": 1}}",7.22,semal,,1029692,3167,6675,2025-06-26 08:48:43.892,grade1_profile28403_q1_LP_20251122_095026.mp3,https://drive.google.com/file/d/1crfotbIZ0eznX2mzGco0oHEVmY3Uwy5I/view?usp=drivesdk,7.22,,DIL School,Come on. We can do it  together.,1
28403,It's locked. I can open it.,2,,pre,It's lock I can aupen it,It's locked i can open it,10.0,12,"{""it's"": 2, ""locked"": 1, ""i"": 2, ""can"": 2, ""open"": 1, ""it"": 2}","{""it's"": {""actual_score"": 88.0, ""normalized_score"": 1.76, ""normalized_rounded"": 2}, ""locked"": {""actual_score"": 53.0, ""normalized_score"": 1.06, ""normalized_rounded"": 1}, ""i"": {""actual_score"": 91.0, ""normalized_score"": 1.82, ""normalized_rounded"": 2}, ""can"": {""actual_score"": 82.0, ""normalized_score"": 1.64, ""normalized_rounded"": 2}, ""open"": {""actual_score"": 82.0, ""normalized_score"": 1.64, ""normalized_rounded"": 2}, ""it"": {""actual_score"": 91.0, ""normalized_score"": 1.82, ""normalized_rounded"": 2}}",5.27,anum,,1029732,3167,6674,2025-06-26 08:49:54.367,grade1_profile28403_q2_LP_20251122_100201.mp3,https://drive.google.com/file/d/1PVG7uKyI-uDsPiTDT8Pd7OTa7hKxtINI/view?usp=drivesdk,5.27,,DIL School,It's locked. I can open it. ,1
28403,This is Zara. She loves to draw. This is Faiz. He loves to build things.,3,,pre,This is Zara She loves to draw This is Faiz He loves to build things,This is zara she loves to draw this is faiz loves build build things,29.0,30,"{""this"": 2, ""is"": 2, ""zara"": 2, ""she"": 2, ""loves"": 2, ""to"": 2, ""draw"": 2, ""this.1"": 2, ""is.1"": 2, ""faiz"": 1, ""he"": 2, ""loves.1"": 2, ""to.1"": 2, ""build"": 2, ""things"": 2}","{""this"": {""actual_score"": 70.0, ""normalized_score"": 1.4, ""normalized_rounded"": 1}, ""is"": {""actual_score"": 62.0, ""normalized_score"": 1.24, ""normalized_rounded"": 1}, ""zara"": {""actual_score"": 67.0, ""normalized_score"": 1.34, ""normalized_rounded"": 1}, ""she"": {""actual_score"": 36.0, ""normalized_score"": 0.72, ""normalized_rounded"": 1}, ""loves"": {""actual_score"": 91.0, ""normalized_score"": 1.82, ""normalized_rounded"": 2}, ""to"": {""actual_score"": 79.0, ""normalized_score"": 1.58, ""normalized_rounded"": 2}, ""draw"": {""actual_score"": 36.0, ""normalized_score"": 0.72, ""normalized_rounded"": 1}, ""faiz"": {""actual_score"": 10.0, ""normalized_score"": 0.2, ""normalized_rounded"": 0}, ""build"": {""actual_score"": 9.0, ""normalized_score"": 0.18, ""normalized_rounded"": 0}, ""things"": {""actual_score"": 91.0, ""normalized_score"": 1.82, ""normalized_rounded"": 2}}",31.99,ali,,1029840,3167,6677,2025-06-26 08:54:16.064,grade1_profile28403_q3_LP_20251122_101304.mp3,https://drive.google.com/file/d/1bmUBqgRNPv4QGcKOCLGMNcok33_WB4BV/view?usp=drivesdk,31.99,,DIL School,This is Zara. She loves to draw. This is Faiz. He loves to build things. ,1
28403,Come on. We can do it together.,1,,post,come on we can do it together,Come on we can do it together,14.0,14,"{""come"": 2, ""on"": 2, ""we"": 2, ""can"": 2, ""do"": 2, ""it"": 2, ""together"": 2}","{""come"": {""actual_score"": 85.0, ""normalized_score"": 1.7, ""normalized_rounded"": 2}, ""on"": {""actual_score"": 88.0, ""normalized_score"": 1.76, ""normalized_rounded"": 2}, ""we"": {""actual_score"": 94.0, ""normalized_score"": 1.88, ""normalized_rounded"": 2}, ""can"": {""actual_score"": 94.0, ""normalized_score"": 1.88, ""normalized_rounded"": 2}, ""do"": {""actual_score"": 97.0, ""normalized_score"": 1.94, ""normalized_rounded"": 2}, ""it"": {""actual_score"": 97.0, ""normalized_score"": 1.94, ""normalized_rounded"": 2}, ""together"": {""actual_score"": 9.0, ""normalized_score"": 0.18, ""normalized_rounded"": 0}}",2.89,salman,,1543532,4248,7979,2025-07-26 08:07:42.800,grade1_profile28403_q1_QK_20251122_095622.mp3,https://drive.google.com/file/d/1daEmGQRyMrLOfCkAUlc0Ye9GIFupmUro/view?usp=drivesdk,2.89,,DIL School,Come on. We can do it  together.,1
28403,It's locked. I can open it.,2,,post,It's locked I can open it,It's locked i can open it,12.0,12,"{""it's"": 2, ""locked"": 2, ""i"": 2, ""can"": 2, ""open"": 2, ""it"": 2}","{""it's"": {""actual_score"": 97.0, ""normalized_score"": 1.94, ""normalized_rounded"": 2}, ""locked"": {""actual_score"": 79.0, ""normalized_score"": 1.58, ""normalized_rounded"": 2}, ""i"": {""actual_score"": 94.0, ""normalized_score"": 1.88, ""normalized_rounded"": 2}, ""can"": {""actual_score"": 94.0, ""normalized_score"": 1.88, ""normalized_rounded"": 2}, ""open"": {""actual_score"": 85.0, ""normalized_score"": 1.7, ""normalized_rounded"": 2}, ""it"": {""actual_score"": 94.0, ""normalized_score"": 1.88, ""normalized_rounded"": 2}}",3.45,salman,,1543535,4248,7983,2025-07-26 08:08:07.950,grade1_profile28403_q2_QK_20251122_100724.mp3,https://drive.google.com/file/d/1cRK5uPcEUQeH7QHmQtheOxBfLzVdUr6W/view?usp=drivesdk,3.45,,DIL School,It's locked. I can open it. ,1
28403,This is Zara. She loves to draw. This is Faiz. He loves to build things.,3,,post,This is Zara She love to draw This is Faiz He love to build things,This is zara she loves to draw this is faiz she he loves to build things,30.0,30,"{""this"": 2, ""is"": 2, ""zara"": 2, ""she"": 2, ""loves"": 2, ""to"": 2, ""draw"": 2, ""this.1"": 2, ""is.1"": 2, ""faiz"": 2, ""he"": 2, ""loves.1"": 2, ""to.1"": 2, ""build"": 2, ""things"": 2}","{""this"": {""actual_score"": 94.0, ""normalized_score"": 1.88, ""normalized_rounded"": 2}, ""is"": {""actual_score"": 94.0, ""normalized_score"": 1.88, ""normalized_rounded"": 2}, ""zara"": {""actual_score"": 85.0, ""normalized_score"": 1.7, ""normalized_rounded"": 2}, ""she"": {""actual_score"": 88.0, ""normalized_score"": 1.76, ""normalized_rounded"": 2}, ""loves"": {""actual_score"": 94.0, ""normalized_score"": 1.88, ""normalized_rounded"": 2}, ""to"": {""actual_score"": 82.0, ""normalized_score"": 1.64, ""normalized_rounded"": 2}, ""draw"": {""actual_score"": 91.0, ""normalized_score"": 1.82, ""normalized_rounded"": 2}, ""faiz"": {""actual_score"": 61.0, ""normalized_score"": 1.22, ""normalized_rounded"": 1}, ""he"": {""actual_score"": 79.0, ""normalized_score"": 1.58, ""normalized_rounded"": 2}, ""build"": {""actual_score"": 5.0, ""normalized_score"": 0.1, ""normalized_rounded"": 0}, ""things"": {""actual_score"": 17.0, ""normalized_score"": 0.34, ""normalized_rounded"": 0}}",12.19,anum,,1543556,4248,7982,2025-07-26 08:09:30.393,grade1_profile28403_q3_QK_20251122_101834.mp3,https://drive.google.com/file/d/1vusRdE0LWT3RoWGaG-SSxIyeqmLO0d9S/view?usp=drivesdk,12.19,,DIL School,This is Zara. She loves to draw. This is Faiz. He loves to build things. ,1
28516,This is Zara. She loves to draw. This is Faiz. He loves to build things.,3,,pre,This is Zara She loves to draw This is Faiz He love to build thing,This is zara she loves to draw this is faiz he loves to build things,27.0,30,"{""this"": 2, ""is"": 2, ""zara"": 2, ""she"": 2, ""loves"": 2, ""to"": 2, ""draw"": 2, ""this.1"": 2, ""is.1"": 2, ""faiz"": 2, ""he"": 2, ""loves.1"": 1, ""to.1"": 2, ""build"": 1, ""things"": 1}","{""this"": {""actual_score"": 79.0, ""normalized_score"": 1.58, ""normalized_rounded"": 2}, ""is"": {""actual_score"": 85.0, ""normalized_score"": 1.7, ""normalized_rounded"": 2}, ""zara"": {""actual_score"": 52.0, ""normalized_score"": 1.04, ""normalized_rounded"": 1}, ""she"": {""actual_score"": 79.0, ""normalized_score"": 1.58, ""normalized_rounded"": 2}, ""loves"": {""actual_score"": 94.0, ""normalized_score"": 1.88, ""normalized_rounded"": 2}, ""to"": {""actual_score"": 91.0, ""normalized_score"": 1.82, ""normalized_rounded"": 2}, ""draw"": {""actual_score"": 46.0, ""normalized_score"": 0.92, ""normalized_rounded"": 1}, ""faiz"": {""actual_score"": 49.0, ""normalized_score"": 0.98, ""normalized_rounded"": 1}, ""he"": {""actual_score"": 82.0, ""normalized_score"": 1.64, ""normalized_rounded"": 2}, ""build"": {""actual_score"": 5.0, ""normalized_score"": 0.1, ""normalized_rounded"": 0}, ""things"": {""actual_score"": 41.0, ""normalized_score"": 0.82, ""normalized_rounded"": 1}}",11.02,ali,,1073518,3167,6677,2025-07-01 11:36:55.755,grade1_profile28516_q3_LP_20251122_101304.mp3,https://drive.google.com/file/d/1j_JEynar6juDx5LlXqofeJBHkoBZOVY6/view?usp=drivesdk,11.02,Skardu,,This is Zara. She loves to draw. This is Faiz. He loves to build things. ,1
28516,Come on. We can do it together.,1,,pre,come on we can do it together,Come on we can do it together,14.0,14,"{""come"": 2, ""on"": 2, ""we"": 2, ""can"": 2, ""do"": 2, ""it"": 2, ""together"": 2}","{""come"": {""actual_score"": 20.0, ""normalized_score"": 0.4, ""normalized_rounded"": 0}, ""on"": {""actual_score"": 45.0, ""normalized_score"": 0.9, ""normalized_rounded"": 1}, ""we"": {""actual_score"": 56.0, ""normalized_score"": 1.12, ""normalized_rounded"": 1}, ""can"": {""actual_score"": 69.0, ""normalized_score"": 1.38, ""normalized_rounded"": 1}, ""do"": {""actual_score"": 30.0, ""normalized_score"": 0.6, ""normalized_rounded"": 1}, ""it"": {""actual_score"": 88.0, ""normalized_score"": 1.76, ""normalized_rounded"": 2}, ""together"": {""actual_score"": 52.0, ""normalized_score"": 1.04, ""normalized_rounded"": 1}}",6.23,salman,,1073338,3167,6675,2025-07-01 11:31:02.086,grade1_profile28516_q1_LP_20251122_095026.mp3,https://drive.google.com/file/d/1W7zZe-7r3ViwDYUkMT9MUNTpD2nbNtJh/view?usp=drivesdk,6.23,Skardu,,Come on. We can do it  together.,1
28516,It's locked. I can open it.,2,,pre,It's lock I can open it,It's locked i can open it,10.0,12,"{""it's"": 2, ""locked"": 0, ""i"": 2, ""can"": 2, ""open"": 2, ""it"": 2}","{""it's"": {""actual_score"": 91.0, ""normalized_score"": 1.82, ""normalized_rounded"": 2}, ""locked"": {""actual_score"": 64.0, ""normalized_score"": 1.28, ""normalized_rounded"": 1}, ""i"": {""actual_score"": 91.0, ""normalized_score"": 1.82, ""normalized_rounded"": 2}, ""can"": {""actual_score"": 88.0, ""normalized_score"": 1.76, ""normalized_rounded"": 2}, ""open"": {""actual_score"": 91.0, ""normalized_score"": 1.82, ""normalized_rounded"": 2}, ""it"": {""actual_score"": 94.0, ""normalized_score"": 1.88, ""normalized_rounded"": 2}}",2.57,ali,,1073439,3167,6674,2025-07-01 11:32:43.580,grade1_profile28516_q2_LP_20251122_100201.mp3,https://drive.google.com/file/d/1vlc---35_95u9xVKBqstBON5GlrteiY5/view?usp=drivesdk,2.57,Skardu,,It's locked. I can open it. ,1
28516,Come on. We can do it together.,1,,post,Come only can do it together,On we can do it together,10.0,14,"{""come"": 2, ""on"": 0, ""we"": 0, ""can"": 2, ""do"": 2, ""it"": 2, ""together"": 2}","{""on"": {""actual_score"": 82.0, ""normalized_score"": 1.64, ""normalized_rounded"": 2}, ""we"": {""actual_score"": 82.0, ""normalized_score"": 1.64, ""normalized_rounded"": 2}, ""can"": {""actual_score"": 79.0, ""normalized_score"": 1.58, ""normalized_rounded"": 2}, ""do"": {""actual_score"": 79.0, ""normalized_score"": 1.58, ""normalized_rounded"": 2}, ""it"": {""actual_score"": 88.0, ""normalized_score"": 1.76, ""normalized_rounded"": 2}, ""together"": {""actual_score"": 49.0, ""normalized_score"": 0.98, ""normalized_rounded"": 1}}",3.48,ali,,1597077,4248,7979,2025-07-30 14:31:21.343,grade1_profile28516_q1_QK_20251122_095622.mp3,https://drive.google.com/file/d/1gICTrjlzr8QEjp0nFDvedCkvu5mD7zh3/view?usp=drivesdk,3.48,Skardu,,Come on. We can do it  together.,1
28516,Come on. We can do it together.,1,,post,come on we can do it together,On we can do it together,14.0,14,"{""come"": 2, ""on"": 2, ""we"": 2, ""can"": 2, ""do"": 2, ""it"": 2, ""together"": 2}","{""on"": {""actual_score"": 82.0, ""normalized_score"": 1.64, ""normalized_rounded"": 2}, ""we"": {""actual_score"": 82.0, ""normalized_score"": 1.64, ""normalized_rounded"": 2}, ""can"": {""actual_score"": 79.0, ""normalized_score"": 1.58, ""normalized_rounded"": 2}, ""do"": {""actual_score"": 79.0, ""normalized_score"": 1.58, ""normalized_rounded"": 2}, ""it"": {""actual_score"": 88.0, ""normalized_score"": 1.76, ""normalized_rounded"": 2}, ""together"": {""actual_score"": 49.0, ""normalized_score"": 0.98, ""normalized_rounded"": 1}}",3.48,salman,,1597077,4248,7979,2025-07-30 14:31:21.343,grade1_profile28516_q1_QK_20251122_095622.mp3,https://drive.google.com/file/d/1gICTrjlzr8QEjp0nFDvedCkvu5mD7zh3/view?usp=drivesdk,3.48,Skardu,,Come on. We can do it  together.,1
30490,It's locked. I can open it.,2,,pre,It's looked I can open it,It's locked i can open it,11.0,12,"{""it's"": 2, ""locked"": 1, ""i"": 2, ""can"": 2, ""open"": 2, ""it"": 2}","{""it's"": {""actual_score"": 85.0, ""normalized_score"": 1.7, ""normalized_rounded"": 2}, ""locked"": {""actual_score"": 58.0, ""normalized_score"": 1.16, ""normalized_rounded"": 1}, ""i"": {""actual_score"": 91.0, ""normalized_score"": 1.82, ""normalized_rounded"": 2}, ""can"": {""actual_score"": 82.0, ""normalized_score"": 1.64, ""normalized_rounded"": 2}, ""open"": {""actual_score"": 82.0, ""normalized_score"": 1.64, ""normalized_rounded"": 2}, ""it"": {""actual_score"": 94.0, ""normalized_score"": 1.88, ""normalized_rounded"": 2}}",5.41,ali,,1046937,3167,6674,2025-06-29 20:18:34.172,grade1_profile30490_q2_LP_20251122_100201.mp3,https://drive.google.com/file/d/1ABTRkeJT5r8DeoUOwK267qZER8x8gJ3P/view?usp=drivesdk,5.41,Rawalpindi,Vision Montessori And School,It's locked. I can open it. ,1
30490,Come on. We can do it together.,1,,post,Come on We can do it together,Come on we can do it it together,14.0,14,"{""come"": 2, ""on"": 2, ""we"": 2, ""can"": 2, ""do"": 2, ""it"": 2, ""together"": 2}","{""come"": {""actual_score"": 94.0, ""normalized_score"": 1.88, ""normalized_rounded"": 2}, ""on"": {""actual_score"": 85.0, ""normalized_score"": 1.7, ""normalized_rounded"": 2}, ""we"": {""actual_score"": 94.0, ""normalized_score"": 1.88, ""normalized_rounded"": 2}, ""can"": {""actual_score"": 88.0, ""normalized_score"": 1.76, ""normalized_rounded"": 2}, ""do"": {""actual_score"": 94.0, ""normalized_score"": 1.88, ""normalized_rounded"": 2}, ""it"": {""actual_score"": 94.0, ""normalized_score"": 1.88, ""normalized_rounded"": 2}, ""together"": {""actual_score"": 94.0, ""normalized_score"": 1.88, ""normalized_rounded"": 2}}",5.92,ali,,1617645,4248,7979,2025-08-01 09:15:58.198,grade1_profile30490_q1_QK_20251122_095622.mp3,https://drive.google.com/file/d/1FjNAOdqExSx2XwbH16Ah6nUBMazq_raO/view?usp=drivesdk,5.92,Rawalpindi,Vision Montessori And School,Come on. We can do it  together.,1
30490,It's locked. I can open it.,2,,post,Its looked i can open it,It's locked i can open it,10.0,12,"{""it's"": 2, ""locked"": 0, ""i"": 2, ""can"": 2, ""open"": 2, ""it"": 2}","{""it's"": {""actual_score"": 97.0, ""normalized_score"": 1.94, ""normalized_rounded"": 2}, ""locked"": {""actual_score"": 60.0, ""normalized_score"": 1.2, ""normalized_rounded"": 1}, ""i"": {""actual_score"": 97.0, ""normalized_score"": 1.94, ""normalized_rounded"": 2}, ""can"": {""actual_score"": 97.0, ""normalized_score"": 1.94, ""normalized_rounded"": 2}, ""open"": {""actual_score"": 94.0, ""normalized_score"": 1.88, ""normalized_rounded"": 2}, ""it"": {""actual_score"": 97.0, ""normalized_score"": 1.94, ""normalized_rounded"": 2}}",3.69,semal,,1617653,4248,7983,2025-08-01 09:16:20.857,grade1_profile30490_q2_QK_20251122_100724.mp3,https://drive.google.com/file/d/1UeDMCONSW2pNMqNi2cRs3IuH_QvbHRRv/view?usp=drivesdk,3.69,Rawalpindi,Vision Montessori And School,It's locked. I can open it. ,1
31205,It's locked. I can open it.,2,,pre,It's locked I can open it,It's locked i can open it,12.0,12,"{""it's"": 2, ""locked"": 2, ""i"": 2, ""can"": 2, ""open"": 2, ""it"": 2}","{""it's"": {""actual_score"": 76.0, ""normalized_score"": 1.52, ""normalized_rounded"": 2}, ""locked"": {""actual_score"": 60.0, ""normalized_score"": 1.2, ""normalized_rounded"": 1}, ""i"": {""actual_score"": 94.0, ""normalized_score"": 1.88, ""normalized_rounded"": 2}, ""can"": {""actual_score"": 94.0, ""normalized_score"": 1.88, ""normalized_rounded"": 2}, ""open"": {""actual_score"": 91.0, ""normalized_score"": 1.82, ""normalized_rounded"": 2}, ""it"": {""actual_score"": 91.0, ""normalized_score"": 1.82, ""normalized_rounded"": 2}}",3.09,ali,,1079321,3167,6674,2025-07-02 02:27:33.047,grade1_profile31205_q2_LP_20251122_100201.mp3,https://drive.google.com/file/d/1eRnfUby87T8F23MavT46p_0hn4nTyoPF/view?usp=drivesdk,3.09,,Wisdom School System,It's locked. I can open it. ,1
31205,Come on. We can do it together.,1,,post,come on we can do it together,Come on we can do it together,14.0,14,"{""come"": 2, ""on"": 2, ""we"": 2, ""can"": 2, ""do"": 2, ""it"": 2, ""together"": 2}","{""come"": {""actual_score"": 73.0, ""normalized_score"": 1.46, ""normalized_rounded"": 1}, ""on"": {""actual_score"": 61.0, ""normalized_score"": 1.22, ""normalized_rounded"": 1}, ""we"": {""actual_score"": 82.0, ""normalized_score"": 1.64, ""normalized_rounded"": 2}, ""can"": {""actual_score"": 94.0, ""normalized_score"": 1.88, ""normalized_rounded"": 2}, ""do"": {""actual_score"": 91.0, ""normalized_score"": 1.82, ""normalized_rounded"": 2}, ""it"": {""actual_score"": 91.0, ""normalized_score"": 1.82, ""normalized_rounded"": 2}, ""together"": {""actual_score"": 9.0, ""normalized_score"": 0.18, ""normalized_rounded"": 0}}",3.11,salman,,1528631,4248,7979,2025-07-25 12:33:45.486,grade1_profile31205_q1_QK_20251122_095622.mp3,https://drive.google.com/file/d/1QK1j_vz53rNZDZ6XEQIYwnV6j0Odnrdv/view?usp=drivesdk,3.11,,Wisdom School System,Come on. We can do it  together.,1
30481,Come on. We can do it together.,1,,pre,Come on Win can do it together,Come on we can do it together,12.0,14,"{""come"": 2, ""on"": 2, ""we"": 0, ""can"": 2, ""do"": 2, ""it"": 2, ""together"": 2}","{""come"": {""actual_score"": 23.0, ""normalized_score"": 0.46, ""normalized_rounded"": 0}, ""on"": {""actual_score"": 51.0, ""normalized_score"": 1.02, ""normalized_rounded"": 1}, ""we"": {""actual_score"": 55.0, ""normalized_score"": 1.1, ""normalized_rounded"": 1}, ""can"": {""actual_score"": 76.0, ""normalized_score"": 1.52, ""normalized_rounded"": 2}, ""do"": {""actual_score"": 82.0, ""normalized_score"": 1.64, ""normalized_rounded"": 2}, ""it"": {""actual_score"": 88.0, ""normalized_score"": 1.76, ""normalized_rounded"": 2}, ""together"": {""actual_score"": 9.0, ""normalized_score"": 0.18, ""normalized_rounded"": 0}}",8.95,ali,Mother and child both speaking word by word.,1023228,3167,6675,2025-06-25 09:04:48.010,grade1_profile30481_q1_LP_20251122_095026.mp3,https://drive.google.com/file/d/1osMa5CZv33M8jRM7fo_5iSr732CZivon/view?usp=drivesdk,8.95,Rawalpindi,Grammar School Rawalpindi,Come on. We can do it  together.,1
30481,It's locked. I can open it.,2,,pre,It's locked I can open it,It's locked i can open it,10.0,12,"{""it's"": 0, ""locked"": 2, ""i"": 2, ""can"": 2, ""open"": 2, ""it"": 2}","{""it's"": {""actual_score"": 25.0, ""normalized_score"": 0.5, ""normalized_rounded"": 0}, ""locked"": {""actual_score"": 61.0, ""normalized_score"": 1.22, ""normalized_rounded"": 1}, ""i"": {""actual_score"": 82.0, ""normalized_score"": 1.64, ""normalized_rounded"": 2}, ""can"": {""actual_score"": 79.0, ""normalized_score"": 1.58, ""normalized_rounded"": 2}, ""open"": {""actual_score"": 85.0, ""normalized_score"": 1.7, ""normalized_rounded"": 2}, ""it"": {""actual_score"": 91.0, ""normalized_score"": 1.82, ""normalized_rounded"": 2}}",6.33,ali,,1023244,3167,6674,2025-06-25 09:05:49.551,grade1_profile30481_q2_LP_20251122_100201.mp3,https://drive.google.com/file/d/11WKcPyuO1nByWJrdGdRyFaySwV0WUVDd/view?usp=drivesdk,6.33,Rawalpindi,Grammar School Rawalpindi,It's locked. I can open it. ,1
30481,This is Zara. She loves to draw. This is Faiz. He loves to build things.,3,,pre,This is Zara She loves to draaaai draaa This is Faiz He loves to biuld things,This is zara she loves to draw draw this is faiz he loves to build things,28.0,30,"{""this"": 2, ""is"": 2, ""zara"": 2, ""she"": 2, ""loves"": 2, ""to"": 2, ""draw"": 1, ""this.1"": 2, ""is.1"": 2, ""faiz"": 2, ""he"": 2, ""loves.1"": 2, ""to.1"": 2, ""build"": 1, ""things"": 2}","{""this"": {""actual_score"": 76.0, ""normalized_score"": 1.52, ""normalized_rounded"": 2}, ""is"": {""actual_score"": 79.0, ""normalized_score"": 1.58, ""normalized_rounded"": 2}, ""zara"": {""actual_score"": 63.0, ""normalized_score"": 1.26, ""normalized_rounded"": 1}, ""she"": {""actual_score"": 41.0, ""normalized_score"": 0.82, ""normalized_rounded"": 1}, ""loves"": {""actual_score"": 94.0, ""normalized_score"": 1.88, ""normalized_rounded"": 2}, ""to"": {""actual_score"": 69.0, ""normalized_score"": 1.38, ""normalized_rounded"": 1}, ""draw"": {""actual_score"": 88.0, ""normalized_score"": 1.76, ""normalized_rounded"": 2}, ""faiz"": {""actual_score"": 69.0, ""normalized_score"": 1.38, ""normalized_rounded"": 1}, ""he"": {""actual_score"": 69.0, ""normalized_score"": 1.38, ""normalized_rounded"": 1}, ""build"": {""actual_score"": 73.0, ""normalized_score"": 1.46, ""normalized_rounded"": 1}, ""things"": {""actual_score"": 73.0, ""normalized_score"": 1.46, ""normalized_rounded"": 1}}",20.31,anum,Mother prompted the kid to start but didn't try to correct her kid's mistakes.,1023261,3167,6677,2025-06-25 09:08:08.964,grade1_profile30481_q3_LP_20251122_101304.mp3,https://drive.google.com/file/d/1nfNIPg9pj032NCedUvO-HUoubiUzbxzl/view?usp=drivesdk,20.31,Rawalpindi,Grammar School Rawalpindi,This is Zara. She loves to draw. This is Faiz. He loves to build things. ,1
30481,Come on. We can do it together.,1,,post,Come on we can do it together,Come on we can do it together,14.0,14,"{""come"": 2, ""on"": 2, ""we"": 2, ""can"": 2, ""do"": 2, ""it"": 2, ""together"": 2}","{""come"": {""actual_score"": 23.0, ""normalized_score"": 0.46, ""normalized_rounded"": 0}, ""on"": {""actual_score"": 56.0, ""normalized_score"": 1.12, ""normalized_rounded"": 1}, ""we"": {""actual_score"": 91.0, ""normalized_score"": 1.82, ""normalized_rounded"": 2}, ""can"": {""actual_score"": 70.0, ""normalized_score"": 1.4, ""normalized_rounded"": 1}, ""do"": {""actual_score"": 79.0, ""normalized_score"": 1.58, ""normalized_rounded"": 2}, ""it"": {""actual_score"": 91.0, ""normalized_score"": 1.82, ""normalized_rounded"": 2}, ""together"": {""actual_score"": 80.0, ""normalized_score"": 1.6, ""normalized_rounded"": 2}}",7.09,semal,Parent assisting,1523757,4248,7979,2025-07-25 10:08:34.379,grade1_profile30481_q1_QK_20251122_095622.mp3,https://drive.google.com/file/d/1HkN06tbV8mzZbJ7QqmULw8B46zEvqsfM/view?usp=drivesdk,7.09,Rawalpindi,Grammar School Rawalpindi,Come on. We can do it  together.,1
28451,Come on. We can do it together.,1,,pre,Come on We can do it together,Come on we can do it together,14.0,14,"{""come"": 2, ""on"": 2, ""we"": 2, ""can"": 2, ""do"": 2, ""it"": 2, ""together"": 2}","{""come"": {""actual_score"": 70.0, ""normalized_score"": 1.4, ""normalized_rounded"": 1}, ""on"": {""actual_score"": 88.0, ""normalized_score"": 1.76, ""normalized_rounded"": 2}, ""we"": {""actual_score"": 61.0, ""normalized_score"": 1.22, ""normalized_rounded"": 1}, ""can"": {""actual_score"": 85.0, ""normalized_score"": 1.7, ""normalized_rounded"": 2}, ""do"": {""actual_score"": 79.0, ""normalized_score"": 1.58, ""normalized_rounded"": 2}, ""it"": {""actual_score"": 94.0, ""normalized_score"": 1.88, ""normalized_rounded"": 2}, ""together"": {""actual_score"": 49.0, ""normalized_score"": 0.98, ""normalized_rounded"": 1}}",4.64,ali,,1057846,3167,6675,2025-06-30 11:16:12.433,grade1_profile28451_q1_LP_20251122_095026.mp3,https://drive.google.com/file/d/1yFV9CoFQN3lU-90pmcLa2XUTWzHUSMzy/view?usp=drivesdk,4.64,Rawalpindi,Grammar School Rawalpindi,Come on. We can do it  together.,1
28451,It's locked. I can open it.,2,,pre,It is lock I can open it,It it's locked i can open it,11.0,12,"{""it's"": 2, ""locked"": 1, ""i"": 2, ""can"": 2, ""open"": 2, ""it"": 2}","{""it"": {""actual_score"": 91.0, ""normalized_score"": 1.82, ""normalized_rounded"": 2}, ""it's"": {""actual_score"": 24.0, ""normalized_score"": 0.48, ""normalized_rounded"": 0}, ""locked"": {""actual_score"": 79.0, ""normalized_score"": 1.58, ""normalized_rounded"": 2}, ""i"": {""actual_score"": 97.0, ""normalized_score"": 1.94, ""normalized_rounded"": 2}, ""can"": {""actual_score"": 97.0, ""normalized_score"": 1.94, ""normalized_rounded"": 2}, ""open"": {""actual_score"": 91.0, ""normalized_score"": 1.82, ""normalized_rounded"": 2}}",2.99,salman,,1057858,3167,6674,2025-06-30 11:16:37.662,grade1_profile28451_q2_LP_20251122_100201.mp3,https://drive.google.com/file/d/1lj3fpef_m-aUhbxDXi0mNLxWpjIJ9Jmo/view?usp=drivesdk,2.99,Rawalpindi,Grammar School Rawalpindi,It's locked. I can open it. ,1
28451,This is Zara. She loves to draw. This is Faiz. He loves to build things.,3,,pre,This is Zara She loves to draw This is Faiz He loves to build things,This is zara she loves to draw this is faiz he loves to build things,30.0,30,"{""this"": 2, ""is"": 2, ""zara"": 2, ""she"": 2, ""loves"": 2, ""to"": 2, ""draw"": 2, ""this.1"": 2, ""is.1"": 2, ""faiz"": 2, ""he"": 2, ""loves.1"": 2, ""to.1"": 2, ""build"": 2, ""things"": 2}","{""this"": {""actual_score"": 82.0, ""normalized_score"": 1.64, ""normalized_rounded"": 2}, ""is"": {""actual_score"": 88.0, ""normalized_score"": 1.76, ""normalized_rounded"": 2}, ""zara"": {""actual_score"": 66.0, ""normalized_score"": 1.32, ""normalized_rounded"": 1}, ""she"": {""actual_score"": 88.0, ""normalized_score"": 1.76, ""normalized_rounded"": 2}, ""loves"": {""actual_score"": 94.0, ""normalized_score"": 1.88, ""normalized_rounded"": 2}, ""to"": {""actual_score"": 85.0, ""normalized_score"": 1.7, ""normalized_rounded"": 2}, ""draw"": {""actual_score"": 88.0, ""normalized_score"": 1.76, ""normalized_rounded"": 2}, ""faiz"": {""actual_score"": 49.0, ""normalized_score"": 0.98, ""normalized_rounded"": 1}, ""he"": {""actual_score"": 97.0, ""normalized_score"": 1.94, ""normalized_rounded"": 2}, ""build"": {""actual_score"": 88.0, ""normalized_score"": 1.76, ""normalized_rounded"": 2}, ""things"": {""actual_score"": 76.0, ""normalized_score"": 1.52, ""normalized_rounded"": 2}}",11.54,anum,It seems as if some one in the background has assisted with reading. Also the audio seems to have been paused and then continued for the second sentence.,1057876,3167,6677,2025-06-30 11:17:58.901,grade1_profile28451_q3_LP_20251122_101304.mp3,https://drive.google.com/file/d/1gSMojvEwGJhOdrYPeT68VyftWY6p9bNp/view?usp=drivesdk,11.54,Rawalpindi,Grammar School Rawalpindi,This is Zara. She loves to draw. This is Faiz. He loves to build things. ,1
28451,It's locked. I can open it.,2,,post,It's locked I can open it,It's locked i can open it,12.0,12,"{""it's"": 2, ""locked"": 2, ""i"": 2, ""can"": 2, ""open"": 2, ""it"": 2}","{""it's"": {""actual_score"": 94.0, ""normalized_score"": 1.88, ""normalized_rounded"": 2}, ""locked"": {""actual_score"": 85.0, ""normalized_score"": 1.7, ""normalized_rounded"": 2}, ""i"": {""actual_score"": 97.0, ""normalized_score"": 1.94, ""normalized_rounded"": 2}, ""can"": {""actual_score"": 100.0, ""normalized_score"": 2.0, ""normalized_rounded"": 2}, ""open"": {""actual_score"": 97.0, ""normalized_score"": 1.94, ""normalized_rounded"": 2}, ""it"": {""actual_score"": 100.0, ""normalized_score"": 2.0, ""normalized_rounded"": 2}}",2.54,ali,,1522058,4248,7983,2025-07-25 09:29:55.448,grade1_profile28451_q2_QK_20251122_100724.mp3,https://drive.google.com/file/d/18AY2xo_T_j9-GdGAbTBDTMAYK-pT13pJ/view?usp=drivesdk,2.54,Rawalpindi,Grammar School Rawalpindi,It's locked. I can open it. ,1
28457,Come on. We can do it together.,1,,pre,Come on We can do it together,Come on we can do it together,14.0,14,"{""come"": 2, ""on"": 2, ""we"": 2, ""can"": 2, ""do"": 2, ""it"": 2, ""together"": 2}","{""come"": {""actual_score"": 79.0, ""normalized_score"": 1.58, ""normalized_rounded"": 2}, ""on"": {""actual_score"": 91.0, ""normalized_score"": 1.82, ""normalized_rounded"": 2}, ""we"": {""actual_score"": 97.0, ""normalized_score"": 1.94, ""normalized_rounded"": 2}, ""can"": {""actual_score"": 97.0, ""normalized_score"": 1.94, ""normalized_rounded"": 2}, ""do"": {""actual_score"": 94.0, ""normalized_score"": 1.88, ""normalized_rounded"": 2}, ""it"": {""actual_score"": 94.0, ""normalized_score"": 1.88, ""normalized_rounded"": 2}, ""together"": {""actual_score"": 75.0, ""normalized_score"": 1.5, ""normalized_rounded"": 2}}",7.74,ali,,1020571,3167,6675,2025-06-25 05:34:39.143,grade1_profile28457_q1_LP_20251122_095026.mp3,https://drive.google.com/file/d/1KUoVTYLcp7M4ojcCn1QZ0HcZY7ozLZi0/view?usp=drivesdk,7.74,,Strive Grammar School (Rawalpindi),Come on. We can do it  together.,1
28457,It's locked. I can open it.,2,,pre,It's lock I can open it,It's locked i can open it,10.0,12,"{""it's"": 2, ""locked"": 0, ""i"": 2, ""can"": 2, ""open"": 2, ""it"": 2}","{""it's"": {""actual_score"": 97.0, ""normalized_score"": 1.94, ""normalized_rounded"": 2}, ""locked"": {""actual_score"": 60.0, ""normalized_score"": 1.2, ""normalized_rounded"": 1}, ""i"": {""actual_score"": 88.0, ""normalized_score"": 1.76, ""normalized_rounded"": 2}, ""can"": {""actual_score"": 94.0, ""normalized_score"": 1.88, ""normalized_rounded"": 2}, ""open"": {""actual_score"": 94.0, ""normalized_score"": 1.88, ""normalized_rounded"": 2}, ""it"": {""actual_score"": 94.0, ""normalized_score"": 1.88, ""normalized_rounded"": 2}}",4.39,ali,,1020582,3167,6674,2025-06-25 05:35:29.057,grade1_profile28457_q2_LP_20251122_100201.mp3,https://drive.google.com/file/d/1FN-TEOL5AAgK6fDdhrrERjrZ1qOwVDSg/view?usp=drivesdk,4.39,,Strive Grammar School (Rawalpindi),It's locked. I can open it. ,1
28457,It's locked. I can open it.,2,,pre,It's locked I can open it,It's locked i can open it,12.0,12,"{""it's"": 2, ""locked"": 2, ""i"": 2, ""can"": 2, ""open"": 2, ""it"": 2}","{""it's"": {""actual_score"": 97.0, ""normalized_score"": 1.94, ""normalized_rounded"": 2}, ""locked"": {""actual_score"": 60.0, ""normalized_score"": 1.2, ""normalized_rounded"": 1}, ""i"": {""actual_score"": 88.0, ""normalized_score"": 1.76, ""normalized_rounded"": 2}, ""can"": {""actual_score"": 94.0, ""normalized_score"": 1.88, ""normalized_rounded"": 2}, ""open"": {""actual_score"": 94.0, ""normalized_score"": 1.88, ""normalized_rounded"": 2}, ""it"": {""actual_score"": 94.0, ""normalized_score"": 1.88, ""normalized_rounded"": 2}}",4.39,salman,,1020582,3167,6674,2025-06-25 05:35:29.057,grade1_profile28457_q2_LP_20251122_100201.mp3,https://drive.google.com/file/d/1FN-TEOL5AAgK6fDdhrrERjrZ1qOwVDSg/view?usp=drivesdk,4.39,,Strive Grammar School (Rawalpindi),It's locked. I can open it. ,1
28457,Come on. We can do it together.,1,,post,Come on We can do it together,Come on we can do it together,0.0,0,{},"{""come"": {""actual_score"": 97.0, ""normalized_score"": 1.94, ""normalized_rounded"": 2}, ""on"": {""actual_score"": 100.0, ""normalized_score"": 2.0, ""normalized_rounded"": 2}, ""we"": {""actual_score"": 97.0, ""normalized_score"": 1.94, ""normalized_rounded"": 2}, ""can"": {""actual_score"": 100.0, ""normalized_score"": 2.0, ""normalized_rounded"": 2}, ""do"": {""actual_score"": 100.0, ""normalized_score"": 2.0, ""normalized_rounded"": 2}, ""it"": {""actual_score"": 100.0, ""normalized_score"": 2.0, ""normalized_rounded"": 2}, ""together"": {""actual_score"": 97.0, ""normalized_score"": 1.94, ""normalized_rounded"": 2}}",1.45,anum,Mother has recorded. Doesn't sound like a child.,1618169,4248,7979,2025-08-01 09:50:23.128,grade1_profile28457_q1_QK_20251122_095622.mp3,https://drive.google.com/file/d/1x48tmw7M5cvWlNTqUCplMEr8d_dWTWN4/view?usp=drivesdk,1.45,,Strive Grammar School (Rawalpindi),Come on. We can do it  together.,1
28457,It's locked. I can open it.,2,,post,Its locked i can open it,It's locked i can open,0.0,0,{},"{""it's"": {""actual_score"": 97.0, ""normalized_score"": 1.94, ""normalized_rounded"": 2}, ""locked"": {""actual_score"": 94.0, ""normalized_score"": 1.88, ""normalized_rounded"": 2}, ""i"": {""actual_score"": 97.0, ""normalized_score"": 1.94, ""normalized_rounded"": 2}, ""can"": {""actual_score"": 100.0, ""normalized_score"": 2.0, ""normalized_rounded"": 2}, ""open"": {""actual_score"": 50.0, ""normalized_score"": 1.0, ""normalized_rounded"": 1}}",1.29,semal,Parent,1618173,4248,7983,2025-08-01 09:50:38.783,grade1_profile28457_q2_QK_20251122_100724.mp3,https://drive.google.com/file/d/1fjnNjIVjG_4EqSKovm9FMSx6qVtws6bm/view?usp=drivesdk,1.29,,Strive Grammar School (Rawalpindi),It's locked. I can open it. ,1
28423,Come on. We can do it together.,1,,pre,Come on we can do it to gather,Come on we can do it together,13.0,14,"{""come"": 2, ""on"": 2, ""we"": 2, ""can"": 2, ""do"": 2, ""it"": 2, ""together"": 1}","{""come"": {""actual_score"": 79.0, ""normalized_score"": 1.58, ""normalized_rounded"": 2}, ""on"": {""actual_score"": 88.0, ""normalized_score"": 1.76, ""normalized_rounded"": 2}, ""we"": {""actual_score"": 91.0, ""normalized_score"": 1.82, ""normalized_rounded"": 2}, ""can"": {""actual_score"": 94.0, ""normalized_score"": 1.88, ""normalized_rounded"": 2}, ""do"": {""actual_score"": 97.0, ""normalized_score"": 1.94, ""normalized_rounded"": 2}, ""it"": {""actual_score"": 97.0, ""normalized_score"": 1.94, ""normalized_rounded"": 2}, ""together"": {""actual_score"": 88.0, ""normalized_score"": 1.76, ""normalized_rounded"": 2}}",2.27,semal,,1020830,3167,6675,2025-06-25 06:05:07.799,grade1_profile28423_q1_LP_20251122_095026.mp3,https://drive.google.com/file/d/10elorxxpdjLEWacskgdqBPNPCmFwXGEc/view?usp=drivesdk,2.27,Rawalpindi,Grammar School Rawalpindi,Come on. We can do it  together.,1
28423,Come on. We can do it together.,1,,pre,Come on We can do it  together,Come on we can do it together,14.0,14,"{""come"": 2, ""on"": 2, ""we"": 2, ""can"": 2, ""do"": 2, ""it"": 2, ""together"": 2}","{""come"": {""actual_score"": 79.0, ""normalized_score"": 1.58, ""normalized_rounded"": 2}, ""on"": {""actual_score"": 88.0, ""normalized_score"": 1.76, ""normalized_rounded"": 2}, ""we"": {""actual_score"": 91.0, ""normalized_score"": 1.82, ""normalized_rounded"": 2}, ""can"": {""actual_score"": 94.0, ""normalized_score"": 1.88, ""normalized_rounded"": 2}, ""do"": {""actual_score"": 97.0, ""normalized_score"": 1.94, ""normalized_rounded"": 2}, ""it"": {""actual_score"": 97.0, ""normalized_score"": 1.94, ""normalized_rounded"": 2}, ""together"": {""actual_score"": 88.0, ""normalized_score"": 1.76, ""normalized_rounded"": 2}}",2.27,anum,Sound of acknowledgement by the mother at the end. Audio seems assisted.,1020830,3167,6675,2025-06-25 06:05:07.799,grade1_profile28423_q1_LP_20251122_095026.mp3,https://drive.google.com/file/d/10elorxxpdjLEWacskgdqBPNPCmFwXGEc/view?usp=drivesdk,2.27,Rawalpindi,Grammar School Rawalpindi,Come on. We can do it  together.,1
28423,It's locked. I can open it.,2,,pre,Its locked i can open it,It's locked i can open it,12.0,12,"{""it's"": 2, ""locked"": 2, ""i"": 2, ""can"": 2, ""open"": 2, ""it"": 2}","{""it's"": {""actual_score"": 88.0, ""normalized_score"": 1.76, ""normalized_rounded"": 2}, ""locked"": {""actual_score"": 79.0, ""normalized_score"": 1.58, ""normalized_rounded"": 2}, ""i"": {""actual_score"": 94.0, ""normalized_score"": 1.88, ""normalized_rounded"": 2}, ""can"": {""actual_score"": 91.0, ""normalized_score"": 1.82, ""normalized_rounded"": 2}, ""open"": {""actual_score"": 88.0, ""normalized_score"": 1.76, ""normalized_rounded"": 2}, ""it"": {""actual_score"": 97.0, ""normalized_score"": 1.94, ""normalized_rounded"": 2}}",3.67,semal,,1020847,3167,6674,2025-06-25 06:07:06.166,grade1_profile28423_q2_LP_20251122_100201.mp3,https://drive.google.com/file/d/1TfSBrL4uT-B4qbWiM7LVLt_H6e_YKuo4/view?usp=drivesdk,3.67,Rawalpindi,Grammar School Rawalpindi,It's locked. I can open it. ,1
28423,This is Zara. She loves to draw. This is Faiz. He loves to build things.,3,,pre,This is Zara She loves to draw This is Faiz He loves to build things,This is zara she loves to draw this is faiz he loves to build things,30.0,30,"{""this"": 2, ""is"": 2, ""zara"": 2, ""she"": 2, ""loves"": 2, ""to"": 2, ""draw"": 2, ""this.1"": 2, ""is.1"": 2, ""faiz"": 2, ""he"": 2, ""loves.1"": 2, ""to.1"": 2, ""build"": 2, ""things"": 2}","{""this"": {""actual_score"": 91.0, ""normalized_score"": 1.82, ""normalized_rounded"": 2}, ""is"": {""actual_score"": 94.0, ""normalized_score"": 1.88, ""normalized_rounded"": 2}, ""zara"": {""actual_score"": 85.0, ""normalized_score"": 1.7, ""normalized_rounded"": 2}, ""she"": {""actual_score"": 91.0, ""normalized_score"": 1.82, ""normalized_rounded"": 2}, ""loves"": {""actual_score"": 97.0, ""normalized_score"": 1.94, ""normalized_rounded"": 2}, ""to"": {""actual_score"": 94.0, ""normalized_score"": 1.88, ""normalized_rounded"": 2}, ""draw"": {""actual_score"": 94.0, ""normalized_score"": 1.88, ""normalized_rounded"": 2}, ""faiz"": {""actual_score"": 43.0, ""normalized_score"": 0.86, ""normalized_rounded"": 1}, ""he"": {""actual_score"": 91.0, ""normalized_score"": 1.82, ""normalized_rounded"": 2}, ""build"": {""actual_score"": 88.0, ""normalized_score"": 1.76, ""normalized_rounded"": 2}, ""things"": {""actual_score"": 73.0, ""normalized_score"": 1.46, ""normalized_rounded"": 1}}",8.57,anum,,1020870,3167,6677,2025-06-25 06:10:03.629,grade1_profile28423_q3_LP_20251122_101304.mp3,https://drive.google.com/file/d/1kxi2fXFMS1M2dnEADWRHddn7Fh0dhmwG/view?usp=drivesdk,8.57,Rawalpindi,Grammar School Rawalpindi,This is Zara. She loves to draw. This is Faiz. He loves to build things. ,1
28423,It's locked. I can open it.,2,,post,It's locked I can open it,It's locked i can open it,12.0,12,"{""it's"": 2, ""locked"": 2, ""i"": 2, ""can"": 2, ""open"": 2, ""it"": 2}","{""it's"": {""actual_score"": 97.0, ""normalized_score"": 1.94, ""normalized_rounded"": 2}, ""locked"": {""actual_score"": 88.0, ""normalized_score"": 1.76, ""normalized_rounded"": 2}, ""i"": {""actual_score"": 97.0, ""normalized_score"": 1.94, ""normalized_rounded"": 2}, ""can"": {""actual_score"": 97.0, ""normalized_score"": 1.94, ""normalized_rounded"": 2}, ""open"": {""actual_score"": 97.0, ""normalized_score"": 1.94, ""normalized_rounded"": 2}, ""it"": {""actual_score"": 97.0, ""normalized_score"": 1.94, ""normalized_rounded"": 2}}",3.2,ali,,1525806,4248,7983,2025-07-25 11:05:38.524,grade1_profile28423_q2_QK_20251122_100724.mp3,https://drive.google.com/file/d/1NpovlMsS2GPLJRbDPFDKP3BIAig8qXxW/view?usp=drivesdk,3.2,Rawalpindi,Grammar School Rawalpindi,It's locked. I can open it. ,1
30823,It's locked. I can open it.,2,,pre,It's locked I can open it,It's locked i can open it,12.0,12,"{""it's"": 2, ""locked"": 2, ""i"": 2, ""can"": 2, ""open"": 2, ""it"": 2}","{""it's"": {""actual_score"": 24.0, ""normalized_score"": 0.48, ""normalized_rounded"": 0}, ""locked"": {""actual_score"": 61.0, ""normalized_score"": 1.22, ""normalized_rounded"": 1}, ""i"": {""actual_score"": 82.0, ""normalized_score"": 1.64, ""normalized_rounded"": 2}, ""can"": {""actual_score"": 82.0, ""normalized_score"": 1.64, ""normalized_rounded"": 2}, ""open"": {""actual_score"": 88.0, ""normalized_score"": 1.76, ""normalized_rounded"": 2}, ""it"": {""actual_score"": 88.0, ""normalized_score"": 1.76, ""normalized_rounded"": 2}}",4.54,ali,,1032393,3167,6674,2025-06-26 13:37:34.895,grade1_profile30823_q2_LP_20251122_100201.mp3,https://drive.google.com/file/d/11dh34OVzRr1UN6qK1f3KwzzNQWrLyaXE/view?usp=drivesdk,4.54,Islamabad,Pehli Kiran School,It's locked. I can open it. ,1
28391,Come on. We can do it together.,1,,pre,Come on we can do it together,Come on we can do it together,14.0,14,"{""come"": 2, ""on"": 2, ""we"": 2, ""can"": 2, ""do"": 2, ""it"": 2, ""together"": 2}","{""come"": {""actual_score"": 97.0, ""normalized_score"": 1.94, ""normalized_rounded"": 2}, ""on"": {""actual_score"": 97.0, ""normalized_score"": 1.94, ""normalized_rounded"": 2}, ""we"": {""actual_score"": 100.0, ""normalized_score"": 2.0, ""normalized_rounded"": 2}, ""can"": {""actual_score"": 97.0, ""normalized_score"": 1.94, ""normalized_rounded"": 2}, ""do"": {""actual_score"": 97.0, ""normalized_score"": 1.94, ""normalized_rounded"": 2}, ""it"": {""actual_score"": 100.0, ""normalized_score"": 2.0, ""normalized_rounded"": 2}, ""together"": {""actual_score"": 94.0, ""normalized_score"": 1.88, ""normalized_rounded"": 2}}",2.57,semal,,1083072,3167,6675,2025-07-02 07:09:25.652,grade1_profile28391_q1_LP_20251122_095026.mp3,https://drive.google.com/file/d/1jernYLW_5qqcrnj6Y1EdKHeOAxp3Ne7L/view?usp=drivesdk,2.57,Rawalpindi,Vision Montessori And School,Come on. We can do it  together.,1
28391,It's locked. I can open it.,2,,pre,It's locked I can open it,It's locked i can open it,12.0,12,"{""it's"": 2, ""locked"": 2, ""i"": 2, ""can"": 2, ""open"": 2, ""it"": 2}","{""it's"": {""actual_score"": 97.0, ""normalized_score"": 1.94, ""normalized_rounded"": 2}, ""locked"": {""actual_score"": 97.0, ""normalized_score"": 1.94, ""normalized_rounded"": 2}, ""i"": {""actual_score"": 97.0, ""normalized_score"": 1.94, ""normalized_rounded"": 2}, ""can"": {""actual_score"": 100.0, ""normalized_score"": 2.0, ""normalized_rounded"": 2}, ""open"": {""actual_score"": 97.0, ""normalized_score"": 1.94, ""normalized_rounded"": 2}, ""it"": {""actual_score"": 97.0, ""normalized_score"": 1.94, ""normalized_rounded"": 2}}",2.4,ali,,1083092,3167,6674,2025-07-02 07:10:04.295,grade1_profile28391_q2_LP_20251122_100201.mp3,https://drive.google.com/file/d/15lSencTCJacMFd-FvZ28h0Pi3PBq9Fcz/view?usp=drivesdk,2.4,Rawalpindi,Vision Montessori And School,It's locked. I can open it. ,1
28391,It's locked. I can open it.,2,,post,I can open it,I can open it,8.0,12,"{""it's"": 0, ""locked"": 0, ""i"": 2, ""can"": 2, ""open"": 2, ""it"": 2}","{""i"": {""actual_score"": 91.0, ""normalized_score"": 1.82, ""normalized_rounded"": 2}, ""can"": {""actual_score"": 88.0, ""normalized_score"": 1.76, ""normalized_rounded"": 2}, ""open"": {""actual_score"": 88.0, ""normalized_score"": 1.76, ""normalized_rounded"": 2}, ""it"": {""actual_score"": 94.0, ""normalized_score"": 1.88, ""normalized_rounded"": 2}}",2.35,salman,,1553677,4248,7983,2025-07-26 18:03:20.500,grade1_profile28391_q2_QK_20251122_100724.mp3,https://drive.google.com/file/d/1vuu3OIBGEpthIyj8QkJMWWdFOAh-JLwW/view?usp=drivesdk,2.35,Rawalpindi,Vision Montessori And School,It's locked. I can open it. ,1
28391,It's locked. I can open it.,2,,post,I can open it mumma,I can open it,8.0,12,"{""it's"": 0, ""locked"": 0, ""i"": 2, ""can"": 2, ""open"": 2, ""it"": 2}","{""i"": {""actual_score"": 91.0, ""normalized_score"": 1.82, ""normalized_rounded"": 2}, ""can"": {""actual_score"": 88.0, ""normalized_score"": 1.76, ""normalized_rounded"": 2}, ""open"": {""actual_score"": 88.0, ""normalized_score"": 1.76, ""normalized_rounded"": 2}, ""it"": {""actual_score"": 94.0, ""normalized_score"": 1.88, ""normalized_rounded"": 2}}",2.35,semal,,1553677,4248,7983,2025-07-26 18:03:20.500,grade1_profile28391_q2_QK_20251122_100724.mp3,https://drive.google.com/file/d/1vuu3OIBGEpthIyj8QkJMWWdFOAh-JLwW/view?usp=drivesdk,2.35,Rawalpindi,Vision Montessori And School,It's locked. I can open it. ,1
28385,It's locked. I can open it.,2,,pre,Yes,,0.0,12,"{""it's"": 0, ""locked"": 0, ""i"": 0, ""can"": 0, ""open"": 0, ""it"": 0}",{},0.0,semal,,1022175,3167,6674,2025-06-25 10:37:13.106,grade1_profile28385_q2_LP_20251122_100201.mp3,https://drive.google.com/file/d/1ZveNOa2GnPn4lR2OFiNXQBEU-Xir_rqL/view?usp=drivesdk,0.0,Karachi,National Schooling System,It's locked. I can open it. ,1
28385,It's locked. I can open it.,2,,post,It's lock I can open,It's locked i can open,8.0,12,"{""it's"": 2, ""locked"": 0, ""i"": 2, ""can"": 2, ""open"": 2, ""it"": 0}","{""it's"": {""actual_score"": 97.0, ""normalized_score"": 1.94, ""normalized_rounded"": 2}, ""locked"": {""actual_score"": 64.0, ""normalized_score"": 1.28, ""normalized_rounded"": 1}, ""i"": {""actual_score"": 97.0, ""normalized_score"": 1.94, ""normalized_rounded"": 2}, ""can"": {""actual_score"": 97.0, ""normalized_score"": 1.94, ""normalized_rounded"": 2}, ""open"": {""actual_score"": 45.0, ""normalized_score"": 0.9, ""normalized_rounded"": 1}}",2.63,ali,,1528490,4248,7983,2025-07-25 12:28:24.120,grade1_profile28385_q2_QK_20251122_100724.mp3,https://drive.google.com/file/d/1onBYCBns-sOGCGxcNGpOx4qrGruSz3EN/view?usp=drivesdk,2.63,Karachi,National Schooling System,It's locked. I can open it. ,1
28456,Come on. We can do it together.,1,,pre,Come on We can do it toogether,Come on we can do it together,11.0,12,"{""come"": 2, ""on"": 2, ""we"": 2, ""can"": 2, ""it"": 2, ""together"": 1}","{""come"": {""actual_score"": 94.0, ""normalized_score"": 1.88, ""normalized_rounded"": 2}, ""on"": {""actual_score"": 94.0, ""normalized_score"": 1.88, ""normalized_rounded"": 2}, ""we"": {""actual_score"": 97.0, ""normalized_score"": 1.94, ""normalized_rounded"": 2}, ""can"": {""actual_score"": 91.0, ""normalized_score"": 1.82, ""normalized_rounded"": 2}, ""do"": {""actual_score"": 88.0, ""normalized_score"": 1.76, ""normalized_rounded"": 2}, ""it"": {""actual_score"": 94.0, ""normalized_score"": 1.88, ""normalized_rounded"": 2}, ""together"": {""actual_score"": 10.0, ""normalized_score"": 0.2, ""normalized_rounded"": 0}}",6.7,anum,"Mother prompted the kid to say ""do"".",1022424,3167,6675,2025-06-25 08:14:32.911,grade1_profile28456_q1_LP_20251122_095026.mp3,https://drive.google.com/file/d/1dCMSzpX6LJQJdJrdw8lH5YZYSbodAm6W/view?usp=drivesdk,6.7,Rawalpindi,Grammar School Rawalpindi,Come on. We can do it  together.,1
28456,It's locked. I can open it.,2,,post,It's locked I can open it,It's locked i can open it,12.0,12,"{""it's"": 2, ""locked"": 2, ""i"": 2, ""can"": 2, ""open"": 2, ""it"": 2}","{""it's"": {""actual_score"": 97.0, ""normalized_score"": 1.94, ""normalized_rounded"": 2}, ""locked"": {""actual_score"": 61.0, ""normalized_score"": 1.22, ""normalized_rounded"": 1}, ""i"": {""actual_score"": 97.0, ""normalized_score"": 1.94, ""normalized_rounded"": 2}, ""can"": {""actual_score"": 97.0, ""normalized_score"": 1.94, ""normalized_rounded"": 2}, ""open"": {""actual_score"": 97.0, ""normalized_score"": 1.94, ""normalized_rounded"": 2}, ""it"": {""actual_score"": 100.0, ""normalized_score"": 2.0, ""normalized_rounded"": 2}}",2.82,ali,,1516243,4248,7983,2025-07-25 07:32:02.711,grade1_profile28456_q2_QK_20251122_100724.mp3,https://drive.google.com/file/d/11xP60WvHJCIAGewyxLcBkEIwJJcl8c6C/view?usp=drivesdk,2.82,Rawalpindi,Grammar School Rawalpindi,It's locked. I can open it. ,1
28350,It's locked. I can open it.,2,,pre,is locked I can open it,It's locked i can open it,11.0,12,"{""it's"": 1, ""locked"": 2, ""i"": 2, ""can"": 2, ""open"": 2, ""it"": 2}","{""it's"": {""actual_score"": 73.0, ""normalized_score"": 1.46, ""normalized_rounded"": 1}, ""locked"": {""actual_score"": 52.0, ""normalized_score"": 1.04, ""normalized_rounded"": 1}, ""i"": {""actual_score"": 97.0, ""normalized_score"": 1.94, ""normalized_rounded"": 2}, ""can"": {""actual_score"": 91.0, ""normalized_score"": 1.82, ""normalized_rounded"": 2}, ""open"": {""actual_score"": 94.0, ""normalized_score"": 1.88, ""normalized_rounded"": 2}, ""it"": {""actual_score"": 97.0, ""normalized_score"": 1.94, ""normalized_rounded"": 2}}",3.2,salman,,1026058,3167,6674,2025-06-26 05:11:41.544,grade1_profile28350_q2_LP_20251122_100201.mp3,https://drive.google.com/file/d/1AIgyzLGlCTQoYELcNb5HogelSx5rxIto/view?usp=drivesdk,3.2,Faisalabad,Oxford Grammar School,It's locked. I can open it. ,1
28350,It's locked. I can open it.,2,,pre,Is lockdd I can open it,It's locked i can open it,11.0,12,"{""it's"": 2, ""locked"": 1, ""i"": 2, ""can"": 2, ""open"": 2, ""it"": 2}","{""it's"": {""actual_score"": 73.0, ""normalized_score"": 1.46, ""normalized_rounded"": 1}, ""locked"": {""actual_score"": 52.0, ""normalized_score"": 1.04, ""normalized_rounded"": 1}, ""i"": {""actual_score"": 97.0, ""normalized_score"": 1.94, ""normalized_rounded"": 2}, ""can"": {""actual_score"": 91.0, ""normalized_score"": 1.82, ""normalized_rounded"": 2}, ""open"": {""actual_score"": 94.0, ""normalized_score"": 1.88, ""normalized_rounded"": 2}, ""it"": {""actual_score"": 97.0, ""normalized_score"": 1.94, ""normalized_rounded"": 2}}",3.2,anum,,1026058,3167,6674,2025-06-26 05:11:41.544,grade1_profile28350_q2_LP_20251122_100201.mp3,https://drive.google.com/file/d/1AIgyzLGlCTQoYELcNb5HogelSx5rxIto/view?usp=drivesdk,3.2,Faisalabad,Oxford Grammar School,It's locked. I can open it. ,1
28350,Come on. We can do it together.,1,,post,Come on we can do it gether,Come on we can do it together,13.0,14,"{""come"": 2, ""on"": 2, ""we"": 2, ""can"": 2, ""do"": 2, ""it"": 2, ""together"": 1}","{""come"": {""actual_score"": 76.0, ""normalized_score"": 1.52, ""normalized_rounded"": 2}, ""on"": {""actual_score"": 51.0, ""normalized_score"": 1.02, ""normalized_rounded"": 1}, ""we"": {""actual_score"": 88.0, ""normalized_score"": 1.76, ""normalized_rounded"": 2}, ""can"": {""actual_score"": 91.0, ""normalized_score"": 1.82, ""normalized_rounded"": 2}, ""do"": {""actual_score"": 91.0, ""normalized_score"": 1.82, ""normalized_rounded"": 2}, ""it"": {""actual_score"": 91.0, ""normalized_score"": 1.82, ""normalized_rounded"": 2}, ""together"": {""actual_score"": 9.0, ""normalized_score"": 0.18, ""normalized_rounded"": 0}}",3.61,salman,,1509093,4248,7979,2025-07-25 05:17:14.431,grade1_profile28350_q1_QK_20251122_095622.mp3,https://drive.google.com/file/d/1kcHVzGg_x4bsWXE-aIoJoVhvOAlIcS--/view?usp=drivesdk,3.61,Faisalabad,Oxford Grammar School,Come on. We can do it  together.,1
28350,It's locked. I can open it.,2,,post,It's locked I can open it,It's locked i can open it,9.0,12,"{""it's"": 2, ""locked"": 0, ""i"": 2, ""can"": 2, ""open"": 1, ""it"": 2}","{""it's"": {""actual_score"": 94.0, ""normalized_score"": 1.88, ""normalized_rounded"": 2}, ""locked"": {""actual_score"": 61.0, ""normalized_score"": 1.22, ""normalized_rounded"": 1}, ""i"": {""actual_score"": 97.0, ""normalized_score"": 1.94, ""normalized_rounded"": 2}, ""can"": {""actual_score"": 94.0, ""normalized_score"": 1.88, ""normalized_rounded"": 2}, ""open"": {""actual_score"": 79.0, ""normalized_score"": 1.58, ""normalized_rounded"": 2}, ""it"": {""actual_score"": 91.0, ""normalized_score"": 1.82, ""normalized_rounded"": 2}}",2.31,ali,,1509170,4248,7983,2025-07-25 05:19:06.071,grade1_profile28350_q2_QK_20251122_100724.mp3,https://drive.google.com/file/d/1KlOcYrDlORtcuMaYIpgtqjMXuVBhDRn-/view?usp=drivesdk,2.31,Faisalabad,Oxford Grammar School,It's locked. I can open it. ,1
30496,Come on. We can do it together.,1,,pre,come on we can do it together,Come on come on we we can do it together,14.0,14,"{""come"": 2, ""on"": 2, ""we"": 2, ""can"": 2, ""do"": 2, ""it"": 2, ""together"": 2}","{""come"": {""actual_score"": 97.0, ""normalized_score"": 1.94, ""normalized_rounded"": 2}, ""on"": {""actual_score"": 91.0, ""normalized_score"": 1.82, ""normalized_rounded"": 2}, ""we"": {""actual_score"": 91.0, ""normalized_score"": 1.82, ""normalized_rounded"": 2}, ""can"": {""actual_score"": 85.0, ""normalized_score"": 1.7, ""normalized_rounded"": 2}, ""do"": {""actual_score"": 79.0, ""normalized_score"": 1.58, ""normalized_rounded"": 2}, ""it"": {""actual_score"": 91.0, ""normalized_score"": 1.82, ""normalized_rounded"": 2}, ""together"": {""actual_score"": 9.0, ""normalized_score"": 0.18, ""normalized_rounded"": 0}}",5.61,salman,,1021144,3167,6675,2025-06-25 06:31:52.251,grade1_profile30496_q1_LP_20251122_095026.mp3,https://drive.google.com/file/d/1YcMTXYhkjE2Z4McXTo9eBkB3tgm0G0q7/view?usp=drivesdk,5.61,Faisalabad,Oxford Grammar School,Come on. We can do it  together.,1
30496,It's locked. I can open it.,2,,pre,It's locked I can open it,It's locked i can open it,12.0,12,"{""it's"": 2, ""locked"": 2, ""i"": 2, ""can"": 2, ""open"": 2, ""it"": 2}","{""it's"": {""actual_score"": 94.0, ""normalized_score"": 1.88, ""normalized_rounded"": 2}, ""locked"": {""actual_score"": 61.0, ""normalized_score"": 1.22, ""normalized_rounded"": 1}, ""i"": {""actual_score"": 97.0, ""normalized_score"": 1.94, ""normalized_rounded"": 2}, ""can"": {""actual_score"": 97.0, ""normalized_score"": 1.94, ""normalized_rounded"": 2}, ""open"": {""actual_score"": 97.0, ""normalized_score"": 1.94, ""normalized_rounded"": 2}, ""it"": {""actual_score"": 97.0, ""normalized_score"": 1.94, ""normalized_rounded"": 2}}",2.48,salman,,1021155,3167,6674,2025-06-25 06:32:33.082,grade1_profile30496_q2_LP_20251122_100201.mp3,https://drive.google.com/file/d/1N-WLjE8RwfSjmqX3HKSdB6poZh3TauMv/view?usp=drivesdk,2.48,Faisalabad,Oxford Grammar School,It's locked. I can open it. ,1
30496,It's locked. I can open it.,2,,post,Its logged i can awpen it,It's locked i can open it,0.0,0,{},"{""it's"": {""actual_score"": 97.0, ""normalized_score"": 1.94, ""normalized_rounded"": 2}, ""locked"": {""actual_score"": 60.0, ""normalized_score"": 1.2, ""normalized_rounded"": 1}, ""i"": {""actual_score"": 97.0, ""normalized_score"": 1.94, ""normalized_rounded"": 2}, ""can"": {""actual_score"": 100.0, ""normalized_score"": 2.0, ""normalized_rounded"": 2}, ""open"": {""actual_score"": 97.0, ""normalized_score"": 1.94, ""normalized_rounded"": 2}, ""it"": {""actual_score"": 97.0, ""normalized_score"": 1.94, ""normalized_rounded"": 2}}",2.17,semal,Parent,1509986,4248,7983,2025-07-25 05:37:41.663,grade1_profile30496_q2_QK_20251122_100724.mp3,https://drive.google.com/file/d/1qFOm4SLT9gX4CsYS4XMBjNcn1rQANhbn/view?usp=drivesdk,2.17,Faisalabad,Oxford Grammar School,It's locked. I can open it. ,1
30496,This is Zara. She loves to draw. This is Faiz. He loves to build things.,3,,post,This is Zara She loves to draw This is Faiz He loves to build things,This is zara she loves to draw this is faiz he loves to build things,0.0,0,{},"{""this"": {""actual_score"": 97.0, ""normalized_score"": 1.94, ""normalized_rounded"": 2}, ""is"": {""actual_score"": 94.0, ""normalized_score"": 1.88, ""normalized_rounded"": 2}, ""zara"": {""actual_score"": 97.0, ""normalized_score"": 1.94, ""normalized_rounded"": 2}, ""she"": {""actual_score"": 97.0, ""normalized_score"": 1.94, ""normalized_rounded"": 2}, ""loves"": {""actual_score"": 100.0, ""normalized_score"": 2.0, ""normalized_rounded"": 2}, ""to"": {""actual_score"": 97.0, ""normalized_score"": 1.94, ""normalized_rounded"": 2}, ""draw"": {""actual_score"": 100.0, ""normalized_score"": 2.0, ""normalized_rounded"": 2}, ""faiz"": {""actual_score"": 65.0, ""normalized_score"": 1.3, ""normalized_rounded"": 1}, ""he"": {""actual_score"": 97.0, ""normalized_score"": 1.94, ""normalized_rounded"": 2}, ""build"": {""actual_score"": 97.0, ""normalized_score"": 1.94, ""normalized_rounded"": 2}, ""things"": {""actual_score"": 94.0, ""normalized_score"": 1.88, ""normalized_rounded"": 2}}",5.1,anum,Seems like elder sister has recorded. Doesn't sound like a child.,1509998,4248,7982,2025-07-25 05:38:05.109,grade1_profile30496_q3_QK_20251122_101834.mp3,https://drive.google.com/file/d/1I-nV-Z9NijYazKpDfaMZNetkVsc7Zhdr/view?usp=drivesdk,5.1,Faisalabad,Oxford Grammar School,This is Zara. She loves to draw. This is Faiz. He loves to build things. ,1
31207,It's locked. I can open it.,2,,pre,It's locked I can open it,It's locked i can open it,12.0,12,"{""it's"": 2, ""locked"": 2, ""i"": 2, ""can"": 2, ""open"": 2, ""it"": 2}","{""it's"": {""actual_score"": 24.0, ""normalized_score"": 0.48, ""normalized_rounded"": 0}, ""locked"": {""actual_score"": 53.0, ""normalized_score"": 1.06, ""normalized_rounded"": 1}, ""i"": {""actual_score"": 57.0, ""normalized_score"": 1.14, ""normalized_rounded"": 1}, ""can"": {""actual_score"": 73.0, ""normalized_score"": 1.46, ""normalized_rounded"": 1}, ""open"": {""actual_score"": 49.0, ""normalized_score"": 0.98, ""normalized_rounded"": 1}, ""it"": {""actual_score"": 91.0, ""normalized_score"": 1.82, ""normalized_rounded"": 2}}",6.77,salman,,1090505,3167,6674,2025-07-02 13:10:41.614,grade1_profile31207_q2_LP_20251122_100201.mp3,https://drive.google.com/file/d/1Vw54qxp2XPhb-kFOVr6bYowyiEVtToaR/view?usp=drivesdk,6.77,,Wisdom School System,It's locked. I can open it. ,1
31207,Come on. We can do it together.,1,,pre,Come aan We can do it toogether,Come on we can do it together,12.0,14,"{""come"": 2, ""on"": 1, ""we"": 2, ""can"": 2, ""do"": 2, ""it"": 2, ""together"": 1}","{""come"": {""actual_score"": 29.0, ""normalized_score"": 0.58, ""normalized_rounded"": 1}, ""on"": {""actual_score"": 51.0, ""normalized_score"": 1.02, ""normalized_rounded"": 1}, ""we"": {""actual_score"": 56.0, ""normalized_score"": 1.12, ""normalized_rounded"": 1}, ""can"": {""actual_score"": 76.0, ""normalized_score"": 1.52, ""normalized_rounded"": 2}, ""do"": {""actual_score"": 79.0, ""normalized_score"": 1.58, ""normalized_rounded"": 2}, ""it"": {""actual_score"": 91.0, ""normalized_score"": 1.82, ""normalized_rounded"": 2}, ""together"": {""actual_score"": 10.0, ""normalized_score"": 0.2, ""normalized_rounded"": 0}}",5.32,anum,,1090494,3167,6675,2025-07-02 13:09:56.749,grade1_profile31207_q1_LP_20251122_095026.mp3,https://drive.google.com/file/d/1znls_9ImLOjmzM5oLlzYfo6DLHlvEor_/view?usp=drivesdk,5.32,,Wisdom School System,Come on. We can do it  together.,1
31207,Come on. We can do it together.,1,,post,Come on We can do it to,Come on we can do it,12.0,14,"{""come"": 2, ""on"": 2, ""we"": 2, ""can"": 2, ""do"": 2, ""it"": 2, ""together"": 0}","{""come"": {""actual_score"": 22.0, ""normalized_score"": 0.44, ""normalized_rounded"": 0}, ""on"": {""actual_score"": 62.0, ""normalized_score"": 1.24, ""normalized_rounded"": 1}, ""we"": {""actual_score"": 91.0, ""normalized_score"": 1.82, ""normalized_rounded"": 2}, ""can"": {""actual_score"": 88.0, ""normalized_score"": 1.76, ""normalized_rounded"": 2}, ""do"": {""actual_score"": 79.0, ""normalized_score"": 1.58, ""normalized_rounded"": 2}, ""it"": {""actual_score"": 91.0, ""normalized_score"": 1.82, ""normalized_rounded"": 2}}",4.25,ali,,1582606,4248,7979,2025-07-29 10:50:34.089,grade1_profile31207_q1_QK_20251122_095622.mp3,https://drive.google.com/file/d/1lHO3Tc8Vijh4FWeqFYaaSokb7gSKVt1E/view?usp=drivesdk,4.25,,Wisdom School System,Come on. We can do it  together.,1
28514,It's locked. I can open it.,2,,post,It's locked I can open it,It's locked i can open it,12.0,12,"{""it's"": 2, ""locked"": 2, ""i"": 2, ""can"": 2, ""open"": 2, ""it"": 2}","{""it's"": {""actual_score"": 97.0, ""normalized_score"": 1.94, ""normalized_rounded"": 2}, ""locked"": {""actual_score"": 91.0, ""normalized_score"": 1.82, ""normalized_rounded"": 2}, ""i"": {""actual_score"": 94.0, ""normalized_score"": 1.88, ""normalized_rounded"": 2}, ""can"": {""actual_score"": 97.0, ""normalized_score"": 1.94, ""normalized_rounded"": 2}, ""open"": {""actual_score"": 97.0, ""normalized_score"": 1.94, ""normalized_rounded"": 2}, ""it"": {""actual_score"": 97.0, ""normalized_score"": 1.94, ""normalized_rounded"": 2}}",3.87,salman,,1508215,4248,7983,2025-07-25 04:50:06.939,grade1_profile28514_q2_QK_20251122_100724.mp3,https://drive.google.com/file/d/1PeQUzbzxS-GZ35ClselmGK-9QfDbmlTw/view?usp=drivesdk,3.87,Islamabad,Islamabad Model College For Boys (Imcb) G - 15,It's locked. I can open it. ,1
28514,This is Zara. She loves to draw. This is Faiz. He loves to build things.,3,,post,This is Zara She looves to draw This is Faiz He looves to build things,This is zara she loves to draw this is faiz he loves to build things,28.0,30,"{""this"": 2, ""is"": 2, ""zara"": 2, ""she"": 2, ""loves"": 1, ""to"": 2, ""draw"": 2, ""this.1"": 2, ""is.1"": 2, ""faiz"": 2, ""he"": 2, ""loves.1"": 1, ""to.1"": 2, ""build"": 2, ""things"": 2}","{""this"": {""actual_score"": 97.0, ""normalized_score"": 1.94, ""normalized_rounded"": 2}, ""is"": {""actual_score"": 97.0, ""normalized_score"": 1.94, ""normalized_rounded"": 2}, ""zara"": {""actual_score"": 76.0, ""normalized_score"": 1.52, ""normalized_rounded"": 2}, ""she"": {""actual_score"": 79.0, ""normalized_score"": 1.58, ""normalized_rounded"": 2}, ""loves"": {""actual_score"": 94.0, ""normalized_score"": 1.88, ""normalized_rounded"": 2}, ""to"": {""actual_score"": 82.0, ""normalized_score"": 1.64, ""normalized_rounded"": 2}, ""draw"": {""actual_score"": 88.0, ""normalized_score"": 1.76, ""normalized_rounded"": 2}, ""faiz"": {""actual_score"": 49.0, ""normalized_score"": 0.98, ""normalized_rounded"": 1}, ""he"": {""actual_score"": 85.0, ""normalized_score"": 1.7, ""normalized_rounded"": 2}, ""build"": {""actual_score"": 91.0, ""normalized_score"": 1.82, ""normalized_rounded"": 2}, ""things"": {""actual_score"": 73.0, ""normalized_score"": 1.46, ""normalized_rounded"": 1}}",12.08,anum,,1508256,4248,7982,2025-07-25 04:52:10.192,grade1_profile28514_q3_QK_20251122_101834.mp3,https://drive.google.com/file/d/1i6VdOGirYesagKn-Tp6NFM36qvv37dj_/view?usp=drivesdk,12.08,Islamabad,Islamabad Model College For Boys (Imcb) G - 15,This is Zara. She loves to draw. This is Faiz. He loves to build things. ,1
28381,Come on. We can do it together.,1,,pre,come on come on we can do it gether,Come on come on we can do it together together,13.0,14,"{""come"": 2, ""on"": 2, ""we"": 2, ""can"": 2, ""do"": 2, ""it"": 2, ""together"": 1}","{""come"": {""actual_score"": 88.0, ""normalized_score"": 1.76, ""normalized_rounded"": 2}, ""on"": {""actual_score"": 94.0, ""normalized_score"": 1.88, ""normalized_rounded"": 2}, ""we"": {""actual_score"": 94.0, ""normalized_score"": 1.88, ""normalized_rounded"": 2}, ""can"": {""actual_score"": 91.0, ""normalized_score"": 1.82, ""normalized_rounded"": 2}, ""do"": {""actual_score"": 97.0, ""normalized_score"": 1.94, ""normalized_rounded"": 2}, ""it"": {""actual_score"": 97.0, ""normalized_score"": 1.94, ""normalized_rounded"": 2}, ""together"": {""actual_score"": 21.0, ""normalized_score"": 0.42, ""normalized_rounded"": 0}}",6.81,salman,Parent Helping,1025275,3167,6675,2025-06-25 15:33:34.235,grade1_profile28381_q1_LP_20251122_095026.mp3,https://drive.google.com/file/d/1F3LooXAi6jLUDrRaZHfCprz1x62fqT0V/view?usp=drivesdk,6.81,Islamabad,,Come on. We can do it  together.,1
28381,It's locked. I can open it.,2,,pre,It's locked I can open it,It's locked i can open it,12.0,12,"{""it's"": 2, ""locked"": 2, ""i"": 2, ""can"": 2, ""open"": 2, ""it"": 2}","{""it's"": {""actual_score"": 97.0, ""normalized_score"": 1.94, ""normalized_rounded"": 2}, ""locked"": {""actual_score"": 88.0, ""normalized_score"": 1.76, ""normalized_rounded"": 2}, ""i"": {""actual_score"": 94.0, ""normalized_score"": 1.88, ""normalized_rounded"": 2}, ""can"": {""actual_score"": 97.0, ""normalized_score"": 1.94, ""normalized_rounded"": 2}, ""open"": {""actual_score"": 94.0, ""normalized_score"": 1.88, ""normalized_rounded"": 2}, ""it"": {""actual_score"": 97.0, ""normalized_score"": 1.94, ""normalized_rounded"": 2}}",4.93,salman,,1025309,3167,6674,2025-06-25 15:38:58.194,grade1_profile28381_q2_LP_20251122_100201.mp3,https://drive.google.com/file/d/1UGIkoADDWp9ZEfi9HHBa6-JDm8VkUseu/view?usp=drivesdk,4.93,Islamabad,,It's locked. I can open it. ,1
31284,It's locked. I can open it.,2,,pre,It's locked I can open it,It's locked i can open it,12.0,12,"{""it's"": 2, ""locked"": 2, ""i"": 2, ""can"": 2, ""open"": 2, ""it"": 2}","{""it's"": {""actual_score"": 62.0, ""normalized_score"": 1.24, ""normalized_rounded"": 1}, ""locked"": {""actual_score"": 60.0, ""normalized_score"": 1.2, ""normalized_rounded"": 1}, ""i"": {""actual_score"": 94.0, ""normalized_score"": 1.88, ""normalized_rounded"": 2}, ""can"": {""actual_score"": 94.0, ""normalized_score"": 1.88, ""normalized_rounded"": 2}, ""open"": {""actual_score"": 94.0, ""normalized_score"": 1.88, ""normalized_rounded"": 2}, ""it"": {""actual_score"": 94.0, ""normalized_score"": 1.88, ""normalized_rounded"": 2}}",3.69,salman,,1100147,3167,6674,2025-07-03 07:20:10.689,grade1_profile31284_q2_LP_20251122_100201.mp3,https://drive.google.com/file/d/19DqLJFNDoSPTOLrBg8wLf2z6YAk7qxog/view?usp=drivesdk,3.69,,Wisdom School System,It's locked. I can open it. ,1
31284,Come on. We can do it together.,1,,post,annnn onnnnn We can do it together together,On on we can do it together,9.0,12,"{""come"": 0, ""on"": 1, ""we"": 2, ""can"": 2, ""do"": 2, ""it"": 2}","{""on"": {""actual_score"": 85.0, ""normalized_score"": 1.7, ""normalized_rounded"": 2}, ""we"": {""actual_score"": 57.0, ""normalized_score"": 1.14, ""normalized_rounded"": 1}, ""can"": {""actual_score"": 88.0, ""normalized_score"": 1.76, ""normalized_rounded"": 2}, ""do"": {""actual_score"": 79.0, ""normalized_score"": 1.58, ""normalized_rounded"": 2}, ""it"": {""actual_score"": 94.0, ""normalized_score"": 1.88, ""normalized_rounded"": 2}, ""together"": {""actual_score"": 90.0, ""normalized_score"": 1.8, ""normalized_rounded"": 2}}",6.72,anum,"Mother prompted the kid to say ""together"".",1506646,4248,7979,2025-07-25 03:47:49.512,grade1_profile31284_q1_QK_20251122_095622.mp3,https://drive.google.com/file/d/1giRhhVQ-DJo0dLwJw0Ud42WcHz2q_x3H/view?usp=drivesdk,6.72,,Wisdom School System,Come on. We can do it  together.,1
31284,It's locked. I can open it.,2,,post,It's locked I can open it,It's locked i can open it,12.0,12,"{""it's"": 2, ""locked"": 2, ""i"": 2, ""can"": 2, ""open"": 2, ""it"": 2}","{""it's"": {""actual_score"": 70.0, ""normalized_score"": 1.4, ""normalized_rounded"": 1}, ""locked"": {""actual_score"": 61.0, ""normalized_score"": 1.22, ""normalized_rounded"": 1}, ""i"": {""actual_score"": 82.0, ""normalized_score"": 1.64, ""normalized_rounded"": 2}, ""can"": {""actual_score"": 82.0, ""normalized_score"": 1.64, ""normalized_rounded"": 2}, ""open"": {""actual_score"": 85.0, ""normalized_score"": 1.7, ""normalized_rounded"": 2}, ""it"": {""actual_score"": 88.0, ""normalized_score"": 1.76, ""normalized_rounded"": 2}}",3.67,salman,,1506653,4248,7983,2025-07-25 03:48:21.668,grade1_profile31284_q2_QK_20251122_100724.mp3,https://drive.google.com/file/d/1TNjWFFK0sRktQMZTpV3nDgWyiUpcytdr/view?usp=drivesdk,3.67,,Wisdom School System,It's locked. I can open it. ,1
28355,It's locked. I can open it.,2,,pre,It's locked I can open it,It's locked i can open it,12.0,12,"{""it's"": 2, ""locked"": 2, ""i"": 2, ""can"": 2, ""open"": 2, ""it"": 2}","{""it's"": {""actual_score"": 91.0, ""normalized_score"": 1.82, ""normalized_rounded"": 2}, ""locked"": {""actual_score"": 59.0, ""normalized_score"": 1.18, ""normalized_rounded"": 1}, ""i"": {""actual_score"": 94.0, ""normalized_score"": 1.88, ""normalized_rounded"": 2}, ""can"": {""actual_score"": 79.0, ""normalized_score"": 1.58, ""normalized_rounded"": 2}, ""open"": {""actual_score"": 91.0, ""normalized_score"": 1.82, ""normalized_rounded"": 2}, ""it"": {""actual_score"": 50.0, ""normalized_score"": 1.0, ""normalized_rounded"": 1}}",5.03,salman,,1047471,3167,6674,2025-06-30 04:21:56.582,grade1_profile28355_q2_LP_20251122_100201.mp3,https://drive.google.com/file/d/1Z3WBCAxCONhNBQNX-vHEqQnWp9kcln3j/view?usp=drivesdk,5.03,Faisalabad,Oxford Grammar School,It's locked. I can open it. ,1
30630,Come on. We can do it together.,1,,pre,Come on We can do it toogether,Come on we can do it together,13.0,14,"{""come"": 2, ""on"": 2, ""we"": 2, ""can"": 2, ""do"": 2, ""it"": 2, ""together"": 1}","{""come"": {""actual_score"": 82.0, ""normalized_score"": 1.64, ""normalized_rounded"": 2}, ""on"": {""actual_score"": 85.0, ""normalized_score"": 1.7, ""normalized_rounded"": 2}, ""we"": {""actual_score"": 82.0, ""normalized_score"": 1.64, ""normalized_rounded"": 2}, ""can"": {""actual_score"": 91.0, ""normalized_score"": 1.82, ""normalized_rounded"": 2}, ""do"": {""actual_score"": 79.0, ""normalized_score"": 1.58, ""normalized_rounded"": 2}, ""it"": {""actual_score"": 94.0, ""normalized_score"": 1.88, ""normalized_rounded"": 2}, ""together"": {""actual_score"": 54.0, ""normalized_score"": 1.08, ""normalized_rounded"": 1}}",5.08,anum,,1044518,3167,6675,2025-06-29 19:14:00.037,grade1_profile30630_q1_LP_20251122_095026.mp3,https://drive.google.com/file/d/15lK3PFMaxji8GSTKKGk8vc7O2qp_aojP/view?usp=drivesdk,5.08,Rawalpindi,Grammar School Rawalpindi,Come on. We can do it  together.,1
30630,It's locked. I can open it.,2,,pre,It's lock I can aupen it,It's locked i can open it,10.0,12,"{""it's"": 2, ""locked"": 1, ""i"": 2, ""can"": 2, ""open"": 1, ""it"": 2}","{""it's"": {""actual_score"": 94.0, ""normalized_score"": 1.88, ""normalized_rounded"": 2}, ""locked"": {""actual_score"": 61.0, ""normalized_score"": 1.22, ""normalized_rounded"": 1}, ""i"": {""actual_score"": 91.0, ""normalized_score"": 1.82, ""normalized_rounded"": 2}, ""can"": {""actual_score"": 91.0, ""normalized_score"": 1.82, ""normalized_rounded"": 2}, ""open"": {""actual_score"": 88.0, ""normalized_score"": 1.76, ""normalized_rounded"": 2}, ""it"": {""actual_score"": 97.0, ""normalized_score"": 1.94, ""normalized_rounded"": 2}}",3.55,anum,,1044733,3167,6674,2025-06-29 19:15:18.571,grade1_profile30630_q2_LP_20251122_100201.mp3,https://drive.google.com/file/d/1qfGsM-C8SKuXoTAF8cZ5uUpCdQxXM_Bx/view?usp=drivesdk,3.55,Rawalpindi,Grammar School Rawalpindi,It's locked. I can open it. ,1
30630,Come on. We can do it together.,1,,post,Come on we can do it to gather,Come on we can do it together,13.0,14,"{""come"": 2, ""on"": 2, ""we"": 2, ""can"": 2, ""do"": 2, ""it"": 2, ""together"": 1}","{""come"": {""actual_score"": 18.0, ""normalized_score"": 0.36, ""normalized_rounded"": 0}, ""on"": {""actual_score"": 51.0, ""normalized_score"": 1.02, ""normalized_rounded"": 1}, ""we"": {""actual_score"": 91.0, ""normalized_score"": 1.82, ""normalized_rounded"": 2}, ""can"": {""actual_score"": 73.0, ""normalized_score"": 1.46, ""normalized_rounded"": 1}, ""do"": {""actual_score"": 79.0, ""normalized_score"": 1.58, ""normalized_rounded"": 2}, ""it"": {""actual_score"": 88.0, ""normalized_score"": 1.76, ""normalized_rounded"": 2}, ""together"": {""actual_score"": 49.0, ""normalized_score"": 0.98, ""normalized_rounded"": 1}}",6.4,semal,,1528043,4248,7979,2025-07-25 12:18:58.155,grade1_profile30630_q1_QK_20251122_095622.mp3,https://drive.google.com/file/d/1_P3egLc_8tab7-Asjm9QbixfTIuaGbrI/view?usp=drivesdk,6.4,Rawalpindi,Grammar School Rawalpindi,Come on. We can do it  together.,1
30630,It's locked. I can open it.,2,,post,It's locked I can open it,It's locked i can open it,12.0,12,"{""it's"": 2, ""locked"": 2, ""i"": 2, ""can"": 2, ""open"": 2, ""it"": 2}","{""it's"": {""actual_score"": 91.0, ""normalized_score"": 1.82, ""normalized_rounded"": 2}, ""locked"": {""actual_score"": 55.0, ""normalized_score"": 1.1, ""normalized_rounded"": 1}, ""i"": {""actual_score"": 59.0, ""normalized_score"": 1.18, ""normalized_rounded"": 1}, ""can"": {""actual_score"": 70.0, ""normalized_score"": 1.4, ""normalized_rounded"": 1}, ""open"": {""actual_score"": 38.0, ""normalized_score"": 0.76, ""normalized_rounded"": 1}, ""it"": {""actual_score"": 73.0, ""normalized_score"": 1.46, ""normalized_rounded"": 1}}",3.92,salman,,1528255,4248,7983,2025-07-25 12:19:30.326,grade1_profile30630_q2_QK_20251122_100724.mp3,https://drive.google.com/file/d/1dpCwPCU6DIrGDJi_O5zaUZJei6_flcGy/view?usp=drivesdk,3.92,Rawalpindi,Grammar School Rawalpindi,It's locked. I can open it. ,1
30467,It's locked. I can open it.,2,,pre,It's locked I can open it,It's locked i can open it,12.0,12,"{""it's"": 2, ""locked"": 2, ""i"": 2, ""can"": 2, ""open"": 2, ""it"": 2}","{""it's"": {""actual_score"": 39.0, ""normalized_score"": 0.78, ""normalized_rounded"": 1}, ""locked"": {""actual_score"": 61.0, ""normalized_score"": 1.22, ""normalized_rounded"": 1}, ""i"": {""actual_score"": 91.0, ""normalized_score"": 1.82, ""normalized_rounded"": 2}, ""can"": {""actual_score"": 91.0, ""normalized_score"": 1.82, ""normalized_rounded"": 2}, ""open"": {""actual_score"": 91.0, ""normalized_score"": 1.82, ""normalized_rounded"": 2}, ""it"": {""actual_score"": 94.0, ""normalized_score"": 1.88, ""normalized_rounded"": 2}}",3.17,salman,,1038661,3167,6674,2025-06-27 10:41:23.218,grade1_profile30467_q2_LP_20251122_100201.mp3,https://drive.google.com/file/d/1bigm6845iZY6iGBBsxyK7NyOPQoNnsbA/view?usp=drivesdk,3.17,Lahore,KIPS Schools,It's locked. I can open it. ,1
30467,This is Zara. She loves to draw. This is Faiz. He loves to build things.,3,,pre,This is Zara She loves to draw This is Faiz He loves to build things,This is zara she loves to draw this is is he loves to build things,30.0,30,"{""this"": 2, ""is"": 2, ""zara"": 2, ""she"": 2, ""loves"": 2, ""to"": 2, ""draw"": 2, ""this.1"": 2, ""is.1"": 2, ""faiz"": 2, ""he"": 2, ""loves.1"": 2, ""to.1"": 2, ""build"": 2, ""things"": 2}","{""this"": {""actual_score"": 88.0, ""normalized_score"": 1.76, ""normalized_rounded"": 2}, ""is"": {""actual_score"": 68.0, ""normalized_score"": 1.36, ""normalized_rounded"": 1}, ""zara"": {""actual_score"": 73.0, ""normalized_score"": 1.46, ""normalized_rounded"": 1}, ""she"": {""actual_score"": 82.0, ""normalized_score"": 1.64, ""normalized_rounded"": 2}, ""loves"": {""actual_score"": 94.0, ""normalized_score"": 1.88, ""normalized_rounded"": 2}, ""to"": {""actual_score"": 85.0, ""normalized_score"": 1.7, ""normalized_rounded"": 2}, ""draw"": {""actual_score"": 88.0, ""normalized_score"": 1.76, ""normalized_rounded"": 2}, ""he"": {""actual_score"": 79.0, ""normalized_score"": 1.58, ""normalized_rounded"": 2}, ""build"": {""actual_score"": 39.0, ""normalized_score"": 0.78, ""normalized_rounded"": 1}, ""things"": {""actual_score"": 73.0, ""normalized_score"": 1.46, ""normalized_rounded"": 1}}",18.5,anum,,1039050,3167,6677,2025-06-27 11:43:09.109,grade1_profile30467_q3_LP_20251122_101304.mp3,https://drive.google.com/file/d/1qGBMTShaRoP0ep1VbSClVSUyeuLfo1B2/view?usp=drivesdk,18.5,Lahore,KIPS Schools,This is Zara. She loves to draw. This is Faiz. He loves to build things. ,1
28392,Come on. We can do it together.,1,,pre,Come on you can do it,Come on do can do it,10.0,14,"{""come"": 2, ""on"": 2, ""we"": 0, ""can"": 2, ""do"": 2, ""it"": 2, ""together"": 0}","{""come"": {""actual_score"": 91.0, ""normalized_score"": 1.82, ""normalized_rounded"": 2}, ""on"": {""actual_score"": 91.0, ""normalized_score"": 1.82, ""normalized_rounded"": 2}, ""do"": {""actual_score"": 82.0, ""normalized_score"": 1.64, ""normalized_rounded"": 2}, ""can"": {""actual_score"": 94.0, ""normalized_score"": 1.88, ""normalized_rounded"": 2}, ""it"": {""actual_score"": 94.0, ""normalized_score"": 1.88, ""normalized_rounded"": 2}}",3.13,semal,,1158593,3167,6675,2025-07-09 05:46:04.288,grade1_profile28392_q1_LP_20251122_095026.mp3,https://drive.google.com/file/d/18wryoBuUjIeBdyRkrPYh8hZtOwhZuyA4/view?usp=drivesdk,3.13,Rawalpindi,Grammar School Rawalpindi,Come on. We can do it  together.,1
28392,It's locked. I can open it.,2,,pre,Come on you can do it together,Can it,0.0,12,"{""it's"": 0, ""locked"": 0, ""i"": 0, ""can"": 0, ""open"": 0, ""it"": 0}","{""can"": {""actual_score"": 70.0, ""normalized_score"": 1.4, ""normalized_rounded"": 1}, ""it"": {""actual_score"": 88.0, ""normalized_score"": 1.76, ""normalized_rounded"": 2}}",2.51,semal,Parent assisting,1158622,3167,6674,2025-07-09 05:47:33.008,grade1_profile28392_q2_LP_20251122_100201.mp3,https://drive.google.com/file/d/1Xz-wS2AMrNUdcK_B4-KgUABXnttla0mM/view?usp=drivesdk,2.51,Rawalpindi,Grammar School Rawalpindi,It's locked. I can open it. ,1
28392,Come on. We can do it together.,1,,post,Come on We can do it together,Come on we can do it together,13.0,14,"{""come"": 2, ""on"": 2, ""we"": 2, ""can"": 1, ""do"": 2, ""it"": 2, ""together"": 2}","{""come"": {""actual_score"": 85.0, ""normalized_score"": 1.7, ""normalized_rounded"": 2}, ""on"": {""actual_score"": 88.0, ""normalized_score"": 1.76, ""normalized_rounded"": 2}, ""we"": {""actual_score"": 88.0, ""normalized_score"": 1.76, ""normalized_rounded"": 2}, ""can"": {""actual_score"": 76.0, ""normalized_score"": 1.52, ""normalized_rounded"": 2}, ""do"": {""actual_score"": 82.0, ""normalized_score"": 1.64, ""normalized_rounded"": 2}, ""it"": {""actual_score"": 97.0, ""normalized_score"": 1.94, ""normalized_rounded"": 2}, ""together"": {""actual_score"": 88.0, ""normalized_score"": 1.76, ""normalized_rounded"": 2}}",6.78,ali,Parent speaking,1618648,4248,7979,2025-08-01 10:35:46.253,grade1_profile28392_q1_QK_20251122_095622.mp3,https://drive.google.com/file/d/1FO4NsnuWGlBu88SpgZRd2kQgzcEoWSlF/view?usp=drivesdk,6.78,Rawalpindi,Grammar School Rawalpindi,Come on. We can do it  together.,1
28512,Come on. We can do it together.,1,,pre,Come on We can do it togayher,Come on we can do it together,13.0,14,"{""come"": 2, ""on"": 2, ""we"": 2, ""can"": 2, ""do"": 2, ""it"": 2, ""together"": 1}","{""come"": {""actual_score"": 88.0, ""normalized_score"": 1.76, ""normalized_rounded"": 2}, ""on"": {""actual_score"": 91.0, ""normalized_score"": 1.82, ""normalized_rounded"": 2}, ""we"": {""actual_score"": 94.0, ""normalized_score"": 1.88, ""normalized_rounded"": 2}, ""can"": {""actual_score"": 94.0, ""normalized_score"": 1.88, ""normalized_rounded"": 2}, ""do"": {""actual_score"": 85.0, ""normalized_score"": 1.7, ""normalized_rounded"": 2}, ""it"": {""actual_score"": 85.0, ""normalized_score"": 1.7, ""normalized_rounded"": 2}, ""together"": {""actual_score"": 54.0, ""normalized_score"": 1.08, ""normalized_rounded"": 1}}",5.28,anum,,1023557,3167,6675,2025-06-25 09:35:41.662,grade1_profile28512_q1_LP_20251122_095026.mp3,https://drive.google.com/file/d/1RK5rvndliJUPe28fi99pOvk6azmRdDrK/view?usp=drivesdk,5.28,Kohat,Iqra School System,Come on. We can do it  together.,1
28512,It's locked. I can open it.,2,,pre,Lockeed I can aupen (it it it) it,Locked it i can open it,6.0,10,"{""it's"": 0, ""locked"": 1, ""i"": 2, ""can"": 2, ""open"": 1}","{""locked"": {""actual_score"": 57.0, ""normalized_score"": 1.14, ""normalized_rounded"": 1}, ""it"": {""actual_score"": 91.0, ""normalized_score"": 1.82, ""normalized_rounded"": 2}, ""i"": {""actual_score"": 91.0, ""normalized_score"": 1.82, ""normalized_rounded"": 2}, ""can"": {""actual_score"": 85.0, ""normalized_score"": 1.7, ""normalized_rounded"": 2}, ""open"": {""actual_score"": 88.0, ""normalized_score"": 1.76, ""normalized_rounded"": 2}}",4.01,anum,"Mother prompted the kid three times to say ""it"".",1023613,3167,6674,2025-06-25 09:42:41.010,grade1_profile28512_q2_LP_20251122_100201.mp3,https://drive.google.com/file/d/1EH-6YttTBZFaIiXCHsM_HiThpjbyirYS/view?usp=drivesdk,4.01,Kohat,Iqra School System,It's locked. I can open it. ,1
28512,Come on. We can do it together.,1,,post,Come on We can do it together,Come on we can do it together,14.0,14,"{""come"": 2, ""on"": 2, ""we"": 2, ""can"": 2, ""do"": 2, ""it"": 2, ""together"": 2}","{""come"": {""actual_score"": 97.0, ""normalized_score"": 1.94, ""normalized_rounded"": 2}, ""on"": {""actual_score"": 100.0, ""normalized_score"": 2.0, ""normalized_rounded"": 2}, ""we"": {""actual_score"": 97.0, ""normalized_score"": 1.94, ""normalized_rounded"": 2}, ""can"": {""actual_score"": 97.0, ""normalized_score"": 1.94, ""normalized_rounded"": 2}, ""do"": {""actual_score"": 100.0, ""normalized_score"": 2.0, ""normalized_rounded"": 2}, ""it"": {""actual_score"": 100.0, ""normalized_score"": 2.0, ""normalized_rounded"": 2}, ""together"": {""actual_score"": 94.0, ""normalized_score"": 1.88, ""normalized_rounded"": 2}}",1.75,ali,Parent speaking,1534460,4248,7979,2025-07-25 16:11:20.768,grade1_profile28512_q1_QK_20251122_095622.mp3,https://drive.google.com/file/d/1oIVafMwiOS4qYJ7UnZSewmEE7RjZSlgc/view?usp=drivesdk,1.75,Kohat,Iqra School System,Come on. We can do it  together.,1
31204,Come on. We can do it together.,1,,pre,come on we can do it together,Come on we can do it together,14.0,14,"{""come"": 2, ""on"": 2, ""we"": 2, ""can"": 2, ""do"": 2, ""it"": 2, ""together"": 2}","{""come"": {""actual_score"": 82.0, ""normalized_score"": 1.64, ""normalized_rounded"": 2}, ""on"": {""actual_score"": 82.0, ""normalized_score"": 1.64, ""normalized_rounded"": 2}, ""we"": {""actual_score"": 64.0, ""normalized_score"": 1.28, ""normalized_rounded"": 1}, ""can"": {""actual_score"": 85.0, ""normalized_score"": 1.7, ""normalized_rounded"": 2}, ""do"": {""actual_score"": 82.0, ""normalized_score"": 1.64, ""normalized_rounded"": 2}, ""it"": {""actual_score"": 94.0, ""normalized_score"": 1.88, ""normalized_rounded"": 2}, ""together"": {""actual_score"": 9.0, ""normalized_score"": 0.18, ""normalized_rounded"": 0}}",4.64,salman,,1080082,3167,6675,2025-07-02 04:55:52.346,grade1_profile31204_q1_LP_20251122_095026.mp3,https://drive.google.com/file/d/15bAjLlm2COxhFQXZDl950gATyubIQY4d/view?usp=drivesdk,4.64,,Wisdom School System,Come on. We can do it  together.,1
31204,Come on. We can do it together.,1,,post,Come on We can do it together,Come on we can do it together,12.0,14,"{""come"": 2, ""on"": 2, ""we"": 2, ""can"": 1, ""do"": 2, ""it"": 2, ""together"": 1}","{""come"": {""actual_score"": 94.0, ""normalized_score"": 1.88, ""normalized_rounded"": 2}, ""on"": {""actual_score"": 85.0, ""normalized_score"": 1.7, ""normalized_rounded"": 2}, ""we"": {""actual_score"": 85.0, ""normalized_score"": 1.7, ""normalized_rounded"": 2}, ""can"": {""actual_score"": 94.0, ""normalized_score"": 1.88, ""normalized_rounded"": 2}, ""do"": {""actual_score"": 91.0, ""normalized_score"": 1.82, ""normalized_rounded"": 2}, ""it"": {""actual_score"": 97.0, ""normalized_score"": 1.94, ""normalized_rounded"": 2}, ""together"": {""actual_score"": 73.0, ""normalized_score"": 1.46, ""normalized_rounded"": 1}}",7.35,ali,"Parent assisting child by saying ""chalo"" to start speaking",1597126,4248,7979,2025-07-30 14:34:09.474,grade1_profile31204_q1_QK_20251122_095622.mp3,https://drive.google.com/file/d/1n8T9CS8_Mv2tLs2_nmXl31PqVXgxOBsv/view?usp=drivesdk,7.35,,Wisdom School System,Come on. We can do it  together.,1
28428,Come on. We can do it together.,1,,pre,,,0.0,0,{},{},0.0,salman,,1061910,3167,6675,2025-06-30 16:48:10.758,grade1_profile28428_q1_LP_20251122_095026.mp3,https://drive.google.com/file/d/19naHFn_ynlmk_HbLFgO__G5O1bCwNChD/view?usp=drivesdk,0.0,Rawalpindi,Grammar School Rawalpindi,Come on. We can do it  together.,1
28428,It's locked. I can open it.,2,,pre,Its locked i can open it,I can open it,12.0,12,"{""it's"": 2, ""locked"": 2, ""i"": 2, ""can"": 2, ""open"": 2, ""it"": 2}","{""i"": {""actual_score"": 88.0, ""normalized_score"": 1.76, ""normalized_rounded"": 2}, ""can"": {""actual_score"": 91.0, ""normalized_score"": 1.82, ""normalized_rounded"": 2}, ""open"": {""actual_score"": 82.0, ""normalized_score"": 1.64, ""normalized_rounded"": 2}, ""it"": {""actual_score"": 94.0, ""normalized_score"": 1.88, ""normalized_rounded"": 2}}",2.04,semal,,1061927,3167,6674,2025-06-30 16:48:47.126,grade1_profile28428_q2_LP_20251122_100201.mp3,https://drive.google.com/file/d/1j7mFHSl5nx6h95BcSRpU5vMTEH6McR4t/view?usp=drivesdk,2.04,Rawalpindi,Grammar School Rawalpindi,It's locked. I can open it. ,1
28428,Come on. We can do it together.,1,,post,Come on We can do it together,Come on we can do it together,14.0,14,"{""come"": 2, ""on"": 2, ""we"": 2, ""can"": 2, ""do"": 2, ""it"": 2, ""together"": 2}","{""come"": {""actual_score"": 73.0, ""normalized_score"": 1.46, ""normalized_rounded"": 1}, ""on"": {""actual_score"": 82.0, ""normalized_score"": 1.64, ""normalized_rounded"": 2}, ""we"": {""actual_score"": 85.0, ""normalized_score"": 1.7, ""normalized_rounded"": 2}, ""can"": {""actual_score"": 85.0, ""normalized_score"": 1.7, ""normalized_rounded"": 2}, ""do"": {""actual_score"": 85.0, ""normalized_score"": 1.7, ""normalized_rounded"": 2}, ""it"": {""actual_score"": 88.0, ""normalized_score"": 1.76, ""normalized_rounded"": 2}, ""together"": {""actual_score"": 50.0, ""normalized_score"": 1.0, ""normalized_rounded"": 1}}",4.08,ali,,1518079,4248,7979,2025-07-25 08:08:40.336,grade1_profile28428_q1_QK_20251122_095622.mp3,https://drive.google.com/file/d/1WqRKKOOHbBIXcgJ_R3ZOtH-wWabeYGGP/view?usp=drivesdk,4.08,Rawalpindi,Grammar School Rawalpindi,Come on. We can do it  together.,1
28428,It's locked. I can open it.,2,,post,Its locked i can awpen it,It's locked i can open it,11.0,12,"{""it's"": 2, ""locked"": 2, ""i"": 2, ""can"": 2, ""open"": 1, ""it"": 2}","{""it's"": {""actual_score"": 88.0, ""normalized_score"": 1.76, ""normalized_rounded"": 2}, ""locked"": {""actual_score"": 60.0, ""normalized_score"": 1.2, ""normalized_rounded"": 1}, ""i"": {""actual_score"": 85.0, ""normalized_score"": 1.7, ""normalized_rounded"": 2}, ""can"": {""actual_score"": 85.0, ""normalized_score"": 1.7, ""normalized_rounded"": 2}, ""open"": {""actual_score"": 79.0, ""normalized_score"": 1.58, ""normalized_rounded"": 2}, ""it"": {""actual_score"": 88.0, ""normalized_score"": 1.76, ""normalized_rounded"": 2}}",4.39,semal,,1518117,4248,7983,2025-07-25 08:09:15.144,grade1_profile28428_q2_QK_20251122_100724.mp3,https://drive.google.com/file/d/15Sywz3VG7aWEVwWvlTk67QXNXm_20P0k/view?usp=drivesdk,4.39,Rawalpindi,Grammar School Rawalpindi,It's locked. I can open it. ,1
28473,Come on. We can do it together.,1,,pre,come on we can do it together,Come on we can do it together,14.0,14,"{""come"": 2, ""on"": 2, ""we"": 2, ""can"": 2, ""do"": 2, ""it"": 2, ""together"": 2}","{""come"": {""actual_score"": 46.0, ""normalized_score"": 0.92, ""normalized_rounded"": 1}, ""on"": {""actual_score"": 59.0, ""normalized_score"": 1.18, ""normalized_rounded"": 1}, ""we"": {""actual_score"": 91.0, ""normalized_score"": 1.82, ""normalized_rounded"": 2}, ""can"": {""actual_score"": 82.0, ""normalized_score"": 1.64, ""normalized_rounded"": 2}, ""do"": {""actual_score"": 82.0, ""normalized_score"": 1.64, ""normalized_rounded"": 2}, ""it"": {""actual_score"": 88.0, ""normalized_score"": 1.76, ""normalized_rounded"": 2}, ""together"": {""actual_score"": 37.0, ""normalized_score"": 0.74, ""normalized_rounded"": 1}}",4.12,salman,,1021255,3167,6675,2025-06-25 06:39:54.823,grade1_profile28473_q1_LP_20251122_095026.mp3,https://drive.google.com/file/d/1DGoz9IFyoVFo43rmp8S7HiOqZOR751ys/view?usp=drivesdk,4.12,Rawalpindi,Vision Montessori And School,Come on. We can do it  together.,1
28473,This is Zara. She loves to draw. This is Faiz. He loves to build things.,3,,pre,This is Zaarra She love to draw This is Faaiz He love to build things,This is zara she loves to draw this is faiz he loves to build things,26.0,30,"{""this"": 2, ""is"": 2, ""zara"": 1, ""she"": 2, ""loves"": 1, ""to"": 2, ""draw"": 2, ""this.1"": 2, ""is.1"": 2, ""faiz"": 1, ""he"": 2, ""loves.1"": 1, ""to.1"": 2, ""build"": 2, ""things"": 2}","{""this"": {""actual_score"": 88.0, ""normalized_score"": 1.76, ""normalized_rounded"": 2}, ""is"": {""actual_score"": 91.0, ""normalized_score"": 1.82, ""normalized_rounded"": 2}, ""zara"": {""actual_score"": 79.0, ""normalized_score"": 1.58, ""normalized_rounded"": 2}, ""she"": {""actual_score"": 76.0, ""normalized_score"": 1.52, ""normalized_rounded"": 2}, ""loves"": {""actual_score"": 94.0, ""normalized_score"": 1.88, ""normalized_rounded"": 2}, ""to"": {""actual_score"": 70.0, ""normalized_score"": 1.4, ""normalized_rounded"": 1}, ""draw"": {""actual_score"": 88.0, ""normalized_score"": 1.76, ""normalized_rounded"": 2}, ""faiz"": {""actual_score"": 68.0, ""normalized_score"": 1.36, ""normalized_rounded"": 1}, ""he"": {""actual_score"": 88.0, ""normalized_score"": 1.76, ""normalized_rounded"": 2}, ""build"": {""actual_score"": 52.0, ""normalized_score"": 1.04, ""normalized_rounded"": 1}, ""things"": {""actual_score"": 79.0, ""normalized_score"": 1.58, ""normalized_rounded"": 2}}",13.88,anum,,1021403,3167,6677,2025-06-25 06:49:10.123,grade1_profile28473_q3_LP_20251122_101304.mp3,https://drive.google.com/file/d/1m5frDI2566L4PZz0U2abQrxcpPbtOxnx/view?usp=drivesdk,13.88,Rawalpindi,Vision Montessori And School,This is Zara. She loves to draw. This is Faiz. He loves to build things. ,1
28473,Come on. We can do it together.,1,,post,Come on on We can do it together,Come on on we can do it together,14.0,14,"{""come"": 2, ""on"": 2, ""we"": 2, ""can"": 2, ""do"": 2, ""it"": 2, ""together"": 2}","{""come"": {""actual_score"": 88.0, ""normalized_score"": 1.76, ""normalized_rounded"": 2}, ""on"": {""actual_score"": 82.0, ""normalized_score"": 1.64, ""normalized_rounded"": 2}, ""we"": {""actual_score"": 91.0, ""normalized_score"": 1.82, ""normalized_rounded"": 2}, ""can"": {""actual_score"": 82.0, ""normalized_score"": 1.64, ""normalized_rounded"": 2}, ""do"": {""actual_score"": 80.0, ""normalized_score"": 1.6, ""normalized_rounded"": 2}, ""it"": {""actual_score"": 91.0, ""normalized_score"": 1.82, ""normalized_rounded"": 2}, ""together"": {""actual_score"": 49.0, ""normalized_score"": 0.98, ""normalized_rounded"": 1}}",4.73,ali,,1516347,4248,7979,2025-07-25 07:34:10.376,grade1_profile28473_q1_QK_20251122_095622.mp3,https://drive.google.com/file/d/1kr28nb-sTADYr0TRJHas1rNnLDQEstws/view?usp=drivesdk,4.73,Rawalpindi,Vision Montessori And School,Come on. We can do it  together.,1
28473,It's locked. I can open it.,2,,post,It's locked I can aupen it,Locked i can open it,11.0,12,"{""it's"": 2, ""locked"": 2, ""i"": 2, ""can"": 2, ""open"": 1, ""it"": 2}","{""locked"": {""actual_score"": 61.0, ""normalized_score"": 1.22, ""normalized_rounded"": 1}, ""i"": {""actual_score"": 91.0, ""normalized_score"": 1.82, ""normalized_rounded"": 2}, ""can"": {""actual_score"": 91.0, ""normalized_score"": 1.82, ""normalized_rounded"": 2}, ""open"": {""actual_score"": 94.0, ""normalized_score"": 1.88, ""normalized_rounded"": 2}, ""it"": {""actual_score"": 97.0, ""normalized_score"": 1.94, ""normalized_rounded"": 2}}",2.35,anum,,1516379,4248,7983,2025-07-25 07:34:45.937,grade1_profile28473_q2_QK_20251122_100724.mp3,https://drive.google.com/file/d/13RCd8fCBxngAyQfVOyEtxY_tbmJtVmco/view?usp=drivesdk,2.35,Rawalpindi,Vision Montessori And School,It's locked. I can open it. ,1
30586,Come on. We can do it together.,1,,post,,On come on we can do it together we can do it do it together together,0.0,0,{},"{""on"": {""actual_score"": 85.0, ""normalized_score"": 1.7, ""normalized_rounded"": 2}, ""come"": {""actual_score"": 94.0, ""normalized_score"": 1.88, ""normalized_rounded"": 2}, ""we"": {""actual_score"": 97.0, ""normalized_score"": 1.94, ""normalized_rounded"": 2}, ""can"": {""actual_score"": 97.0, ""normalized_score"": 1.94, ""normalized_rounded"": 2}, ""do"": {""actual_score"": 97.0, ""normalized_score"": 1.94, ""normalized_rounded"": 2}, ""it"": {""actual_score"": 97.0, ""normalized_score"": 1.94, ""normalized_rounded"": 2}, ""together"": {""actual_score"": 94.0, ""normalized_score"": 1.88, ""normalized_rounded"": 2}}",2.57,ali,Mother and child both speaking word by word.,1517431,4248,7979,2025-07-25 07:56:48.580,grade1_profile30586_q1_QK_20251122_095622.mp3,https://drive.google.com/file/d/1oklEnb6Bz1HU2UflEANBcj5Hh5ureqZE/view?usp=drivesdk,2.57,Rawalpindi,Grammar School Rawalpindi,Come on. We can do it  together.,1
30586,Come on. We can do it together.,1,,post,Come on Come on We can do it together We can Do it Do it Together Together,On come on we can do it together we can do it do it together together,0.0,0,{},"{""on"": {""actual_score"": 85.0, ""normalized_score"": 1.7, ""normalized_rounded"": 2}, ""come"": {""actual_score"": 94.0, ""normalized_score"": 1.88, ""normalized_rounded"": 2}, ""we"": {""actual_score"": 97.0, ""normalized_score"": 1.94, ""normalized_rounded"": 2}, ""can"": {""actual_score"": 97.0, ""normalized_score"": 1.94, ""normalized_rounded"": 2}, ""do"": {""actual_score"": 97.0, ""normalized_score"": 1.94, ""normalized_rounded"": 2}, ""it"": {""actual_score"": 97.0, ""normalized_score"": 1.94, ""normalized_rounded"": 2}, ""together"": {""actual_score"": 94.0, ""normalized_score"": 1.88, ""normalized_rounded"": 2}}",2.57,anum,Mother was prompting the kid word by word.,1517431,4248,7979,2025-07-25 07:56:48.580,grade1_profile30586_q1_QK_20251122_095622.mp3,https://drive.google.com/file/d/1oklEnb6Bz1HU2UflEANBcj5Hh5ureqZE/view?usp=drivesdk,2.57,Rawalpindi,Grammar School Rawalpindi,Come on. We can do it  together.,1
30586,It's locked. I can open it.,2,,post,Its locked its locked i can open it i can open it,It's locked it's locked i can open it i can open it,0.0,0,{},"{""it's"": {""actual_score"": 88.0, ""normalized_score"": 1.76, ""normalized_rounded"": 2}, ""locked"": {""actual_score"": 94.0, ""normalized_score"": 1.88, ""normalized_rounded"": 2}, ""i"": {""actual_score"": 97.0, ""normalized_score"": 1.94, ""normalized_rounded"": 2}, ""can"": {""actual_score"": 97.0, ""normalized_score"": 1.94, ""normalized_rounded"": 2}, ""open"": {""actual_score"": 97.0, ""normalized_score"": 1.94, ""normalized_rounded"": 2}, ""it"": {""actual_score"": 97.0, ""normalized_score"": 1.94, ""normalized_rounded"": 2}}",2.91,semal,Child repeating after parent ,1517452,4248,7983,2025-07-25 07:57:15.752,grade1_profile30586_q2_QK_20251122_100724.mp3,https://drive.google.com/file/d/1p-EL9SsY61VKmedUukqKrPkPdkEpf9Id/view?usp=drivesdk,2.91,Rawalpindi,Grammar School Rawalpindi,It's locked. I can open it. ,1
28444,Come on. We can do it together.,1,,pre,Come on on we can do it tagether,Come on on we can do do it together,13.0,14,"{""come"": 2, ""on"": 2, ""we"": 2, ""can"": 2, ""do"": 2, ""it"": 2, ""together"": 1}","{""come"": {""actual_score"": 85.0, ""normalized_score"": 1.7, ""normalized_rounded"": 2}, ""on"": {""actual_score"": 85.0, ""normalized_score"": 1.7, ""normalized_rounded"": 2}, ""we"": {""actual_score"": 88.0, ""normalized_score"": 1.76, ""normalized_rounded"": 2}, ""can"": {""actual_score"": 73.0, ""normalized_score"": 1.46, ""normalized_rounded"": 1}, ""do"": {""actual_score"": 55.0, ""normalized_score"": 1.1, ""normalized_rounded"": 1}, ""it"": {""actual_score"": 91.0, ""normalized_score"": 1.82, ""normalized_rounded"": 2}, ""together"": {""actual_score"": 50.0, ""normalized_score"": 1.0, ""normalized_rounded"": 1}}",7.38,salman,,1039641,3167,6675,2025-06-27 12:47:58.153,grade1_profile28444_q1_LP_20251122_095026.mp3,https://drive.google.com/file/d/1f9JqXalR17XmEn6RQkqGDdI9sdsi_oJP/view?usp=drivesdk,7.38,Rawalpindi,Grammar School Rawalpindi,Come on. We can do it  together.,1
28441,Come on. We can do it together.,1,,pre,Come on we can two each together,Come on we can do it together,10.0,14,"{""come"": 2, ""on"": 2, ""we"": 2, ""can"": 2, ""do"": 0, ""it"": 0, ""together"": 2}","{""come"": {""actual_score"": 21.0, ""normalized_score"": 0.42, ""normalized_rounded"": 0}, ""on"": {""actual_score"": 49.0, ""normalized_score"": 0.98, ""normalized_rounded"": 1}, ""we"": {""actual_score"": 55.0, ""normalized_score"": 1.1, ""normalized_rounded"": 1}, ""can"": {""actual_score"": 69.0, ""normalized_score"": 1.38, ""normalized_rounded"": 1}, ""do"": {""actual_score"": 29.0, ""normalized_score"": 0.58, ""normalized_rounded"": 1}, ""it"": {""actual_score"": 85.0, ""normalized_score"": 1.7, ""normalized_rounded"": 2}, ""together"": {""actual_score"": 53.0, ""normalized_score"": 1.06, ""normalized_rounded"": 1}}",9.38,salman,,1025208,3167,6675,2025-06-25 15:20:41.426,grade1_profile28441_q1_LP_20251122_095026.mp3,https://drive.google.com/file/d/1Ha3rTbcwSZyRk-qv5avcaf84IPa27_kx/view?usp=drivesdk,9.38,,,Come on. We can do it  together.,1
28441,Come on. We can do it together.,1,,post,Come on We can do it together,Come on we can do it together,14.0,14,"{""come"": 2, ""on"": 2, ""we"": 2, ""can"": 2, ""do"": 2, ""it"": 2, ""together"": 2}","{""come"": {""actual_score"": 67.0, ""normalized_score"": 1.34, ""normalized_rounded"": 1}, ""on"": {""actual_score"": 79.0, ""normalized_score"": 1.58, ""normalized_rounded"": 2}, ""we"": {""actual_score"": 88.0, ""normalized_score"": 1.76, ""normalized_rounded"": 2}, ""can"": {""actual_score"": 91.0, ""normalized_score"": 1.82, ""normalized_rounded"": 2}, ""do"": {""actual_score"": 88.0, ""normalized_score"": 1.76, ""normalized_rounded"": 2}, ""it"": {""actual_score"": 97.0, ""normalized_score"": 1.94, ""normalized_rounded"": 2}, ""together"": {""actual_score"": 91.0, ""normalized_score"": 1.82, ""normalized_rounded"": 2}}",4.44,anum,,1700231,4248,7979,2025-08-13 18:01:38.116,grade1_profile28441_q1_QK_20251122_095622.mp3,https://drive.google.com/file/d/1kxAO1HzQkIbMAsjxLV18NLnYhsNEjl3L/view?usp=drivesdk,4.44,,,Come on. We can do it  together.,1
28510,Come on. We can do it together.,1,,pre,Come aan We can do it do it toogether,Come on we can do it do it together,12.0,14,"{""come"": 2, ""on"": 1, ""we"": 2, ""can"": 2, ""do"": 2, ""it"": 2, ""together"": 1}","{""come"": {""actual_score"": 24.0, ""normalized_score"": 0.48, ""normalized_rounded"": 0}, ""on"": {""actual_score"": 82.0, ""normalized_score"": 1.64, ""normalized_rounded"": 2}, ""we"": {""actual_score"": 55.0, ""normalized_score"": 1.1, ""normalized_rounded"": 1}, ""can"": {""actual_score"": 73.0, ""normalized_score"": 1.46, ""normalized_rounded"": 1}, ""do"": {""actual_score"": 85.0, ""normalized_score"": 1.7, ""normalized_rounded"": 2}, ""it"": {""actual_score"": 85.0, ""normalized_score"": 1.7, ""normalized_rounded"": 2}, ""together"": {""actual_score"": 78.0, ""normalized_score"": 1.56, ""normalized_rounded"": 2}}",10.06,anum,Seems like someone was assisting the kid in the background.,1032095,3167,6675,2025-06-26 12:40:48.467,grade1_profile28510_q1_LP_20251122_095026.mp3,https://drive.google.com/file/d/1Ual-1DavfpyjWH02l9AIKZgz7mwmbgDB/view?usp=drivesdk,10.06,Haripur,,Come on. We can do it  together.,1
28510,It's locked. I can open it.,2,,pre,It lock haena locked i can open it,It's locked locked i can open it,10.0,12,"{""it's"": 0, ""locked"": 2, ""i"": 2, ""can"": 2, ""open"": 2, ""it"": 2}","{""it's"": {""actual_score"": 27.0, ""normalized_score"": 0.54, ""normalized_rounded"": 1}, ""locked"": {""actual_score"": 65.0, ""normalized_score"": 1.3, ""normalized_rounded"": 1}, ""i"": {""actual_score"": 79.0, ""normalized_score"": 1.58, ""normalized_rounded"": 2}, ""can"": {""actual_score"": 69.0, ""normalized_score"": 1.38, ""normalized_rounded"": 1}, ""open"": {""actual_score"": 79.0, ""normalized_score"": 1.58, ""normalized_rounded"": 2}, ""it"": {""actual_score"": 91.0, ""normalized_score"": 1.82, ""normalized_rounded"": 2}}",9.7,semal,,1032152,3167,6674,2025-06-26 12:53:58.462,grade1_profile28510_q2_LP_20251122_100201.mp3,https://drive.google.com/file/d/12zZ1dnZwtJvUfoG_k5YJWLpso-8nbVsL/view?usp=drivesdk,9.7,Haripur,,It's locked. I can open it. ,1
31184,Come on. We can do it together.,1,,post,Come on we can do it to gather,Come on we can do it together,13.0,14,"{""come"": 2, ""on"": 2, ""we"": 2, ""can"": 2, ""do"": 2, ""it"": 2, ""together"": 1}","{""come"": {""actual_score"": 68.0, ""normalized_score"": 1.36, ""normalized_rounded"": 1}, ""on"": {""actual_score"": 76.0, ""normalized_score"": 1.52, ""normalized_rounded"": 2}, ""we"": {""actual_score"": 76.0, ""normalized_score"": 1.52, ""normalized_rounded"": 2}, ""can"": {""actual_score"": 91.0, ""normalized_score"": 1.82, ""normalized_rounded"": 2}, ""do"": {""actual_score"": 91.0, ""normalized_score"": 1.82, ""normalized_rounded"": 2}, ""it"": {""actual_score"": 88.0, ""normalized_score"": 1.76, ""normalized_rounded"": 2}, ""together"": {""actual_score"": 55.0, ""normalized_score"": 1.1, ""normalized_rounded"": 1}}",2.85,semal,,1519501,4248,7979,2025-07-25 08:34:22.106,grade1_profile31184_q1_QK_20251122_095622.mp3,https://drive.google.com/file/d/1etg_QsXqtYE_sc4PLdp0-UKWEh24Pk1V/view?usp=drivesdk,2.85,,,Come on. We can do it  together.,1
31184,Come on. We can do it together.,1,,pre,Com on Left lets do it toogether,Come on do it together,8.0,14,"{""come"": 1, ""on"": 2, ""we"": 0, ""can"": 0, ""do"": 2, ""it"": 2, ""together"": 1}","{""come"": {""actual_score"": 76.0, ""normalized_score"": 1.52, ""normalized_rounded"": 2}, ""on"": {""actual_score"": 85.0, ""normalized_score"": 1.7, ""normalized_rounded"": 2}, ""do"": {""actual_score"": 91.0, ""normalized_score"": 1.82, ""normalized_rounded"": 2}, ""it"": {""actual_score"": 97.0, ""normalized_score"": 1.94, ""normalized_rounded"": 2}, ""together"": {""actual_score"": 55.0, ""normalized_score"": 1.1, ""normalized_rounded"": 1}}",3.85,anum,,1089786,3167,6675,2025-07-02 12:09:36.830,grade1_profile31184_q1_LP_20251122_095026.mp3,https://drive.google.com/file/d/1hM7A5JaPd0NRgkzXcF5dvadLufvdl_ds/view?usp=drivesdk,3.85,,,Come on. We can do it  together.,1
28347,Come on. We can do it together.,1,,post,Come own we can do it together,Come on we can do it together,13.0,14,"{""come"": 2, ""on"": 1, ""we"": 2, ""can"": 2, ""do"": 2, ""it"": 2, ""together"": 2}","{""come"": {""actual_score"": 94.0, ""normalized_score"": 1.88, ""normalized_rounded"": 2}, ""on"": {""actual_score"": 88.0, ""normalized_score"": 1.76, ""normalized_rounded"": 2}, ""we"": {""actual_score"": 97.0, ""normalized_score"": 1.94, ""normalized_rounded"": 2}, ""can"": {""actual_score"": 94.0, ""normalized_score"": 1.88, ""normalized_rounded"": 2}, ""do"": {""actual_score"": 94.0, ""normalized_score"": 1.88, ""normalized_rounded"": 2}, ""it"": {""actual_score"": 97.0, ""normalized_score"": 1.94, ""normalized_rounded"": 2}, ""together"": {""actual_score"": 90.0, ""normalized_score"": 1.8, ""normalized_rounded"": 2}}",3.94,semal,,1520880,4248,7979,2025-07-25 09:03:20.612,grade1_profile28347_q1_QK_20251122_095622.mp3,https://drive.google.com/file/d/1QezCwG0JYzdMrK6Rb0Kk87-mP4cWosbq/view?usp=drivesdk,3.94,Rawalpindi,Grammar School Rawalpindi,Come on. We can do it  together.,1
28347,This is Zara. She loves to draw. This is Faiz. He loves to build things.,3,,post,This is Zara She loves to draw This is Faiz He loves to build things,This is zara she loves to draw this is faiz he loves to build things,30.0,30,"{""this"": 2, ""is"": 2, ""zara"": 2, ""she"": 2, ""loves"": 2, ""to"": 2, ""draw"": 2, ""this.1"": 2, ""is.1"": 2, ""faiz"": 2, ""he"": 2, ""loves.1"": 2, ""to.1"": 2, ""build"": 2, ""things"": 2}","{""this"": {""actual_score"": 94.0, ""normalized_score"": 1.88, ""normalized_rounded"": 2}, ""is"": {""actual_score"": 94.0, ""normalized_score"": 1.88, ""normalized_rounded"": 2}, ""zara"": {""actual_score"": 91.0, ""normalized_score"": 1.82, ""normalized_rounded"": 2}, ""she"": {""actual_score"": 88.0, ""normalized_score"": 1.76, ""normalized_rounded"": 2}, ""loves"": {""actual_score"": 94.0, ""normalized_score"": 1.88, ""normalized_rounded"": 2}, ""to"": {""actual_score"": 97.0, ""normalized_score"": 1.94, ""normalized_rounded"": 2}, ""draw"": {""actual_score"": 91.0, ""normalized_score"": 1.82, ""normalized_rounded"": 2}, ""faiz"": {""actual_score"": 88.0, ""normalized_score"": 1.76, ""normalized_rounded"": 2}, ""he"": {""actual_score"": 100.0, ""normalized_score"": 2.0, ""normalized_rounded"": 2}, ""build"": {""actual_score"": 97.0, ""normalized_score"": 1.94, ""normalized_rounded"": 2}, ""things"": {""actual_score"": 91.0, ""normalized_score"": 1.82, ""normalized_rounded"": 2}}",6.55,anum,,1520905,4248,7982,2025-07-25 09:04:01.421,grade1_profile28347_q3_QK_20251122_101834.mp3,https://drive.google.com/file/d/1It8movDjcEOtfgUsvqNbHWfWf_qDcDMk/view?usp=drivesdk,6.55,Rawalpindi,Grammar School Rawalpindi,This is Zara. She loves to draw. This is Faiz. He loves to build things. ,1
28395,It's locked. I can open it.,2,,pre,,,0.0,0,{},{},0.0,anum,Mother is assisting the kid word by word.,1024341,3167,6674,2025-06-25 11:36:52.821,grade1_profile28395_q2_LP_20251122_100201.mp3,https://drive.google.com/file/d/1dAh-VsX4Ir10_bmyvwuKFjYqgnZuWo6l/view?usp=drivesdk,0.0,Rawalpindi,Grammar School Rawalpindi,It's locked. I can open it. ,1
