audio_file_name,grader,profile_id,pre_or_post,question_clean,Human Transcription,ai_transcription,human_words_correct,total_reference_words,ai_total_score,ai_words_correct,ai_n_words
grade1_profile28398_q3_QK_20251122_101834.mp3,Rehma,28398,post,This is Zara. She loves to draw. This is Faiz. He loves to build things.,This is Zara. She loves to draw. This is Faiz. He loves to buld things.,This is zara she loves to draw this is faiz he loves to build things,14,15,18.0,8,11
grade1_profile28364_q3_LP_20251122_101304.mp3,Rukhshan,28364,pre,This is Zara. She loves to draw. This is Faiz. He loves to build things.,This is Zara. She laaves to draw. This is Faiz. He loves to baild things. ,This is zara she loves to draw this is faiz he loves to build things,13,15,17.0,7,11
grade1_profile28451_q3_QK_20251122_101834.mp3,Dania,28451,post,This is Zara. She loves to draw. This is Faiz. He loves to build things.,This is Zara. She loves to draw things. This is Faiz. He loves to build things. ,This is zara she loves to draw things this is faiz he loves to build things,15,15,21.0,10,11
grade1_profile30586_q3_QK_20251122_101834.mp3,Amna,30586,post,This is Zara. She loves to draw. This is Faiz. He loves to build things.,This is Zara. She loves to draw. This is Faiz. He loves to build things.,This is zara this is zara she loves to she loves to draw draw this is faiz he loves he loves to build things to build things,15,15,20.0,9,11
grade1_profile28417_q3_QK_20251122_101834.mp3,Amna,28417,post,This is Zara. She loves to draw. This is Faiz. He loves to build things.,This is Zara. She loves to draw. This is Faiz. He loves to build things.,This is zara she loves to draw this is faiz he loves to build things,15,15,18.0,7,11
grade1_profile28498_q3_QK_20251122_101834.mp3,Amna,28498,post,This is Zara. She loves to draw. This is Faiz. He loves to build things.,This is Zara. She loves to draw. This is Faiz. He loves to build things.,This is zara she loves to draw this is faiz he loves to build things,15,15,18.0,8,11
grade1_profile28429_q3_LP_20251122_101304.mp3,Amna,28429,pre,This is Zara. She loves to draw. This is Faiz. He loves to build things.,This is Zara. She loves to draw. This is um Faiz. He loves to bi build things.,This is zara she loves to draw this is faiz he loves to build build things,15,15,19.0,9,11
grade1_profile30633_q3_QK_20251122_101834.mp3,Amna,30633,post,This is Zara. She loves to draw. This is Faiz. He loves to build things.,This is Zara. She loves to drauw. This is um Faiz. He love to build things.,This is zara she loves to draw this is faiz he loves to build things,13,15,17.0,8,11
grade1_profile31184_q3_QK_20251122_101834.mp3,Rukhshan,31184,post,This is Zara. She loves to draw. This is Faiz. He loves to build things.,This is Zara. She loves to draw. This is Faiz. He loves to building things.,This is zara she loves to draw this is faiz he loves to build things,14,15,14.0,5,11
grade1_profile28518_q3_QK_20251122_101834.mp3,Semal,28518,post,This is Zara. She loves to draw. This is Faiz. He loves to build things.,This is Zara. She love to draw. This is Faiz. He love to build things.,This is zara she loves to draw this is faiz he loves to build things,13,15,14.0,6,11
grade1_profile30941_q3_LP_20251122_101304.mp3,Dania,30941,pre,This is Zara. She loves to draw. This is Faiz. He loves to build things.,This is Zara. She loves to draw. This is Faiz. He loves to build th.,This is zara she loves to draw this is faiz he loves to build things,14,15,19.0,9,11
grade1_profile30633_q3_QK_20251122_101834.mp3,Dania,30633,post,This is Zara. She loves to draw. This is Faiz. He loves to build things.,This is Zara. She loves to draw. This is Faiz. He loves to build things.,This is zara she loves to draw this is faiz he loves to build things,15,15,17.0,8,11
grade1_profile28401_q3_QK_20251122_101834.mp3,Semal,28401,post,This is Zara. She loves to draw. This is Faiz. He loves to build things.,This is Zara. She loves to draw. This is Faiz. He loves to build things. ,This is zara she loves to draw this is faiz he loves to build things,15,15,21.0,10,11
grade1_profile28428_q3_LP_20251122_101304.mp3,Dania,28428,pre,This is Zara. She loves to draw. This is Faiz. He loves to build things.,This is Zara. She loves to draw. This is Faiz. He loves to build things.,This is zara she loves to draw this is faiz he loves to build things,15,15,17.0,7,11
grade1_profile28385_q3_QK_20251122_101834.mp3,Semal,28385,post,This is Zara. She loves to draw. This is Faiz. He loves to build things.,Its this is Zara. She loves to draw. The is Faiz. Hell he's love to build things.,Is this is zara she loves to draw this is faiz he loves to build things,12,15,19.0,9,11
grade1_profile28441_q3_LP_20251122_101304.mp3,Semal,28441,pre,This is Zara. She loves to draw. This is Faiz. He loves to build things.,These ease Zara. She she loves to draw. These ease Faiz. He loves to build thumbs things. ,This is zara she she loves to draw this is faiz he loves to build things things,11,15,15.0,5,11
grade1_profile31192_q3_QK_20251122_101834.mp3,Amna,31192,post,This is Zara. She loves to draw. This is Faiz. He loves to build things.,This is Zara. She love to draw. This is Faiz. He love to buildings,This is zara she loves to draw this faiz this is faiz he loves to build things,11,15,20.0,9,11
grade1_profile31284_q3_LP_20251122_101304.mp3,Rukhshan,31284,pre,This is Zara. She loves to draw. This is Faiz. He loves to build things.,This is Zara. She loves to draaa. This is Faiz. He laves to build-uh things.,This is zara she loves to draw this is faiz he loves to build things,12,15,19.0,9,11
grade1_profile31293_q3_LP_20251122_101304.mp3,Rukhshan,31293,pre,This is Zara. She loves to draw. This is Faiz. He loves to build things.,This is Zaraa. She lauves to draw. This is Faiz. He love to bail-baild-uh things,This is zara she loves to draw this is faiz he loves to build things build things,11,15,18.0,8,11
grade1_profile28425_q3_LP_20251122_101304.mp3,Salman,28425,pre,This is Zara. She loves to draw. This is Faiz. He loves to build things.,This is Zara. She loves to draw. This is Faiz. He loves to build things. ,This is zara she loves to draw this is faiz he loves to build things,15,15,15.0,5,11
grade1_profile30695_q3_LP_20251122_101304.mp3,Dania,30695,pre,This is Zara. She loves to draw. This is Faiz. He loves to build things.,This is Zara. She loves draw. This is Faiz. He loves to build things.,This is this is zara she he loves loves draw this is faiz he loves to he loves to build things,14,15,12.0,4,11
grade1_profile28381_q3_QK_20251122_101834.mp3,Dania,28381,post,This is Zara. She loves to draw. This is Faiz. He loves to build things.,This is Zara. She loves to draw. This is Faiz. He loves to build things.,This is zara she loves to draw this is faiz he loves to build things,15,15,21.0,10,11
grade1_profile28518_q3_LP_20251122_101304.mp3,Salman,28518,pre,This is Zara. She loves to draw. This is Faiz. He loves to build things.,This is Zara. She loves draw. This is Faiz. He loves to build things. ,This is zara she loves draw this this is faiz he loves to build things,14,15,10.0,4,11
grade1_profile28425_q3_QK_20251122_101834.mp3,Amna,28425,post,This is Zara. She loves to draw. This is Faiz. He loves to build things.,This is Zara. She guv to draw. This is Faiz. He guv to build things.,This is zara she loves to draw this is faiz he loves to build things,13,15,17.0,6,11
grade1_profile28519_q3_QK_20251122_101834.mp3,Rukhshan,28519,post,This is Zara. She loves to draw. This is Faiz. He loves to build things.,This is Zara. She loves to draw. This is Faiz. Sh-He loves to build things.,This is zara she loves to draw this is faiz she he loves to build things,14,15,19.0,9,11
grade1_profile28465_q3_QK_20251122_101834.mp3,Salman,28465,post,This is Zara. She loves to draw. This is Faiz. He loves to build things.,This is Zara. She loves to draw. This is Faiz. He loves to build things. ,This is zara she loves to draw is he this is faiz he loves to build things,15,15,20.0,9,11
grade1_profile28401_q3_QK_20251122_101834.mp3,Rukhshan,28401,post,This is Zara. She loves to draw. This is Faiz. He loves to build things.,This is Zara. She loves to draw. This is Faiz. He loves to build things.,This is zara she loves to draw this is faiz he loves to build things,15,15,21.0,10,11
grade1_profile30596_q3_QK_20251122_101834.mp3,Rukhshan,30596,post,This is Zara. She loves to draw. This is Faiz. He loves to build things.,This is Zara. She laves to dra. This is Faiz. He loves to build things.,This is is zara she loves to draw this is faiz he loves to build things,13,15,18.0,7,11
grade1_profile30684_q3_LP_20251122_101304.mp3,Rukhshan,30684,pre,This is Zara. She loves to draw. This is Faiz. He loves to build things.,This is Zara. She loves to draw. This is Faiz. He loves to bwuild things.,This is zara she loves to draw this is faiz he loves to build things,14,15,17.0,7,11
grade1_profile30490_q3_LP_20251122_101304.mp3,Rukhshan,30490,pre,This is Zara. She loves to draw. This is Faiz. He loves to build things.,This is Zara. She love to draaw. This is Faiza. Faiz. He love to build-uh things.,This is zara she loves to draw this is faiz he loves to build things,11,15,14.0,4,11
grade1_profile28381_q3_LP_20251122_101304.mp3,Rukhshan,28381,pre,This is Zara. She loves to draw. This is Faiz. He loves to build things.,This is Zara. She loves to draa. This is a Faiz. He loves to build things.,This is zara she loves to draw this is zara faiz he loves to build things,14,15,21.0,10,11
grade1_profile31361_q3_LP_20251122_101304.mp3,Semal,31361,pre,This is Zara. She loves to draw. This is Faiz. He loves to build things.,This is Zara. She love to draw. This is Faiz. He love to build things.,This is zara she loves to draw this is faiz he loves to build things,13,15,16.0,6,11
grade1_profile28446_q3_QK_20251122_101834.mp3,Amna,28446,post,This is Zara. She loves to draw. This is Faiz. He loves to build things.,This is Zara. She loves to draw. This is Faiz. He loves to build thi,This is zara she loves to draw this is faiz he loves to build build things,14,15,20.0,10,11
grade1_profile30581_q3_QK_20251122_101834.mp3,Dania,30581,post,This is Zara. She loves to draw. This is Faiz. He loves to build things.,This is Zara. She loves to draw. This is Faiz. He loves to build things.,This is zara she loves to draw this is faiz he loves to build things,15,15,16.0,6,11
grade1_profile31192_q3_QK_20251122_101834.mp3,Semal,31192,post,This is Zara. She loves to draw. This is Faiz. He loves to build things.,This is Zara. She love to draw. This is Fair. He love to buildings.,This is zara she loves to draw this faiz this is faiz he loves to build things,10,15,20.0,9,11
grade1_profile30665_q3_QK_20251122_101834.mp3,Semal,30665,post,This is Zara. She loves to draw. This is Faiz. He loves to build things.,This is Zara. She loves to draw. This is Faiz. He loves to build things. ,This is zara she loves to draw this is faiz he loves to build things,15,15,20.0,9,11
grade1_profile28463_q3_QK_20251122_101834.mp3,Semal,28463,post,This is Zara. She loves to draw. This is Faiz. He loves to build things.,This is Zara. She love to draw. Is this is Faiz. He love to building build thing build things.,This is zara she loves to draw is this is faiz he loves to build things build things,13,15,16.0,6,11
grade1_profile30496_q3_QK_20251122_101834.mp3,Rukhshan,30496,post,This is Zara. She loves to draw. This is Faiz. He loves to build things.,This is Zara. She loves to draw. This is Faiz. He loves to build things.,This is zara she loves to draw this is faiz he loves to build things,15,15,21.0,10,11
grade1_profile30596_q3_QK_20251122_101834.mp3,Amna,30596,post,This is Zara. She loves to draw. This is Faiz. He loves to build things.,This is Zara. She loves to draw. This is Faiz. He lave to build things.,This is is zara she loves to draw this is faiz he loves to build things,14,15,18.0,7,11
grade1_profile30695_q3_QK_20251122_101834.mp3,Amna,30695,post,This is Zara. She loves to draw. This is Faiz. He loves to build things.,This is Zara. She loves to draw. This is Faiz. He loves to build things.,This is zara she loves to draw this is faiz he loves to build things,15,15,20.0,9,11
grade1_profile30476_q3_LP_20251122_101304.mp3,Amna,30476,pre,This is Zara. She loves to draw. This is Faiz. He loves to build things.,This is Zara. She loves to draw. This is Faaz. He loves to build things.,This is zara she loves to draw this is faiz he loves to build things build things,14,15,18.0,7,11
grade1_profile28403_q3_QK_20251122_101834.mp3,Dania,28403,post,This is Zara. She loves to draw. This is Faiz. He loves to build things.,This is Zara. She loves to draw. This is Faiz. She he loves to build things.,This is zara she loves to draw this is faiz she he loves to build things,15,15,17.0,8,11
grade1_profile28512_q3_QK_20251122_101834.mp3,Semal,28512,post,This is Zara. She loves to draw. This is Faiz. He loves to build things.,This is Zara. She loves to draw. This is Faiz. He loves to buld things.,This is zara she loves to draw this is faiz he loves to build things,14,15,22.0,11,11
grade1_profile31203_q3_LP_20251122_101304.mp3,Semal,31203,pre,This is Zara. She loves to draw. This is Faiz. He loves to build things.,This is Zara. She loves to draw. This is Faiz Fay Faiz. He loves to build things.,This is zara she loves to draw this is faiz faiz he loves to build things,15,15,21.0,10,11
grade1_profile28429_q3_LP_20251122_101304.mp3,Semal,28429,pre,This is Zara. She loves to draw. This is Faiz. He loves to build things.,This is Zara. She loves to draw. This is mmm Faiz. He loves to bib build things.,This is zara she loves to draw this is faiz he loves to build build things,15,15,19.0,9,11
grade1_profile28451_q3_QK_20251122_101834.mp3,Semal,28451,post,This is Zara. She loves to draw. This is Faiz. He loves to build things.,This is Zara. She love to draw things. This is Faiz. He love to build things.,This is zara she loves to draw things this is faiz he loves to build things,13,15,21.0,10,11
grade1_profile28485_q3_QK_20251122_101834.mp3,Amna,28485,post,This is Zara. She loves to draw. This is Faiz. He loves to build things.,This is Zara. She loves to draw. This is Faiz. He loves to build things.,This is zara she loves to draw this is faiz he loves to build things,15,15,20.0,9,11
grade1_profile28441_q3_QK_20251122_101834.mp3,Semal,28441,post,This is Zara. She loves to draw. This is Faiz. He loves to build things.,This is Zara. She loves to draw. This is Faiz. He love to build thing. ,This is zara she loves to draw this is faiz he loves build things,13,15,19.0,8,11
grade1_profile31184_q3_LP_20251122_101304.mp3,Rukhshan,31184,pre,This is Zara. She loves to draw. This is Faiz. He loves to build things.,This is Zara. She loves to draw. This is Fa-aa. He loves to bubbles things.,This is zara she loves to draw this is faiz he loves to build things,13,15,18.0,9,11
grade1_profile30467_q3_QK_20251122_101834.mp3,Semal,30467,post,This is Zara. She loves to draw. This is Faiz. He loves to build things.,This is Zara. She loves to draw. This is Faiz. He loves to build things. ,This is zara she loves to draw this is faiz he loves to build things,15,15,20.0,9,11
grade1_profile28446_q3_QK_20251122_101834.mp3,Semal,28446,post,This is Zara. She loves to draw. This is Faiz. He loves to build things.,This is Zara. She loves to draw. This is Faiz. He loves to build built thin. ,This is zara she loves to draw this is faiz he loves to build build things,14,15,20.0,10,11
grade1_profile30490_q3_LP_20251122_101304.mp3,Semal,30490,pre,This is Zara. She loves to draw. This is Faiz. He loves to build things.,This is Zara. She love to draw. This is Faiza Faiz. He love to build things. ,This is zara she loves to draw this is faiz he loves to build things,13,15,14.0,4,11
grade1_profile28401_q3_LP_20251122_101304.mp3,Semal,28401,pre,This is Zara. She loves to draw. This is Faiz. He loves to build things.,This is Zara. She loves to draw. This is Faiz. He loves to build things. ,This is zara she loves to draw this is faiz he loves to build things,15,15,20.0,9,11
grade1_profile28369_q3_LP_20251122_101304.mp3,Amna,28369,pre,This is Zara. She loves to draw. This is Faiz. He loves to build things.,This is Zara. She loves to draw. This is Faiz. He loves to build things.,This is zara she loves to draw this is faiz he loves to build things,15,15,12.0,4,11
grade1_profile30626_q3_LP_20251122_101304.mp3,Dania,30626,pre,This is Zara. She loves to draw. This is Faiz. He loves to build things.,This is Zara. She loves to draw. This is Faiz. He loves to build things.,This is zara she loves to draw this is faiz he loves to build things,15,15,21.0,10,11
grade1_profile28390_q3_LP_20251122_101304.mp3,Semal,28390,pre,This is Zara. She loves to draw. This is Faiz. He loves to build things.,This is Zara. She loves to draw. This is Faiz. He love to buld buld things. ,This is zara she loves to draw this is faiz he loves to build things,13,15,17.0,8,11
grade1_profile28444_q3_QK_20251122_101834.mp3,Amna,28444,post,This is Zara. She loves to draw. This is Faiz. He loves to build things.,This is Zara. She loves to draw. This is Faiz. He loves to build thi,Zara she loves to draw this is faiz he loves to build things,14,15,18.0,7,11
grade1_profile31204_q3_QK_20251122_101834.mp3,Amna,31204,post,This is Zara. She loves to draw. This is Faiz. He loves to build things.,This is Zara. She loves to build draw. This is Faiz. He loves to build things.,This is zara she loves to build things draw this is faiz he loves to build things,15,15,14.0,6,11
grade1_profile31284_q3_LP_20251122_101304.mp3,Amna,31284,pre,This is Zara. She loves to draw. This is Faiz. He loves to build things.,This is Zara. She loves to draw. This is Faiz. He loves to build things.,This is zara she loves to draw this is faiz he loves to build things,15,15,19.0,9,11
grade1_profile28510_q3_LP_20251122_101304.mp3,Semal,28510,pre,This is Zara. She loves to draw. This is Faiz. He loves to build things.,This is Zara. She love to draw. This is Faiz. He loved to build things.,This is zara she loves to draw this is faiz he loves build things,13,15,13.0,4,11
grade1_profile28470_q3_QK_20251122_101834.mp3,Semal,28470,post,This is Zara. She loves to draw. This is Faiz. He loves to build things.,This is Zara. Loves she love to drawing. This is Faiz. He love two buldings build things. ,This is zara loves she loves to draw this is faiz he loves to build things to build things,11,15,14.0,6,11
grade1_profile28498_q3_LP_20251122_101304.mp3,Dania,28498,pre,This is Zara. She loves to draw. This is Faiz. He loves to build things.,This is a Zara. She loves to draw. This is a Faiz. He loves to build things.,This is faiz this is zara this is zara she loves to draw this is faiz he loves to build things,15,15,16.0,6,11
grade1_profile30822_q3_LP_20251122_101304.mp3,Amna,30822,pre,This is Zara. She loves to draw. This is Faiz. He loves to build things.,This is Zara. She loves to draw. This is Faiz. He loves to build things.,This is zara she loves to draw this is faiz he loves to build things,15,15,20.0,10,11
grade1_profile28403_q3_QK_20251122_101834.mp3,Rukhshan,28403,post,This is Zara. She loves to draw. This is Faiz. He loves to build things.,This is Zara. She loves to draw. This is Faiz. He loves to build things.,This is zara she loves to draw this is faiz she he loves to build things,15,15,17.0,8,11
grade1_profile30589_q3_QK_20251122_101834.mp3,Amna,30589,post,This is Zara. She loves to draw. This is Faiz. He loves to build things.,This is Zara. She loves to draw. This is Faiz. He loves to build things.,This is zara she loves to draw this is faiz he loves to build things,15,15,20.0,9,11
grade1_profile28421_q3_LP_20251122_101304.mp3,Rukhshan,28421,pre,This is Zara. She loves to draw. This is Faiz. He loves to build things.,This is Zaraaaa. She loves to draaa. This is Faiiiz. He loves to build things.,This is zara she loves to draw this is faiz he loves to build things,12,15,15.0,5,11
grade1_profile31204_q3_LP_20251122_101304.mp3,Rukhshan,31204,pre,This is Zara. She loves to draw. This is Faiz. He loves to build things.,This is Zara. She loves to draw. This is Faiz. He loves to bwild things.,This is zara she loves to draw this is faiz he loves to build things,14,15,17.0,6,11
grade1_profile28401_q3_LP_20251122_101304.mp3,Dania,28401,pre,This is Zara. She loves to draw. This is Faiz. He loves to build things.,This is Zara. She loves to draw. This is Faiiiz. He loves to build things. ,This is zara she loves to draw this is faiz he loves to build things,14,15,20.0,9,11
grade1_profile31205_q3_LP_20251122_101304.mp3,Dania,31205,pre,This is Zara. She loves to draw. This is Faiz. He loves to build things.,This is Zara. She loves to draw. This is Faiz. He loves to building things.  ,This is zara she loves to draw this is faiz he loves to build things,14,15,21.0,10,11
grade1_profile28471_q3_QK_20251122_101834.mp3,Rukhshan,28471,post,This is Zara. She loves to draw. This is Faiz. He loves to build things.,This is Zara. She love to draw. This is Fayez. He loves to build things.,This is zara she loves to draw this is faiz he loves to build things,13,15,21.0,10,11
grade1_profile28423_q3_LP_20251122_101304.mp3,Rukhshan,28423,pre,This is Zara. She loves to draw. This is Faiz. He loves to build things.,This is Zara. She loves to draw. This is Faiz. He loves to build things.,This is zara she loves to draw this is faiz he loves to build things,15,15,20.0,9,11
grade1_profile28466_q3_QK_20251122_101834.mp3,Dania,28466,post,This is Zara. She loves to draw. This is Faiz. He loves to build things.,This is Zara. She loves to draw. This is Faiz. He loves to build things.,This is zara she loves to draw this is faiz he loves to build things,15,15,19.0,9,11
grade1_profile28352_q3_LP_20251122_101304.mp3,Dania,28352,pre,This is Zara. She loves to draw. This is Faiz. He loves to build things.,This is Zara. She loves to draw. This is Faiz. He loves to build things.,This is zara she loves to draw this is faiz this is faiz he loves to build things,15,15,20.0,9,11
grade1_profile28345_q3_LP_20251122_101304.mp3,Amna,28345,pre,This is Zara. She loves to draw. This is Faiz. He loves to build things.,This is Zara. She loves to draw. This is Faiz. He loves to build things.,This is zara she loves to draw this is faiz he loves to build things,15,15,21.0,10,11
grade1_profile28475_q3_QK_20251122_101834.mp3,Amna,28475,post,This is Zara. She loves to draw. This is Faiz. He loves to build things.,This is Zara. She love to draw. This is Faiz. He love to build things.,This is zara she loves to draw this is faiz he loves to build things,13,15,17.0,7,11
grade1_profile28468_q3_LP_20251122_101304.mp3,Dania,28468,pre,This is Zara. She loves to draw. This is Faiz. He loves to build things.,This is Zara. She love for draw. This is Faaaiz. He love to build think.,This is zara she loves to draw this is faiz he loves to build things,10,15,18.0,7,11
grade1_profile28444_q3_QK_20251122_101834.mp3,Dania,28444,post,This is Zara. She loves to draw. This is Faiz. He loves to build things.,This is Zara. She loves to draw. This is Faiz. He loves to build things.,Zara she loves to draw this is faiz he loves to build things,15,15,18.0,7,11
grade1_profile28470_q3_LP_20251122_101304.mp3,Rukhshan,28470,pre,This is Zara. She loves to draw. This is Faiz. He loves to build things.,This is Zaraa. She love to draw. Ths is Faiz. He love to some-build thing,This is zara she loves to draw this is faiz he loves to build build things,9,15,17.0,7,11
grade1_profile28493_q3_QK_20251122_101834.mp3,Rukhshan,28493,post,This is Zara. She loves to draw. This is Faiz. He loves to build things.,This is Zara. She laave to draw. Ths is Faiz. He laave to build things.,This is zara she loves to draw this is faiz he loves to build things,12,15,20.0,9,11
grade1_profile28364_q3_LP_20251122_101304.mp3,Dania,28364,pre,This is Zara. She loves to draw. This is Faiz. He loves to build things.,This is Zara. She loves to draw. This is Saif. He loves to build things.  ,This is zara she loves to draw this is faiz he loves to build things,14,15,17.0,7,11
grade1_profile28428_q3_QK_20251122_101834.mp3,Dania,28428,post,This is Zara. She loves to draw. This is Faiz. He loves to build things.,This is Zara. She loves to draw. This is Faiz. He loves to bald things.  ,This is zara she loves to draw this is faiz he loves to build things,14,15,20.0,10,11
grade1_profile30472_q3_QK_20251122_101834.mp3,Rukhshan,30472,post,This is Zara. She loves to draw. This is Faiz. He loves to build things.,This is Zara. She loves to draw. This is Faiz. He loves to build things.,This is zara she loves to draw this is faiz he loves to build things,15,15,22.0,11,11
grade1_profile28457_q3_QK_20251122_101834.mp3,Dania,28457,post,This is Zara. She loves to draw. This is Faiz. He loves to build things.,parent recording ,This is zara she loves to draw this is faiz he loves to build things,0,15,21.0,10,11
grade1_profile28432_q3_QK_20251122_101834.mp3,Rukhshan,28432,post,This is Zara. She loves to draw. This is Faiz. He loves to build things.,This is Zara. She loves to draw. This is Faiz. He loves to build things.,This is zara she loves to draw this is faiz he loves to build things,15,15,21.0,10,11
grade1_profile30581_q3_QK_20251122_101834.mp3,Salman,30581,post,This is Zara. She loves to draw. This is Faiz. He loves to build things.,This is Zara. She loves to draw. This is Faiz. He loves to build things. ,This is zara she loves to draw this is faiz he loves to build things,15,15,16.0,6,11
grade1_profile31206_q3_LP_20251122_101304.mp3,Rukhshan,31206,pre,This is Zara. She loves to draw. This is Faiz. He loves to build things.,This is Zara. She lave-uh to draa. This is Faiz. He lave-uh to build-uh things.,This is zara she loves to draw this is faiz he loves to build things,11,15,16.0,5,11
grade1_profile28514_q3_QK_20251122_101834.mp3,Rukhshan,28514,post,This is Zara. She loves to draw. This is Faiz. He loves to build things.,This is Zaraaa. She lauves to draw. This is Faiz. He loves to build things.,This is zara she loves to draw this is faiz he loves to build things,13,15,20.0,9,11
grade1_profile28347_q3_QK_20251122_101834.mp3,Rukhshan,28347,post,This is Zara. She loves to draw. This is Faiz. He loves to build things.,This is Zara. She loves to draw. This is Faiz. He loves to build things.,This is zara she loves to draw this is faiz he loves to build things,15,15,22.0,11,11
grade1_profile28512_q3_QK_20251122_101834.mp3,Rukhshan,28512,post,This is Zara. She loves to draw. This is Faiz. He loves to build things.,This is Zara. She loves to draw. This is Faiz. He loves to bwild things.,This is zara she loves to draw this is faiz he loves to build things,14,15,22.0,11,11
grade1_profile28344_q3_LP_20251122_101304.mp3,Salman,28344,pre,This is Zara. She loves to draw. This is Faiz. He loves to build things.,This is Zara. She loves to draw. This is Faiz. He loves to build things. ,This is this is zara she loves to draw this is faiz he loves to build things,15,15,16.0,7,11
grade1_profile28388_q3_QK_20251122_101834.mp3,Salman,28388,post,This is Zara. She loves to draw. This is Faiz. He loves to build things.,This is Zara. She loves to draw. This is Faiz. He loves to build things. ,This is zara she loves to draw this is faiz he loves to build things,15,15,22.0,11,11
grade1_profile30569_q3_LP_20251122_101304.mp3,Salman,30569,pre,This is Zara. She loves to draw. This is Faiz. He loves to build things.,This is Zara. She loves to draw. This is Faiz. He loves to build things. ,This is zara he she loves to draw this is faiz he loves to build things,15,15,18.0,8,11
grade1_profile30822_q3_QK_20251122_101834.mp3,Salman,30822,post,This is Zara. She loves to draw. This is Faiz. He loves to build things.,This is Zara. She loves to draw. This is Faiz. He loves to build things. ,This is zara she loves to draw this is faiz he loves to build things,15,15,21.0,10,11
grade1_profile28432_q3_QK_20251122_101834.mp3,Salman,28432,post,This is Zara. She loves to draw. This is Faiz. He loves to build things.,This is Zara. She loves to draw. This is Faiz. He loves to build things. ,This is zara she loves to draw this is faiz he loves to build things,15,15,21.0,10,11
grade1_profile31206_q3_LP_20251122_101304.mp3,Salman,31206,pre,This is Zara. She loves to draw. This is Faiz. He loves to build things.,This is Zara. She loves to draw. This is Faiz. He loves to build things. ,This is zara she loves to draw this is faiz he loves to build things,15,15,16.0,5,11
grade1_profile30589_q3_QK_20251122_101834.mp3,Salman,30589,post,This is Zara. She loves to draw. This is Faiz. He loves to build things.,This is Zara. She loves to draw. This is Faiz. He loves to build things. ,This is zara she loves to draw this is faiz he loves to build things,15,15,20.0,9,11
grade1_profile28510_q3_LP_20251122_101304.mp3,Dania,28510,pre,This is Zara. She loves to draw. This is Faiz. He loves to build things.,This is Zara. She love to draw. This is Faiz. He loves to build things.,This is zara she loves to draw this is faiz he loves build things,14,15,13.0,4,11
grade1_profile30633_q3_LP_20251122_101304.mp3,Salman,30633,pre,This is Zara. She loves to draw. This is Faiz. He loves to build things.,This is Zara. She loves to draw. This is building build things. ,This this is zara she loves to draw this is faiz he loves to draw build things build things,11,15,19.0,9,11
grade1_profile28451_q3_LP_20251122_101304.mp3,Amna,28451,pre,This is Zara. She loves to draw. This is Faiz. He loves to build things.,This is Zara. She loves to draw. This is Faiz. He love to build things.,This is zara she loves to draw this is faiz he loves to build things,14,15,20.0,9,11
grade1_profile30665_q3_LP_20251122_101304.mp3,Salman,30665,pre,This is Zara. She loves to draw. This is Faiz. He loves to build things.,This is Zara. She loves to draw. This is Faiz. He loves to build thing.,This is zara she loves he loves to draw this is faiz this is faiz he loves to build things,14,15,17.0,7,11
grade1_profile28376_q3_LP_20251122_101304.mp3,Salman,28376,pre,This is Zara. She loves to draw. This is Faiz. He loves to build things.,This is Zara. She loves to draw. She this is a Faiz.  She he loves a draw to build things. ,This is zara she loves to draw she she this is this is this is faiz she he loves draw she loves to draw she loves to she loves to draw build build things,15,15,18.0,7,11
grade1_profile28450_q3_QK_20251122_101834.mp3,Salman,28450,post,This is Zara. She loves to draw. This is Faiz. He loves to build things.,This is Zara. She loves to draw. This is Faiz. He loves to build things. ,This is zara she loves to draw this is faiz he loves to build things,15,15,22.0,11,11
grade1_profile30496_q3_LP_20251122_101304.mp3,Rukhshan,30496,pre,This is Zara. She loves to draw. This is Faiz. He loves to build things.,This is Zara-a. She loves to draw. This is Faaz. He love to build thing.,This is zara she he loves to draw this is faiz he loves to build build things,11,15,18.0,9,11
grade1_profile30626_q3_QK_20251122_101834.mp3,Salman,30626,post,This is Zara. She loves to draw. This is Faiz. He loves to build things.,This is Zara. She loves to draw. This is Faiz. He love to build things. ,This is zara she loves to draw this is faiz he loves to build things,14,15,17.0,7,11
grade1_profile28475_q3_QK_20251122_101834.mp3,Salman,28475,post,This is Zara. She loves to draw. This is Faiz. He loves to build things.,This is Zara. She love to draw. This is Faiz. He love to build things. ,This is zara she loves to draw this is faiz he loves to build things,13,15,17.0,7,11
grade1_profile28381_q3_QK_20251122_101834.mp3,Rukhshan,28381,post,This is Zara. She loves to draw. This is Faiz. He loves to build things.,This is Zara. She loves to draw. This is Faiz. He loves to build things.,This is zara she loves to draw this is faiz he loves to build things,15,15,21.0,10,11
grade1_profile30665_q3_QK_20251122_101834.mp3,Rukhshan,30665,post,This is Zara. She loves to draw. This is Faiz. He loves to build things.,Ths is Zaraa. She loves to draa. This is Faiz. He loves to build things.,This is zara she loves to draw this is faiz he loves to build things,12,15,20.0,9,11
grade1_profile28473_q3_LP_20251122_101304.mp3,Amna,28473,pre,This is Zara. She loves to draw. This is Faiz. He loves to build things.,This is Zara. She loves to draw. This is Faiz. He loves to build things.,This is zara she loves to draw this is faiz he loves to build things,15,15,19.0,8,11
grade1_profile28469_q3_QK_20251122_101834.mp3,Amna,28469,post,This is Zara. She loves to draw. This is Faiz. He loves to build things.,This is Zara. She love to draw. This is Faiz. He loves to build things.,This is zara she loves to draw this is faiz he loves to build things,14,15,20.0,10,11
grade1_profile30581_q3_LP_20251122_101304.mp3,Amna,30581,pre,This is Zara. She loves to draw. This is Faiz. He loves to build things.,This is Zara. She loves to draw. This is Faiz. He loves to build things.,This is zara she loves to draw this is faiz he loves to build things,15,15,21.0,10,11
grade1_profile31203_q3_QK_20251122_101834.mp3,Salman,31203,post,This is Zara. She loves to draw. This is Faiz. He loves to build things.,This is Zara. She loves to draw. This is Faiz. He loves to building build things. ,This is zara she loves to draw this is faiz he loves to build things build things,15,15,19.0,9,11
grade1_profile30575_q3_LP_20251122_101304.mp3,Salman,30575,pre,This is Zara. She loves to draw. This is Faiz. He loves to build things.,This is Zara. She loves to draw. This is Faiz. He love to build things. ,This is this is zara she loves to draw draw this is faiz he loves to build things,14,15,21.0,10,11
grade1_profile30490_q3_QK_20251122_101834.mp3,Semal,30490,post,This is Zara. She loves to draw. This is Faiz. He loves to build things.,This is Zara she loves to draa this is faiz he loves to builds thing,This is zara she loves to draw this is faiz he loves to build things,12,15,20.0,9,11
grade1_profile28423_q3_QK_20251122_101834.mp3,Semal,28423,post,This is Zara. She loves to draw. This is Faiz. He loves to build things.,This is Zara she loves to draw this is Faiz he loves to build things ,This is zara she loves to draw this is faiz he loves to build things,15,15,21.0,10,11
grade1_profile30626_q3_LP_20251122_101304.mp3,Semal,30626,pre,This is Zara. She loves to draw. This is Faiz. He loves to build things.,This is Zara she loves to drow this is Faiz he loves to build things,This is zara she loves to draw this is faiz he loves to build things,14,15,21.0,10,11
grade1_profile28466_q3_QK_20251122_101834.mp3,Rehma,28466,post,This is Zara. She loves to draw. This is Faiz. He loves to build things.,This is Zara. She loves to draw. This is Faiz. He lpves to build thi,This is zara she loves to draw this is faiz he loves to build things,13,15,19.0,9,11
grade1_profile31204_q3_LP_20251122_101304.mp3,Semal,31204,pre,This is Zara. She loves to draw. This is Faiz. He loves to build things.,This ease Zara she loves to draw this is Faiz he loves to build build dings,This is zara she loves to draw this is faiz he loves to build things,13,15,17.0,6,11
grade1_profile30684_q3_LP_20251122_101304.mp3,Rehma,30684,pre,This is Zara. She loves to draw. This is Faiz. He loves to build things.,This is Zara. She loves to draw. This is Faiz. He loves to buld things.,This is zara she loves to draw this is faiz he loves to build things,14,15,17.0,7,11
grade1_profile30840_q3_LP_20251122_101304.mp3,Rehma,30840,pre,This is Zara. She loves to draw. This is Faiz. He loves to build things.,This is Zara. She loves to draw. This is Faiz. He loves to build things.,This is zara she loves to draw this is faiz he loves to build things,15,15,19.0,8,11
grade1_profile28443_q3_LP_20251122_101304.mp3,Rehma,28443,pre,This is Zara. She loves to draw. This is Faiz. He loves to build things.,This is Zara. She laave loves to draw. This is Faiz. He loves to baald things,This is zara she loves loves to draw this is faiz he loves to build things,14,15,19.0,8,11
grade1_profile28471_q3_QK_20251122_101834.mp3,Semal,28471,post,This is Zara. She loves to draw. This is Faiz. He loves to build things.,This is Zara. She loves to draw. This is Faiz. He love to build things.,This is zara she loves to draw this is faiz he loves to build things,14,15,21.0,10,11
grade1_profile28498_q3_LP_20251122_101304.mp3,Semal,28498,pre,This is Zara. She loves to draw. This is Faiz. He loves to build things.,This is Fai this is a Zara. This is a Zara. She loves to draw. This is a Faiz. He loves to build things.,This is faiz this is zara this is zara she loves to draw this is faiz he loves to build things,15,15,16.0,6,11
grade1_profile28375_q3_QK_20251122_101834.mp3,Semal,28375,post,This is Zara. She loves to draw. This is Faiz. He loves to build things.,This is Zara she live to draa this is Faiz he love to build things,This is zara she loves to draw this is faiz he loves to build things,12,15,18.0,8,11
grade1_profile28516_q3_QK_20251122_101834.mp3,Semal,28516,post,This is Zara. She loves to draw. This is Faiz. He loves to build things.,This is Zara she love to draw this is faiz he love to bewld thing,Is zara she loves to draw this is faiz he loves to build things,11,15,20.0,9,11
grade1_profile30481_q3_QK_20251122_101834.mp3,Rehma,30481,post,This is Zara. She loves to draw. This is Faiz. He loves to build things.,This is Zaraaa. She loves to drrraw. This is Feezz. He loves to build thin,This is zara she loves to draw this is faiz he loves to build things,11,15,17.0,6,11
grade1_profile28349_q3_QK_20251122_101834.mp3,Semal,28349,post,This is Zara. She loves to draw. This is Faiz. He loves to build things.,This is Zara she love to draw this is Faiz he love to build things ,This is zara she loves to draw this is faiz he loves to build things,13,15,21.0,10,11
grade1_profile28456_q3_QK_20251122_101834.mp3,Rehma,28456,post,This is Zara. She loves to draw. This is Faiz. He loves to build things.,This is Zara. She loves to draw. This is Faiz. He loves to build things.,This is zara she loves to draw this is faiz he loves to build things,15,15,21.0,10,11
grade1_profile28428_q3_QK_20251122_101834.mp3,Rehma,28428,post,This is Zara. She loves to draw. This is Faiz. He loves to build things.,This is Zara. She looooooves to draaw. This is Saif. He looooves to buil things,This is zara she loves to draw this is faiz he loves to build things,10,15,20.0,10,11
grade1_profile28518_q3_QK_20251122_101834.mp3,Rehma,28518,post,This is Zara. She loves to draw. This is Faiz. He loves to build things.,This is Zara. She love to draw. This is Faaiz. He love to buil things,This is zara she loves to draw this is faiz he loves to build things,11,15,14.0,6,11
grade1_profile28432_q3_LP_20251122_101304.mp3,Rehma,28432,pre,This is Zara. She loves to draw. This is Faiz. He loves to build things.,This is Zara. She loves to draw. This is Faiza Faiz. He loves to build things,This is zara she loves to draw this is faiz zara faiz he loves to build things,15,15,21.0,10,11
grade1_profile28471_q3_LP_20251122_101304.mp3,Rehma,28471,pre,This is Zara. She loves to draw. This is Faiz. He loves to build things.,This is Zara. She loves to draw. This is Faiz. He love to built think,This is zara she loves to draw this is faiz he loves to build things,12,15,20.0,10,11
grade1_profile28469_q3_LP_20251122_101304.mp3,Ali,28469,pre,This is Zara. She loves to draw. This is Faiz. He loves to build things.,This is Zara. He loves to draw. This is Faiz. He love to build thing.,This is zara she loves to draw this is faiz he loves to build things,12,15,17.0,6,11
grade1_profile30684_q3_QK_20251122_101834.mp3,Rehma,30684,post,This is Zara. She loves to draw. This is Faiz. He loves to build things.,This is Zara. She loves to draw. This is Faiz. He love to buld things,This is zara she loves to draw this is faiz he loves to build things,13,15,18.0,8,11
grade1_profile28359_q3_LP_20251122_101304.mp3,Semal,28359,pre,This is Zara. She loves to draw. This is Faiz. He loves to build things.,This is Sara she loves to draa this is Faiz he loves to build things,This is zara she loves to draw this is faiz he loves to build things,13,15,15.0,6,11
grade1_profile28421_q3_LP_20251122_101304.mp3,Semal,28421,pre,This is Zara. She loves to draw. This is Faiz. He loves to build things.,This is Zara she loves to draa this is Faiz he love to build thing,This is zara she loves to draw this is faiz he loves to build things,12,15,15.0,5,11
grade1_profile28398_q3_QK_20251122_101834.mp3,Semal,28398,post,This is Zara. She loves to draw. This is Faiz. He loves to build things.,This is Zara she loves to draw this is Faiz he loves to buld things,This is zara she loves to draw this is faiz he loves to build things,14,15,18.0,8,11
grade1_profile28355_q3_QK_20251122_101834.mp3,Semal,28355,post,This is Zara. She loves to draw. This is Faiz. He loves to build things.,These is Zara she loved to draa this is Faiz he loves to building things,This is zara she loves to draw this is faiz he loves to build things things,11,15,17.0,8,11
grade1_profile28345_q3_QK_20251122_101834.mp3,Semal,28345,post,This is Zara. She loves to draw. This is Faiz. He loves to build things.,This is Zara she loves to draw this is Faiz he loves to paint things,This is zara she loves to draw this is faiz he loves to build things,14,15,21.0,10,11
grade1_profile31204_q3_QK_20251122_101834.mp3,Rehma,31204,post,This is Zara. She loves to draw. This is Faiz. He loves to build things.,This is Zara. She lafs to bilts drrraaw. This is Faiz. He loves to build things,This is zara she loves to build things draw this is faiz he loves to build things,13,15,14.0,6,11
grade1_profile28509_q3_LP_20251122_101304.mp3,Rehma,28509,pre,This is Zara. She loves to draw. This is Faiz. He loves to build things.,This is Zara. She loves to draw. This is Faiz. He loves to baaal biiil things.,This is zara she loves she loves to draw this is faiz he loves to build things,14,15,9.0,2,11
grade1_profile31184_q3_LP_20251122_101304.mp3,Abdullah,31184,pre,This is Zara. She loves to draw. This is Faiz. He loves to build things.,"This is Zara. She loves to draw this, is faaz he loves to bubble things",This is zara she loves to draw this is faiz he loves to build things,13,15,18.0,9,11
grade1_profile28456_q3_QK_20251122_101834.mp3,Abdullah,28456,post,This is Zara. She loves to draw. This is Faiz. He loves to build things.,This is zara. She loves to draw. This is Faiz. He loves to build things.,This is zara she loves to draw this is faiz he loves to build things,15,15,21.0,10,11
grade1_profile28428_q3_LP_20251122_101304.mp3,Rehma,28428,pre,This is Zara. She loves to draw. This is Faiz. He loves to build things.,This is Zara. She loves to draw. This is face. He loves to build things.,This is zara she loves to draw this is faiz he loves to build things,14,15,17.0,7,11
grade1_profile28451_q3_LP_20251122_101304.mp3,Rehma,28451,pre,This is Zara. She loves to draw. This is Faiz. He loves to build things.,This is Zara. She loves to draw. This is Faiz. He lovess to build things,This is zara she loves to draw this is faiz he loves to build things,14,15,20.0,9,11
grade1_profile28432_q3_LP_20251122_101304.mp3,Ali,28432,pre,This is Zara. She loves to draw. This is Faiz. He loves to build things.,This is Zara. She loves to draw. This is Faiza Faiz. He loves to build things. ,This is zara she loves to draw this is faiz zara faiz he loves to build things,15,15,21.0,10,11
grade1_profile30472_q3_QK_20251122_101834.mp3,Ali,30472,post,This is Zara. She loves to draw. This is Faiz. He loves to build things.,This is Zara. She loves to draw. This is Faiz. He loves to build things. ,This is zara she loves to draw this is faiz he loves to build things,15,15,22.0,11,11
grade1_profile28438_q3_QK_20251122_101834.mp3,Semal,28438,post,This is Zara. She loves to draw. This is Faiz. He loves to build things.,This is Zara she loves to draw this is Faiz he loves to build things,This is zara she loves to draw this is faiz he loves to build things,15,15,20.0,9,11
grade1_profile28516_q3_QK_20251122_101834.mp3,Rehma,28516,post,This is Zara. She loves to draw. This is Faiz. He loves to build things.,This is Zara. She loves to drraw. This is Faiz. He loves to biuld thing,Is zara she loves to draw this is faiz he loves to build things,12,15,20.0,9,11
grade1_profile28474_q3_QK_20251122_101834.mp3,Rehma,28474,post,This is Zara. She loves to draw. This is Faiz. He loves to build things.,This is Zara. She loves to draw. This is Faiz. He loves to buld things.,This is zara she loves to draw this is faiz he loves to build things,14,15,21.0,10,11
grade1_profile28350_q3_QK_20251122_101834.mp3,Rehma,28350,post,This is Zara. She loves to draw. This is Faiz. He loves to build things.,This is Zara. She laaves to draw. This is Faiz. He laave to buils thing,This is zara she loves to draw this is faiz he loves to build things,11,15,21.0,10,11
grade1_profile30496_q3_LP_20251122_101304.mp3,Rehma,30496,pre,This is Zara. She loves to draw. This is Faiz. He loves to build things.,This is Sara a. She she loves to drraw. This is Faas. He love to build buil thin,This is zara she he loves to draw this is faiz he loves to build build things,10,15,18.0,9,11
grade1_profile30496_q3_QK_20251122_101834.mp3,Rehma,30496,post,This is Zara. She loves to draw. This is Faiz. He loves to build things.,This is Zara. She loves to draw. This is Faiz. He loves to build things.,This is zara she loves to draw this is faiz he loves to build things,15,15,21.0,10,11
grade1_profile30695_q3_LP_20251122_101304.mp3,Rehma,30695,pre,This is Zara. She loves to draw. This is Faiz. He loves to build things.,This is Zara. She love drraw. This is Faiz. He loves to build thing,This is this is zara she he loves loves draw this is faiz he loves to he loves to build things,11,15,12.0,4,11
grade1_profile28463_q3_QK_20251122_101834.mp3,Rehma,28463,post,This is Zara. She loves to draw. This is Faiz. He loves to build things.,This is Zara. She laf to drraw. Is this is Faiz. He laf to building build thing build thing,This is zara she loves to draw is this is faiz he loves to build things build things,11,15,16.0,6,11
grade1_profile28429_q3_QK_20251122_101834.mp3,Rehma,28429,post,This is Zara. She loves to draw. This is Faiz. He loves to build things.,This is Zara. She loves to draw. This is Faiz. He loves to build things.,This is zara she loves to draw this is faiz he loves to build things,15,15,20.0,9,11
grade1_profile30589_q3_LP_20251122_101304.mp3,Rehma,30589,pre,This is Zara. She loves to draw. This is Faiz. He loves to build things.,This is Za Sa Zara. She loves to draw. This is Faiz. He loves to build things,This is is this is zara she loves to draw this is faiz he loves to build things,15,15,14.0,4,11
grade1_profile28514_q3_LP_20251122_101304.mp3,Rehma,28514,pre,This is Zara. She loves to draw. This is Faiz. He loves to build things.,This is Zaraaa. She loves to drrrraw. This is Fa Faezzz. He loves to bald things.,This is zara she loves to draw this this is faiz he loves to build things,11,15,20.0,10,11
grade1_profile28344_q3_QK_20251122_101834.mp3,Rehma,28344,post,This is Zara. She loves to draw. This is Faiz. He loves to build things.,Zara. She loves to draw. This is Faiz. He loves to build thin,Zara she loves to draw this is faiz he loves to build things,12,15,17.0,7,11
grade1_profile28382_q3_QK_20251122_101834.mp3,Semal,28382,post,This is Zara. She loves to draw. This is Faiz. He loves to build things.,This is Zara. She love to draw. This is Faiz. He loves two buildings.,This is zara she loves to draw this is faiz he loves to build things,11,15,20.0,9,11
grade1_profile28347_q3_QK_20251122_101834.mp3,Semal,28347,post,This is Zara. She loves to draw. This is Faiz. He loves to build things.,This is Zara. She loves to draw. This is Faiz. He loves to build things.,This is zara she loves to draw this is faiz he loves to build things,15,15,22.0,11,11
grade1_profile30581_q3_LP_20251122_101304.mp3,Semal,30581,pre,This is Zara. She loves to draw. This is Faiz. He loves to build things.,These is Zara. She loves to draw. These is Faiz. He loves to build things.,This is zara she loves to draw this is faiz he loves to build things,13,15,21.0,10,11
grade1_profile28364_q3_QK_20251122_101834.mp3,Dania,28364,post,This is Zara. She loves to draw. This is Faiz. He loves to build things.,This is Zara. She loves to draw. This is Faiz. He loves to build things.,This is zara she loves to draw this is faiz he loves to build things,15,15,20.0,9,11
grade1_profile30626_q3_QK_20251122_101834.mp3,Rehma,30626,post,This is Zara. She loves to draw. This is Faiz. He loves to build things.,"This is Zara. She loves to draaw. This is Faiiz, He loves to building things",This is zara she loves to draw this is faiz he loves to build things,12,15,17.0,7,11
grade1_profile28516_q3_LP_20251122_101304.mp3,Ali,28516,pre,This is Zara. She loves to draw. This is Faiz. He loves to build things.,This is Zara. She loves to draw. This is Faiz. He love to build thing.,This is zara she loves to draw this is faiz he loves to build things,13,15,16.0,6,11
grade1_profile28446_q3_LP_20251122_101304.mp3,Dania,28446,pre,This is Zara. She loves to draw. This is Faiz. He loves to build things.,This is Zara. She loves to draw. This is Faiz. He loffs to build things.,This is zara she loves to draw this is faiz he loves he loves loves to build things,14,15,19.0,9,11
grade1_profile28469_q3_QK_20251122_101834.mp3,Dania,28469,post,This is Zara. She loves to draw. This is Faiz. He loves to build things.,This is Zara. She loves to draw. This is Faiz. He loves to build things.,This is zara she loves to draw this is faiz he loves to build things,15,15,20.0,10,11
grade1_profile28345_q3_LP_20251122_101304.mp3,Ali,28345,pre,This is Zara. She loves to draw. This is Faiz. He loves to build things.,This is Zara. She loves to draw. This is Faiz. He loves to build things. ,This is zara she loves to draw this is faiz he loves to build things,15,15,21.0,10,11
grade1_profile28470_q3_LP_20251122_101304.mp3,Ali,28470,pre,This is Zara. She loves to draw. This is Faiz. He loves to build things.,This is Zara. She love to draw. This is Faiz. He loves to some build thing. ,This is zara she loves to draw this is faiz he loves to build build things,13,15,17.0,7,11
grade1_profile31361_q3_QK_20251122_101834.mp3,Ali,31361,post,This is Zara. She loves to draw. This is Faiz. He loves to build things.,This is Zara. She loves to draw. This is Faiz. He loves to build things. ,This is zara she loves to draw this is faiz he loves to build things,15,15,16.0,7,11
grade1_profile28344_q3_LP_20251122_101304.mp3,Rehma,28344,pre,This is Zara. She loves to draw. This is Faiz. He loves to build things.,This is Zaraa. She loves to draw. This is Faizz. He loves to build things,This is this is zara she loves to draw this is faiz he loves to build things,13,15,16.0,7,11
grade1_profile28425_q3_LP_20251122_101304.mp3,Dania,28425,pre,This is Zara. She loves to draw. This is Faiz. He loves to build things.,This is Zara. She loves to draw. This is Faiz. He loves to build things.,This is zara she loves to draw this is faiz he loves to build things,15,15,15.0,5,11
grade1_profile28376_q3_LP_20251122_101304.mp3,Dania,28376,pre,This is Zara. She loves to draw. This is Faiz. He loves to build things.,This is Zara. She loves a draw. This is a Faiz. She he loves draw. She loves a draw. She loves to draw build things.,This is zara she loves to draw she she this is this is this is faiz she he loves draw she loves to draw she loves to she loves to draw build build things,14,15,18.0,7,11
grade1_profile30665_q3_LP_20251122_101304.mp3,Rehma,30665,pre,This is Zara. She loves to draw. This is Faiz. He loves to build things.,This is Zara. She lats to raw. This is Faiza. He likes buil thin,This is zara she loves he loves to draw this is faiz this is faiz he loves to build things,8,15,17.0,7,11
grade1_profile28465_q3_QK_20251122_101834.mp3,Ali,28465,post,This is Zara. She loves to draw. This is Faiz. He loves to build things.,This is Zara. She loves to draw. It is Faiz. This is Faiz. He love to build things. ,This is zara she loves to draw is he this is faiz he loves to build things,14,15,20.0,9,11
grade1_profile31203_q3_QK_20251122_101834.mp3,Dania,31203,post,This is Zara. She loves to draw. This is Faiz. He loves to build things.,This is Zara. She loves to draw. This is Faiz. Sh sh he loves to building build things.,This is zara she loves to draw this is faiz he loves to build things build things,15,15,19.0,9,11
grade1_profile28388_q3_QK_20251122_101834.mp3,Dania,28388,post,This is Zara. She loves to draw. This is Faiz. He loves to build things.,This is Zara. She love to draw. This is Faiz. He love to build things.,This is zara she loves to draw this is faiz he loves to build things,13,15,22.0,11,11
grade1_profile31361_q3_QK_20251122_101834.mp3,Rehma,31361,post,This is Zara. She loves to draw. This is Faiz. He loves to build things.,This is Zara. She loves to draw. This is Faiz. He loves to build things.,This is zara she loves to draw this is faiz he loves to build things,15,15,16.0,7,11
grade1_profile31293_q3_QK_20251122_101834.mp3,Ali,31293,post,This is Zara. She loves to draw. This is Faiz. He loves to build things.,This is Zara. She love to draw. This is Faiz. He love to builds things. ,This is zara she loves to draw this is faiz he loves to build things,12,15,18.0,8,11
grade1_profile30506_q3_LP_20251122_101304.mp3,Semal,30506,pre,This is Zara. She loves to draw. This is Faiz. He loves to build things.,This is Zara. He love to draw. Is is this is Faiz. Is he love to mil build things.,This is zara she loves to draw is is this is faiz is he loves to build things,12,15,17.0,6,11
grade1_profile28457_q3_QK_20251122_101834.mp3,Amna,28457,post,This is Zara. She loves to draw. This is Faiz. He loves to build things.,This is Zara. She loves to draw. This is Faiz. He loves to build things.,This is zara she loves to draw this is faiz he loves to build things,15,15,21.0,10,11
grade1_profile28364_q3_QK_20251122_101834.mp3,Ali,28364,post,This is Zara. She loves to draw. This is Faiz. He loves to build things.,This is Zara. She loves to draw. This is Faiz. He loves to build things. ,This is zara she loves to draw this is faiz he loves to build things,15,15,20.0,9,11
grade1_profile28493_q3_QK_20251122_101834.mp3,Ali,28493,post,This is Zara. She loves to draw. This is Faiz. He loves to build things.,This is Zara. She love to draw. This is Faiz. He love to build things. ,This is zara she loves to draw this is faiz he loves to build things,13,15,20.0,9,11
grade1_profile28471_q3_LP_20251122_101304.mp3,Ali,28471,pre,This is Zara. She loves to draw. This is Faiz. He loves to build things.,This is Zara. She loves to draw. This is Faiz. He loves to build thing. ,This is zara she loves to draw this is faiz he loves to build things,14,15,20.0,10,11
grade1_profile28468_q3_QK_20251122_101834.mp3,Ali,28468,post,This is Zara. She loves to draw. This is Faiz. He loves to build things.,is Zara. She loves to draw. This is Faiz. He loves to build things. ,Is zara she loves to draw this is faiz he loves to build things,14,15,21.0,10,11
grade1_profile31184_q3_QK_20251122_101834.mp3,Amna,31184,post,This is Zara. She loves to draw. This is Faiz. He loves to build things.,This is Zara. She love to draw. This is Faiz. He loves to building thing.,This is zara she loves to draw this is faiz he loves to build things,12,15,14.0,5,11
grade1_profile28446_q3_LP_20251122_101304.mp3,Ali,28446,pre,This is Zara. She loves to draw. This is Faiz. He loves to build things.,This is Zara. She loves to draw. This is Faiz. He loves to build things. ,This is zara she loves to draw this is faiz he loves he loves loves to build things,15,15,19.0,9,11
grade1_profile28465_q3_LP_20251122_101304.mp3,Rukhshan,28465,pre,This is Zara. She loves to draw. This is Faiz. He loves to build things.,This is Zara. She loves to draw. This is Fayez. He loves to built things.,This is zara he loves loves to draw this is faiz this is faiz he loves to build build things things,13,15,19.0,9,10
grade1_profile28382_q3_LP_20251122_101304.mp3,Amna,28382,pre,This is Zara. She loves to draw. This is Faiz. He loves to build things.,This is Zara. She love to draw. This is Faiz. He loves to build thing.,This is zara she this is faiz he loves to build things,13,15,16.0,7,10
grade1_profile31207_q3_QK_20251122_101834.mp3,Dania,31207,post,This is Zara. She loves to draw. This is Faiz. He loves to build things.,This is is Zara. She loves to draw. This is Faiz. He loves to build thi.,This is is zara she loves to draw this is faiz he loves to build,14,15,13.0,4,10
grade1_profile28475_q3_LP_20251122_101304.mp3,Semal,28475,pre,This is Zara. She loves to draw. This is Faiz. He loves to build things.,He's is Zara. She love to dawr draw. This is Faiz. He love to built things.,This is zara she loves to draw is loves he loves to build things,11,15,16.0,7,10
grade1_profile28389_q3_LP_20251122_101304.mp3,Amna,28389,pre,This is Zara. She loves to draw. This is Faiz. He loves to build things.,"This is Zara. She lave to draw. This is Faiz. He love to ""bou-ild"" things.",This is zara she loves to she loves to draw this is faiz he loves to faiz things,12,15,15.0,6,10
grade1_profile28448_q3_LP_20251122_101304.mp3,Amna,28448,pre,This is Zara. She loves to draw. This is Faiz. He loves to build things.,This is Zara. She loves to draws draw. This is Faiz. He love to build things.,This is zara he loves to draw draw this is faiz he loves to build things,14,15,18.0,9,10
grade1_profile30544_q3_LP_20251122_101304.mp3,Semal,30544,pre,This is Zara. She loves to draw. This is Faiz. He loves to build things.,This is Zara. She love to to draw. This is Faiz. He love to build things.,This is zara she loves to draw this is faiz build things,13,15,9.0,2,10
grade1_profile28510_q3_QK_20251122_101834.mp3,Rukhshan,28510,post,This is Zara. She loves to draw. This is Faiz. He loves to build things.,This is Zara. She loves to draw. This is Faiz. He loves to build things.,This is zara she loves to draw this is faiz he loves to build,15,15,17.0,8,10
grade1_profile30476_q3_QK_20251122_101834.mp3,Amna,30476,post,This is Zara. She loves to draw. This is Faiz. He loves to build things.,This is Zara. She loves to draw. This is Faiz. He loves to builds things.,This is zara she loves to draw this is faiz he loves things,14,15,17.0,7,10
grade1_profile28362_q3_QK_20251122_101834.mp3,Dania,28362,post,This is Zara. She loves to draw. This is Faiz. He loves to build things.,This is Zara. She loves to draw. This a Faiz. He loves to buld build things. ,This is zara she loves to draw this is he loves to build things,14,15,15.0,7,10
grade1_profile31206_q3_QK_20251122_101834.mp3,Semal,31206,post,This is Zara. She loves to draw. This is Faiz. He loves to build things.,This is Zara. She loves to draw. This is Faiz. She loves to build things.,This is zara she loves to draw this is faiz she loves to build things,14,15,16.0,8,10
grade1_profile28448_q3_QK_20251122_101834.mp3,Semal,28448,post,This is Zara. She loves to draw. This is Faiz. He loves to build things.,This is Zara. She love to draw. This is Faiz. He love to build things.,This is zara he loves to draw this is faiz he loves to build things,13,15,19.0,9,10
grade1_profile30823_q3_LP_20251122_101304.mp3,Rukhshan,30823,pre,This is Zara. She loves to draw. This is Faiz. He loves to build things.,This is Zara. She loves to draaw. This is Faiz. He loves to build things.,This is zara he loves to draw this is faiz he loves to build things,14,15,14.0,5,10
grade1_profile28352_q3_QK_20251122_101834.mp3,Semal,28352,post,This is Zara. She loves to draw. This is Faiz. He loves to build things.,This is Zara. She loves to draw. This is Faiz. He loves to build this.,This is zara she loves to draw this is faiz he loves to build this,14,15,16.0,7,10
grade1_profile28431_q3_QK_20251122_101834.mp3,Abdullah,28431,post,This is Zara. She loves to draw. This is Faiz. He loves to build things.,d zara she love to draaaw. this fayy. he lave to bill things,Zara she loves to draw this is he loves to build things,7,15,16.0,7,10
grade1_profile28444_q3_LP_20251122_101304.mp3,Rehma,28444,pre,This is Zara. She loves to draw. This is Faiz. He loves to build things.,This is Zara. She loves to draw. This is Face. He loves to blid things.,This is zara she loves to draw this is faiz he loves to things,13,15,18.0,8,10
grade1_profile28389_q3_LP_20251122_101304.mp3,Abdullah,28389,pre,This is Zara. She loves to draw. This is Faiz. He loves to build things.,This is zara. She love to draa. This is faiz. he loves to bile... bull...things,This is zara she loves to she loves to draw this is faiz he loves to faiz things,11,15,15.0,6,10
grade1_profile30485_q3_LP_20251122_101304.mp3,Rukhshan,30485,pre,This is Zara. She loves to draw. This is Faiz. He loves to build things.,This is Sara. She loves to dlaw. This is Faiza. He loves to buled things.,This is zara she loves to loves this is faiz zara he loves to build things,11,15,18.0,9,10
grade1_profile30544_q3_QK_20251122_101834.mp3,Dania,30544,post,This is Zara. She loves to draw. This is Faiz. He loves to build things.,This is Zara. She love to draw. This is Faiz. He love to build things.,This is zara she loves to draw he loves to build things,13,15,13.0,4,10
grade1_profile28402_q3_LP_20251122_101304.mp3,Semal,28402,pre,This is Zara. She loves to draw. This is Faiz. He loves to build things.,This is Zara. She love to drawin. This is Faizan. He love to building things.,This is zara she loves to draw he loves to build things,10,15,14.0,5,10
grade1_profile28392_q3_QK_20251122_101834.mp3,Amna,28392,post,This is Zara. She loves to draw. This is Faiz. He loves to build things.,This is Zara. She loves to draw. This is Faiz. He loves to build ,This is zara she loves to draw this is faiz he loves to build,14,15,20.0,10,10
grade1_profile30823_q3_LP_20251122_101304.mp3,Rehma,30823,pre,This is Zara. She loves to draw. This is Faiz. He loves to build things.,This is Zara. She love to drrraw. This is Faiz. He love to build things.,This is zara he loves to draw this is faiz he loves to build things,12,15,14.0,5,10
grade1_profile28444_q3_LP_20251122_101304.mp3,Amna,28444,pre,This is Zara. She loves to draw. This is Faiz. He loves to build things.,This is Zara. She loves to draw. This is Faiz. He loves to bilaid things.,This is zara she loves to draw this is faiz he loves to things,14,15,18.0,8,10
grade1_profile30544_q3_LP_20251122_101304.mp3,Rehma,30544,pre,This is Zara. She loves to draw. This is Faiz. He loves to build things.,This is Zaaaaraaa. She laaav to to draw. This is Faiz. He laav to build thinks,This is zara she loves to draw this is faiz build things,11,15,9.0,2,10
grade1_profile30485_q3_LP_20251122_101304.mp3,Amna,30485,pre,This is Zara. She loves to draw. This is Faiz. He loves to build things.,This is Sara. She lave to la. This is Faiza. He love to bolid things.,This is zara she loves to loves this is faiz zara he loves to build things,9,15,18.0,9,10
grade1_profile28363_q3_QK_20251122_101834.mp3,Dania,28363,post,This is Zara. She loves to draw. This is Faiz. He loves to build things.,This is Zara. She love to draw. This is Faiz. He love to build things.,This is zara she loves to draw this is he loves to build things,13,15,18.0,8,10
grade1_profile28352_q3_QK_20251122_101834.mp3,Ali,28352,post,This is Zara. She loves to draw. This is Faiz. He loves to build things.,This is Zara. She loves to draw. This is Faiz. He loves to build this. ,This is zara she loves to draw this is faiz he loves to build this,14,15,16.0,7,10
grade1_profile28466_q3_LP_20251122_101304.mp3,Rehma,28466,pre,This is Zara. She loves to draw. This is Faiz. He loves to build things.,This is Zara. She loves to draw. This is Faaaiz. He loves to bilid things,This is zara she loves to draw this is faiz he loves to things,13,15,18.0,8,10
grade1_profile30482_q3_QK_20251122_101834.mp3,Dania,30482,post,This is Zara. She loves to draw. This is Faiz. He loves to build things.,This is Zara. She loves to draw. This is Faiz. He loves to build things.,This is zara she loves to draw this is faiz he loves to build,15,15,18.0,8,10
grade1_profile28466_q3_LP_20251122_101304.mp3,Semal,28466,pre,This is Zara. She loves to draw. This is Faiz. He loves to build things.,These is Zara. She loves to draw. This is Faiz. He loves to lid things.,This is zara she loves to draw this is faiz he loves to things,13,15,18.0,8,10
grade1_profile28457_q3_LP_20251122_101304.mp3,Dania,28457,pre,This is Zara. She loves to draw. This is Faiz. He loves to build things.,This is Zara. She looves to draw. This is Haiz Faiz. He loves to build things.,This is zara she loves to draw this is he loves to build things,14,15,15.0,5,10
grade1_profile28403_q3_LP_20251122_101304.mp3,Ali,28403,pre,This is Zara. She loves to draw. This is Faiz. He loves to build things.,This is Zara. She loves to draw. This is Faiz. He loves to build things. ,This is zara she loves to draw this is faiz loves build build things,15,15,11.0,3,10
grade1_profile28450_q3_LP_20251122_101304.mp3,Amna,28450,pre,This is Zara. She loves to draw. This is Faiz. He loves to build things.,This is Zara. She love to draw. This is Faiez. She love to build things.,This is she she loves to draw this is faiz he loves to build things,11,15,17.0,7,10
grade1_profile28448_q3_LP_20251122_101304.mp3,Ali,28448,pre,This is Zara. She loves to draw. This is Faiz. He loves to build things.,This is Zara. He loves to draw draw. This is Faiz. He loves to build things. ,This is zara he loves to draw draw this is faiz he loves to build things,14,15,18.0,9,10
grade1_profile28465_q3_LP_20251122_101304.mp3,Amna,28465,pre,This is Zara. She loves to draw. This is Faiz. He loves to build things.,This is Zara. She loves to draw. This is Faiez. He loves to build things.,This is zara he loves loves to draw this is faiz this is faiz he loves to build build things things,14,15,19.0,9,10
grade1_profile30476_q3_QK_20251122_101834.mp3,Ali,30476,post,This is Zara. She loves to draw. This is Faiz. He loves to build things.,This is Zara. She loves to draw. This is Faiz. He loves to builds things.,This is zara she loves to draw this is faiz he loves things,14,15,17.0,7,10
grade1_profile28448_q3_QK_20251122_101834.mp3,Ali,28448,post,This is Zara. She loves to draw. This is Faiz. He loves to build things.,This is Zara. He love to draw. This is Faiz. He love to build things. ,This is zara he loves to draw this is faiz he loves to build things,12,15,19.0,9,10
grade1_profile28399_q3_QK_20251122_101834.mp3,Rehma,28399,post,This is Zara. She loves to draw. This is Faiz. He loves to build things.,Zara. She loves to draw. This is Faiz. He loves to build a build things,Zara she loves to draw this is faiz he loves to build build,13,15,19.0,9,10
grade1_profile28382_q3_LP_20251122_101304.mp3,Rehma,28382,pre,This is Zara. She loves to draw. This is Faiz. He loves to build things.,This is Zara. She love to draw. This is Faaiz. He love to buil thing,This is zara she this is faiz he loves to build things,10,15,16.0,7,10
grade1_profile28355_q3_LP_20251122_101304.mp3,Rukhshan,28355,pre,This is Zara. She loves to draw. This is Faiz. He loves to build things.,This is Zara. She lauve to darw. This is Faiz. He loves boold things.,This is zara she loves to draw this is this he loves build things,11,15,17.0,8,10
grade1_profile28417_q3_LP_20251122_101304.mp3,Semal,28417,pre,This is Zara. She loves to draw. This is Faiz. He loves to build things.,This is Zara. She love to draw. This is Faiz. He love to built things things.,This is zara he loves loves to draw this is faiz he loves loves build things things,12,15,13.0,5,10
grade1_profile30467_q3_LP_20251122_101304.mp3,Amna,30467,pre,This is Zara. She loves to draw. This is Faiz. He loves to build things.,This is Zara. She loves to draw. This is Faiz. He loves to build things.,This is zara she loves to draw this is is he loves to build things,15,15,16.0,6,10
grade1_profile31284_q3_QK_20251122_101834.mp3,Rukhshan,31284,post,This is Zara. She loves to draw. This is Faiz. He loves to build things.,This is Zara. She loves to draw. This is Faiz. He loves to buyend things.,This is zara she loves to draw this is faiz he loves to things,14,15,19.0,9,10
grade1_profile30544_q3_QK_20251122_101834.mp3,Semal,30544,post,This is Zara. She loves to draw. This is Faiz. He loves to build things.,This is Zara. She love to draw. This is Faiz. He love to build thing. ,This is zara she loves to draw he loves to build things,12,15,13.0,4,10
grade1_profile28349_q3_LP_20251122_101304.mp3,Rehma,28349,pre,This is Zara. She loves to draw. This is Faiz. He loves to build things.,This is Sara. She loves to drraw. This is Faaz. He loves to build thin,This is zara she loves to draw this is he loves to build things,11,15,18.0,8,10
grade1_profile31206_q3_QK_20251122_101834.mp3,Salman,31206,post,This is Zara. She loves to draw. This is Faiz. He loves to build things.,This is Zara. She loves to draw. This is Faiz. He loves to bulid things. ,This is zara she loves to draw this is faiz she loves to build things,14,15,16.0,8,10
grade1_profile28450_q3_LP_20251122_101304.mp3,Rukhshan,28450,pre,This is Zara. She loves to draw. This is Faiz. He loves to build things.,This is Zara. She loves to draw. This is Faaiz. He loves to build things.,This is she she loves to draw this is faiz he loves to build things,14,15,17.0,7,10
grade1_profile28475_q3_LP_20251122_101304.mp3,Salman,28475,pre,This is Zara. She loves to draw. This is Faiz. He loves to build things.,This his is Zara. She loves to . This is Faiz. He loves to build things. ,This is zara she loves to draw is loves he loves to build things,14,15,16.0,7,10
grade1_profile28509_q3_QK_20251122_101834.mp3,Rehma,28509,post,This is Zara. She loves to draw. This is Faiz. He loves to build things.,Thi is Zarrrraaa. She love to raw. Thi is Faizz. She love to builin things,Build is zara she loves to draw he loves to build things,6,15,13.0,5,9
grade1_profile28485_q3_LP_20251122_101304.mp3,Rehma,28485,pre,This is Zara. She loves to draw. This is Faiz. He loves to build things.,This is Zara. She lafs to draw. This is Raza. He lafs to buld things,This is zara she loves to draw draw this is zara she loves to build things,11,15,16.0,8,9
grade1_profile28421_q3_QK_20251122_101834.mp3,Dania,28421,post,This is Zara. She loves to draw. This is Faiz. He loves to build things.,This is Zara. She loves to draw. This is Faiz. He loves to build things.,This is zara she loves to draw this is build things,15,15,14.0,5,9
grade1_profile28421_q3_QK_20251122_101834.mp3,Rehma,28421,post,This is Zara. She loves to draw. This is Faiz. He loves to build things.,This is Zaraaaa. She loves to draaaw. This is Faiz. He he loves to build thi,This is zara she loves to draw this is build things,12,15,14.0,5,9
grade1_profile28350_q3_LP_20251122_101304.mp3,Rukhshan,28350,pre,This is Zara. She loves to draw. This is Faiz. He loves to build things.,This is Zara. She loves to drow. This is Faiz. He loves to bil things.,This is zara she loves to draw this is is he loves to he things,13,15,16.0,7,9
grade1_profile30596_q3_LP_20251122_101304.mp3,Dania,30596,pre,This is Zara. She loves to draw. This is Faiz. He loves to build things.,This is Zara. She lls to draw. This is Faiz. He loves to duild build dings things.,This is is zara she loves to draw build things,14,15,15.0,7,9
grade1_profile30630_q3_QK_20251122_101834.mp3,Rehma,30630,post,This is Zara. She loves to draw. This is Faiz. He loves to build things.,This is Zara. She loves to drrraw. This is Faiz. He loves to build things.,To draw this is faiz he loves to build things,14,15,9.0,3,9
grade1_profile28390_q3_QK_20251122_101834.mp3,Abdullah,28390,post,This is Zara. She loves to draw. This is Faiz. He loves to build things.,she loves to daw. This is faiz. He loves to build things,She loves to draw this is faiz he loves to he things,11,15,17.0,8,9
grade1_profile28402_q3_QK_20251122_101834.mp3,Rukhshan,28402,post,This is Zara. She loves to draw. This is Faiz. He loves to build things.,This is Zara. She love to draw. This is Faiza. He loves to build things.,This is zara she loves to draw this is faiz he loves to,13,15,14.0,5,9
grade1_profile28363_q3_LP_20251122_101304.mp3,Semal,28363,pre,This is Zara. She loves to draw. This is Faiz. He loves to build things.,These is Sara. She loves to draw. These is Faiz. She loves to draw. Be he.,This is zara she loves to draw this is this she he loves things,9,15,14.0,5,9
grade1_profile28402_q3_QK_20251122_101834.mp3,Salman,28402,post,This is Zara. She loves to draw. This is Faiz. He loves to build things.,This is Zara. She loves to draw. This is Faizan. He love to building things. ,This is zara she loves to draw this is faiz he loves to,12,15,14.0,5,9
grade1_profile30472_q3_LP_20251122_101304.mp3,Amna,30472,pre,This is Zara. She loves to draw. This is Faiz. He loves to build things.,This is Zara. She love to drawing. This is Faaz. He love to big thing,This is zara she loves to draw this is faiz he loves to,9,15,17.0,8,9
grade1_profile30630_q3_QK_20251122_101834.mp3,Semal,30630,post,This is Zara. She loves to draw. This is Faiz. He loves to build things.,This is Zara. She loves to draw. This is Faiz. He love to build things.,To draw this is faiz he loves to build things,14,15,9.0,3,9
grade1_profile30485_q3_QK_20251122_101834.mp3,Amna,30485,post,This is Zara. She loves to draw. This is Faiz. He loves to build things.,This is Zara. He love to draw. This is Faiz. He love bul thing.,This is zara he loves to draw this is faiz he loves things,9,15,14.0,5,9
grade1_profile30596_q3_LP_20251122_101304.mp3,Ali,30596,pre,This is Zara. She loves to draw. This is Faiz. He loves to build things.,This is Zara. She loves to draw. This is Faiz. He loves to build things. ,This is is zara she loves to draw build things,15,15,15.0,7,9
grade1_profile28509_q3_QK_20251122_101834.mp3,Salman,28509,post,This is Zara. She loves to draw. This is Faiz. He loves to build things.,This is Zara. She loves to draw. This is Faiz. He loves to building things. ,Build is zara she loves to draw he loves to build things,14,15,13.0,5,9
grade1_profile30840_q3_QK_20251122_101834.mp3,Salman,30840,post,This is Zara. She loves to draw. This is Faiz. He loves to build things.,This is Zara. She love to draw. This is Faiz. He love to build things. ,This is zara she loves to draw this is this she loves to build things,13,15,12.0,5,9
grade1_profile28363_q3_LP_20251122_101304.mp3,Amna,28363,pre,This is Zara. She loves to draw. This is Faiz. He loves to build things.,This is Zara. She loves to draw. This is Faiz. She He loves to draw build thing.,This is zara she loves to draw this is this she he loves things,14,15,14.0,5,9
grade1_profile28390_q3_QK_20251122_101834.mp3,Amna,28390,post,This is Zara. She loves to draw. This is Faiz. He loves to build things.,She loves to draw. This is faiz. He loves to build things,She loves to draw this is faiz he loves to he things,12,15,17.0,8,9
grade1_profile28485_q3_LP_20251122_101304.mp3,Semal,28485,pre,This is Zara. She loves to draw. This is Faiz. He loves to build things.,This is Zara. She loves to drawi- draw. This is Raza. She loves to buld things.,This is zara she loves to draw draw this is zara she loves to build things,12,15,16.0,8,9
grade1_profile30840_q3_QK_20251122_101834.mp3,Semal,30840,post,This is Zara. She loves to draw. This is Faiz. He loves to build things.,This is Zara. She love to draw. This is Faiz. She love to build things build things.,This is zara she loves to draw this is this she loves to build things,12,15,12.0,5,9
grade1_profile28395_q3_QK_20251122_101834.mp3,Dania,28395,post,This is Zara. She loves to draw. This is Faiz. He loves to build things.,This is Zara. She loves to draw. This is Faiz. He loves to bild things.,This is zara she loves to draw this she he loves this,14,15,14.0,6,8
grade1_profile28395_q3_QK_20251122_101834.mp3,Semal,28395,post,This is Zara. She loves to draw. This is Faiz. He loves to build things.,These is Zara see loves to draa this is wais ee loves to build it,This is zara she loves to draw this she he loves this,9,15,14.0,6,8
grade1_profile28473_q3_QK_20251122_101834.mp3,Amna,28473,post,This is Zara. She loves to draw. This is Faiz. He loves to build things.,This is Zara. She lov to draw. This is Faiz. He love to build thing,Is zara she loves draw this is faiz he loves,12,15,13.0,5,8
grade1_profile30586_q3_LP_20251122_101304.mp3,Semal,30586,pre,This is Zara. She loves to draw. This is Faiz. He loves to build things.,This is Zara this is zara she love to draw she love to draw this is Faiz this is faiz he love to build things he love to bliz things,This is this is zara she loves to build things,13,15,16.0,8,8
grade1_profile28347_q3_LP_20251122_101304.mp3,Dania,28347,pre,This is Zara. She loves to draw. This is Faiz. He loves to build things.,This is Zara. She love build things.,This is zara she loves to build things,6,15,13.0,5,8
grade1_profile28375_q3_LP_20251122_101304.mp3,Semal,28375,pre,This is Zara. She loves to draw. This is Faiz. He loves to build things.,This is Zara he love to draa this is faiz he loves to build thin,This is zara he loves to draw this is this is faiz he loves,11,15,13.0,5,8
grade1_profile30482_q3_LP_20251122_101304.mp3,Semal,30482,pre,This is Zara. She loves to draw. This is Faiz. He loves to build things.,These is Faiz. He love to built thing.,This is faiz he loves to build things,4,15,9.0,3,8
grade1_profile28473_q3_QK_20251122_101834.mp3,Semal,28473,post,This is Zara. She loves to draw. This is Faiz. He loves to build things.,is Zara she love draw this is faiz he love to build thing,Is zara she loves draw this is faiz he loves,10,15,13.0,5,8
grade1_profile28463_q3_LP_20251122_101304.mp3,Rehma,28463,pre,This is Zara. She loves to draw. This is Faiz. He loves to build things.,Dis is Zaraaa. She lofes to dramp. Das This is Faaaiz. He la lap darap d u i l d das this thing ,This this is zara she loves draw this this is faiz he loves loves draw he this,6,15,12.0,4,8
grade1_profile28387_q3_LP_20251122_101304.mp3,Ali,28387,pre,This is Zara. She loves to draw. This is Faiz. He loves to build things.,This is Zara. She loves to draw. This is Faiz. He loves to build things. ,This is zara she loves to this is faiz he loves,15,15,11.0,3,8
grade1_profile28375_q3_LP_20251122_101304.mp3,Rehma,28375,pre,This is Zara. She loves to draw. This is Faiz. He loves to build things.,This is Zara. He love to drrraw. This is Faiz. He love to build thing,This is zara he loves to draw this is this is faiz he loves,10,15,13.0,5,8
grade1_profile30575_q1_QK_20251122_095622.mp3,Semal,30575,post,Come on. We can do it together.,Come own we can do it to gather,Come on we can do it together,5,7,10.0,4,7
grade1_profile31293_q1_QK_20251122_095622.mp3,Semal,31293,post,Come on. We can do it together.,Come on we can do it together,Come on we can do it together,7,7,9.0,3,7
grade1_profile28421_q1_QK_20251122_095622.mp3,Rehma,28421,post,Come on. We can do it together.,Come on. We can do it to gaather,Come on we can do it together,6,7,13.0,6,7
grade1_profile28347_q1_QK_20251122_095622.mp3,Semal,28347,post,Come on. We can do it together.,Come own we can do it together,Come on we can do it together,6,7,14.0,7,7
grade1_profile30482_q1_LP_20251122_095026.mp3,Semal,30482,pre,Come on. We can do it together.,Come on we cant do eat together,Come on we can do do it together,5,7,6.0,1,7
grade1_profile28389_q1_LP_20251122_095026.mp3,Rehma,28389,pre,Come on. We can do it together.,Come onnnn. We can do it to gaather,Come on we can do it together,5,7,9.0,2,7
grade1_profile31192_q3_LP_20251122_101304.mp3,Semal,31192,pre,This is Zara. She loves to draw. This is Faiz. He loves to build things.,It is Zara he love to draw it is faiz he love to paint shings,He loves to draw this is faiz he loves,8,15,9.0,3,7
grade1_profile30481_q1_QK_20251122_095622.mp3,Semal,30481,post,Come on. We can do it together.,Come on we can do it together,Come on we can do it together,7,7,10.0,4,7
grade1_profile28371_q3_LP_20251122_101304.mp3,Rehma,28371,pre,This is Zara. She loves to draw. This is Faiz. He loves to build things.,She is. This is Lar Zarka. She love to draf,She this is zara she loves to to draw,4,15,10.0,4,7
grade1_profile30581_q1_QK_20251122_095622.mp3,Semal,30581,post,Come on. We can do it together.,Come on we can do it together,Come on we can do it together,7,7,12.0,6,7
grade1_profile31206_q1_LP_20251122_095026.mp3,Rehma,31206,pre,Come on. We can do it together.,Come on. We can do it to gaather,Come on we can do it together,6,7,10.0,4,7
grade1_profile30626_q1_QK_20251122_095622.mp3,Rehma,30626,post,Come on. We can do it together.,Come on. We can do it together,Come on we can do it together,7,7,13.0,6,7
grade1_profile30630_q1_QK_20251122_095622.mp3,Semal,30630,post,Come on. We can do it together.,Come on we can do it to gather,Come on we can do it together,6,7,9.0,3,7
grade1_profile28509_q1_QK_20251122_095622.mp3,Rehma,28509,post,Come on. We can do it together.,Come onnnn. We can do it too gather,Come on we can do it together,5,7,8.0,3,7
grade1_profile28498_q1_QK_20251122_095622.mp3,Semal,28498,post,Come on. We can do it together.,Come on we can do it to get,Come on we can do it together,6,7,11.0,5,7
grade1_profile30665_q1_QK_20251122_095622.mp3,Rehma,30665,post,Come on. We can do it together.,Come on. We can do it together,Come on we can do it together,7,7,10.0,4,7
grade1_profile30485_q1_LP_20251122_095026.mp3,Semal,30485,pre,Come on. We can do it together.,Come on we cant to eat do gather,Come on we can do it together,4,7,12.0,6,7
grade1_profile28389_q1_QK_20251122_095622.mp3,Semal,28389,post,Come on. We can do it together.,Come on we can do eat to gather,Come on we can do it together,5,7,10.0,4,7
grade1_profile28465_q1_QK_20251122_095622.mp3,Semal,28465,post,Come on. We can do it together.,Come on we can do it together,Come on we can do it together,7,7,13.0,6,7
grade1_profile28421_q1_LP_20251122_095026.mp3,Rehma,28421,pre,Come on. We can do it together.,Come on. wee cann doo it too gather,Come on we can do it together,3,7,10.0,4,7
grade1_profile28390_q1_LP_20251122_095026.mp3,Rehma,28390,pre,Come on. We can do it together.,Come on. We can do it together,Come on we can do it together,7,7,11.0,4,7
grade1_profile28425_q1_QK_20251122_095622.mp3,Rehma,28425,post,Come on. We can do it together.,Comeon. We can do it together,Come on we can do it together,5,7,11.0,4,7
grade1_profile28375_q1_QK_20251122_095622.mp3,Rehma,28375,post,Come on. We can do it together.,Comon. We can do it together,Come on we can do it together,5,7,11.0,5,7
grade1_profile30476_q1_LP_20251122_095026.mp3,Semal,30476,pre,Come on. We can do it together.,Come own we can do it to gather,Come on we can do it together,5,7,11.0,4,7
grade1_profile28465_q1_LP_20251122_095026.mp3,Semal,28465,pre,Come on. We can do it together.,Come on we can do it to get,Come on we can do it together,6,7,12.0,6,7
grade1_profile28518_q1_QK_20251122_095622.mp3,Semal,28518,post,Come on. We can do it together.,Come on we can two do it together,Come on we can do do it together,7,7,9.0,3,7
grade1_profile28443_q1_LP_20251122_095026.mp3,Semal,28443,pre,Come on. We can do it together.,Come on we can do it together,Come on we can do it together,7,7,14.0,7,7
grade1_profile30569_q1_QK_20251122_095622.mp3,Semal,30569,post,Come on. We can do it together.,Come on we can do eat to gather,Come on we can do it together,5,7,10.0,4,7
grade1_profile28450_q1_QK_20251122_095622.mp3,Rehma,28450,post,Come on. We can do it together.,Come on. We can do it together,Come on we can do it together,7,7,14.0,7,7
grade1_profile28388_q1_QK_20251122_095622.mp3,Semal,28388,post,Come on. We can do it together.,Come on. We canned to eat two gether.,Come on we can do it together together,3,7,12.0,6,7
grade1_profile28364_q1_LP_20251122_095026.mp3,Rehma,28364,pre,Come on. We can do it together.,Come on. We can do it together,Come on we can do it together,7,7,13.0,6,7
grade1_profile28473_q1_QK_20251122_095622.mp3,Semal,28473,post,Come on. We can do it together.,Come on on. We can do it two gether.,Come on on we can do it together,6,7,13.0,6,7
grade1_profile28417_q1_QK_20251122_095622.mp3,Semal,28417,post,Come on. We can do it together.,Come on. We can do it it the gether.,Come on we can do it it together,6,7,12.0,6,7
grade1_profile30684_q1_LP_20251122_095026.mp3,Rehma,30684,pre,Come on. We can do it together.,Come on. We can do it together,Come on we can do it together,7,7,14.0,7,7
grade1_profile28512_q1_LP_20251122_095026.mp3,Rehma,28512,pre,Come on. We can do it together.,Come on. We can do it togethaaar,Come on we can do it together,6,7,13.0,6,7
grade1_profile31293_q1_LP_20251122_095026.mp3,Rehma,31293,pre,Come on. We can do it together.,on. We can do it together,Come on we can do it together,6,7,10.0,3,7
grade1_profile30586_q1_QK_20251122_095622.mp3,Semal,30586,post,Come on. We can do it together.,On. Come on. We can do it together. We can. To eat. to eat. together. together  ,On come on we can do it together we can do it do it together together,7,7,14.0,7,7
grade1_profile31293_q1_LP_20251122_095026.mp3,Semal,31293,pre,Come on. We can do it together.,Cup on. We can do it together.,Come on we can do it together,6,7,10.0,3,7
grade1_profile28417_q1_LP_20251122_095026.mp3,Semal,28417,pre,Come on. We can do it together.,Com on. We cen do it together.,Come on we can do it together,5,7,12.0,5,7
grade1_profile30589_q1_LP_20251122_095026.mp3,Semal,30589,pre,Come on. We can do it together.,Come on. We can do eat together.,Come on we can do it together,6,7,10.0,3,7
grade1_profile28429_q1_LP_20251122_095026.mp3,Semal,28429,pre,Come on. We can do it together.,Come on. We can do it uh too gether.,Come on we can do it together,6,7,12.0,5,7
grade1_profile28344_q1_LP_20251122_095026.mp3,Semal,28344,pre,Come on. We can do it together.,Com on. We can do eat together.,Come on we can do it together,5,7,8.0,2,7
grade1_profile28371_q1_LP_20251122_095026.mp3,Semal,28371,pre,Come on. We can do it together.,Come on Come on on Come on on we can do it gather,Do come on come on on come on on we can do it together,6,7,9.0,2,7
grade1_profile31205_q1_QK_20251122_095622.mp3,Semal,31205,post,Come on. We can do it together.,Com on. We can do eat together.,Come on we can do it together,5,7,10.0,4,7
grade1_profile30822_q1_QK_20251122_095622.mp3,Rehma,30822,post,Come on. We can do it together.,Come on. We can do it together,Come on we can do it together,7,7,14.0,7,7
grade1_profile28518_q1_LP_20251122_095026.mp3,Semal,28518,pre,Come on. We can do it together.,Come on. We can do it too gether.,Come on we can do it together,6,7,9.0,2,7
grade1_profile28457_q1_QK_20251122_095622.mp3,Semal,28457,post,Come on. We can do it together.,Come on. We can do it together.,Come on we can do it together,7,7,14.0,7,7
grade1_profile28429_q1_QK_20251122_095622.mp3,Rehma,28429,post,Come on. We can do it together.,Come onnnnn. We can do it to gatherrrr,Come on we can do it together,5,7,13.0,6,7
grade1_profile28469_q1_QK_20251122_095622.mp3,Rehma,28469,post,Come on. We can do it together.,Come on. We can do it together,Come on we can do it together,7,7,13.0,6,7
grade1_profile28446_q1_LP_20251122_095026.mp3,Rehma,28446,pre,Come on. We can do it together.,Come on. We can do it to gather,Come on we can do it together,6,7,14.0,7,7
grade1_profile28349_q1_LP_20251122_095026.mp3,Rehma,28349,pre,Come on. We can do it together.,Come on. We can do it together,Come on we can do it together,7,7,11.0,4,7
grade1_profile28463_q1_QK_20251122_095622.mp3,Rehma,28463,post,Come on. We can do it together.,Come on. We can do it together,Come on we can do it together,7,7,11.0,4,7
grade1_profile28493_q1_QK_20251122_095622.mp3,Rehma,28493,post,Come on. We can do it together.,Come on. We can do it together,Come on we can do it together,7,7,14.0,7,7
grade1_profile30596_q1_QK_20251122_095622.mp3,Rehma,30596,post,Come on. We can do it together.,Come aaaan. We can do it togither,Come on we can do it it together,5,7,13.0,6,7
grade1_profile28519_q1_LP_20251122_095026.mp3,Semal,28519,pre,Come on. We can do it together.,Come on. We can do it too gether.,Come on we can do it together,6,7,13.0,6,7
grade1_profile28474_q1_LP_20251122_095026.mp3,Rehma,28474,pre,Come on. We can do it together.,Come on. We can do it together,Come on we can do it together,7,7,10.0,3,7
grade1_profile30482_q1_QK_20251122_095622.mp3,Semal,30482,post,Come on. We can do it together.,Come on. We can do it together.,Come on we can do it together,7,7,12.0,5,7
grade1_profile28466_q1_LP_20251122_095026.mp3,Semal,28466,pre,Come on. We can do it together.,Come on. We can do it together.,Come on we can do it together,7,7,9.0,2,7
grade1_profile28401_q1_LP_20251122_095026.mp3,Rehma,28401,pre,Come on. We can do it together.,Come on. We can do it together,Come on we can do it together,7,7,11.0,4,7
grade1_profile28363_q1_LP_20251122_095026.mp3,Semal,28363,pre,Come on. We can do it together.,Come on. We can to it together.,Come on we can do it together,6,7,11.0,5,7
grade1_profile28448_q1_QK_20251122_095622.mp3,Rehma,28448,post,Come on. We can do it together.,Come on. We can do it together,Come on we can do it together,7,7,13.0,6,7
grade1_profile31192_q1_QK_20251122_095622.mp3,Rehma,31192,post,Come on. We can do it together.,Come on. We can do it together,Come on we can do it together,7,7,14.0,7,7
grade1_profile30626_q1_LP_20251122_095026.mp3,Rehma,30626,pre,Come on. We can do it together.,Come on. We can do it together,Come on we can do it together,7,7,14.0,7,7
grade1_profile31192_q1_LP_20251122_095026.mp3,Rukhshan,31192,pre,Come on. We can do it together.,Come on We can do it togedel.,Come on we can do it together,6,7,13.0,6,7
grade1_profile30496_q1_LP_20251122_095026.mp3,Salman,30496,pre,Come on. We can do it together.,come on. we can do it together.,Come on come on we we can do it together,7,7,12.0,6,7
grade1_profile28391_q3_QK_20251122_101834.mp3,Rukhshan,28391,post,This is Zara. She loves to draw. This is Faiz. He loves to build things.,This is Zara. She love to da-dra. This is Faiz. He loves to build thangs.,This is she loves to draw draw this is he loves he loves,12,15,12.0,6,7
grade1_profile28364_q1_QK_20251122_095622.mp3,Semal,28364,post,Come on. We can do it together.,Come on we can do eat to gather,Come on we can do it together,5,7,13.0,6,7
grade1_profile28446_q1_QK_20251122_095622.mp3,Semal,28446,post,Come on. We can do it together.,Come on we can do it two gether,Come on we can do it together,6,7,14.0,7,7
grade1_profile30823_q1_LP_20251122_095026.mp3,Semal,30823,pre,Come on. We can do it together.,Come on we can do it two gethe ,Come on we can do it together,6,7,10.0,4,7
grade1_profile28514_q1_LP_20251122_095026.mp3,Semal,28514,pre,Come on. We can do it together.,Come on we can do eat together,Come on we can do it together,6,7,14.0,7,7
grade1_profile28509_q1_QK_20251122_095622.mp3,Salman,28509,post,Come on. We can do it together.,Come on. we can do it together.,Come on we can do it together,7,7,8.0,3,7
grade1_profile28403_q1_LP_20251122_095026.mp3,Salman,28403,pre,Come on. We can do it together.,Come on Come on. we can do it gether.,Come on come on we can do it together,6,7,10.0,3,7
grade1_profile28359_q3_QK_20251122_101834.mp3,Rukhshan,28359,post,This is Zara. She loves to draw. This is Faiz. He loves to build things.,This iiss. This is Zaraa. She loves to draw.,This is this is zara he loves loves to draw loves,5,15,9.0,2,7
grade1_profile28456_q1_QK_20251122_095622.mp3,Semal,28456,post,Come on. We can do it together.,Come on we can do it too gether,Come on we can do it together,6,7,14.0,7,7
grade1_profile28431_q1_LP_20251122_095026.mp3,Semal,28431,pre,Come on. We can do it together.,Come on we can two eat the together,Come on we can do it together,5,7,12.0,5,7
grade1_profile28450_q1_LP_20251122_095026.mp3,Semal,28450,pre,Come on. We can do it together.,Come on. We can do it together. ,Come on we can do it together,7,7,14.0,7,7
grade1_profile28468_q1_QK_20251122_095622.mp3,Rukhshan,28468,post,Come on. We can do it together.,Come on. We can do it together.,Come on we can do it together,7,7,14.0,7,7
grade1_profile28431_q1_QK_20251122_095622.mp3,Rukhshan,28431,post,Come on. We can do it together.,Come ooonn. Come on. Wee caannn dooo ittt twogether,Come on come on we can do it it it together,2,7,8.0,1,7
grade1_profile28423_q1_LP_20251122_095026.mp3,Rukhshan,28423,pre,Come on. We can do it together.,Come on. We can do it togather.,Come on we can do it together,6,7,14.0,7,7
grade1_profile28349_q1_QK_20251122_095622.mp3,Semal,28349,post,Come on. We can do it together.,Come on. We can do eat two gether.,Come on we can do it together,5,7,13.0,6,7
grade1_profile30684_q1_QK_20251122_095622.mp3,Semal,30684,post,Come on. We can do it together.,Come oven. We can do it too gether.,Come on we can do it together,5,7,13.0,6,7
grade1_profile28466_q1_QK_20251122_095622.mp3,Semal,28466,post,Come on. We can do it together.,Come on. We can do it together.,Come on we can do it together,7,7,12.0,5,7
grade1_profile28401_q1_QK_20251122_095622.mp3,Semal,28401,post,Come on. We can do it together.,Come own. We can do it to gather.,Come on we can do it together,5,7,13.0,6,7
grade1_profile28392_q3_LP_20251122_101304.mp3,Semal,28392,pre,This is Zara. She loves to draw. This is Faiz. He loves to build things.,This is Zara. She love to draw.,This is zara she loves to draw,6,15,14.0,7,7
grade1_profile31203_q1_QK_20251122_095622.mp3,Semal,31203,post,Come on. We can do it together.,Come on we can do eat together,Come on we can do it together,6,7,14.0,7,7
grade1_profile28376_q1_QK_20251122_095622.mp3,Semal,28376,post,Come on. We can do it together.,Come on we can do it to gather,Come on we can do it together,6,7,14.0,7,7
grade1_profile28431_q1_QK_20251122_095622.mp3,Salman,28431,post,Come on. We can do it together.,come on. we can do it together.,Come on come on we can do it it it together,7,7,8.0,1,7
grade1_profile28403_q1_QK_20251122_095622.mp3,Salman,28403,post,Come on. We can do it together.,come on. we can do it together.,Come on we can do it together,7,7,12.0,6,7
grade1_profile28350_q1_QK_20251122_095622.mp3,Salman,28350,post,Come on. We can do it together.,Come on. we can do it gether.,Come on we can do it together,6,7,11.0,5,7
grade1_profile28429_q1_LP_20251122_095026.mp3,Salman,28429,pre,Come on. We can do it together.,Come on. we can do it together.,Come on we can do it together,7,7,12.0,5,7
grade1_profile28441_q1_LP_20251122_095026.mp3,Salman,28441,pre,Come on. We can do it together.,Come on. we can two each together.,Come on we can do it together,5,7,7.0,1,7
grade1_profile28390_q1_QK_20251122_095622.mp3,Salman,28390,post,Come on. We can do it together.,Come on. we can do it together.,Come on we can do it together,7,7,14.0,7,7
grade1_profile28468_q1_QK_20251122_095622.mp3,Salman,28468,post,Come on. We can do it together.,Come on. we can do it together.,Come on we can do it together,7,7,14.0,7,7
grade1_profile31361_q1_QK_20251122_095622.mp3,Salman,31361,post,Come on. We can do it together.,Come on. we can do it together.,Come on we can do it together,7,7,9.0,3,7
grade1_profile30840_q1_QK_20251122_095622.mp3,Salman,30840,post,Come on. We can do it together.,Come on. we can do it together.,Come on we can do it together,7,7,13.0,6,7
grade1_profile28444_q1_LP_20251122_095026.mp3,Salman,28444,pre,Come on. We can do it together.,Come on on. we can do it tagether.,Come on on we can do do it together,6,7,11.0,4,7
grade1_profile31204_q1_LP_20251122_095026.mp3,Salman,31204,pre,Come on. We can do it together.,come on. we can do it together.,Come on we can do it together,7,7,11.0,5,7
grade1_profile28473_q1_LP_20251122_095026.mp3,Salman,28473,pre,Come on. We can do it together.,come on. we can do it together.,Come on we can do it together,7,7,11.0,4,7
grade1_profile28421_q1_LP_20251122_095026.mp3,Salman,28421,pre,Come on. We can do it together.,come on. we can do it together.,Come on we can do it together,7,7,10.0,4,7
grade1_profile28388_q3_LP_20251122_101304.mp3,Rukhshan,28388,pre,This is Zara. She loves to draw. This is Faiz. He loves to build things.,This is Zara. She loves to draw.,This is zara she loves to draw,7,15,14.0,7,7
grade1_profile28381_q1_LP_20251122_095026.mp3,Salman,28381,pre,Come on. We can do it together.,come on come on. we can do it gether.,Come on come on we can do it together together,6,7,12.0,6,7
grade1_profile28395_q3_LP_20251122_101304.mp3,Rukhshan,28395,pre,This is Zara. She loves to draw. This is Faiz. He loves to build things.,This is Zara. She loves to draa. This is Faiz. He loves to build things.,This is zara she loves to draw,14,15,10.0,3,7
grade1_profile31205_q1_QK_20251122_095622.mp3,Salman,31205,post,Come on. We can do it together.,come on. we can do it together.,Come on we can do it together,7,7,10.0,4,7
grade1_profile28425_q1_QK_20251122_095622.mp3,Salman,28425,post,Come on. We can do it together.,come on. we can do it together.,Come on we can do it together,7,7,11.0,4,7
grade1_profile28516_q1_LP_20251122_095026.mp3,Salman,28516,pre,Come on. We can do it together.,come on. we can do it together.,Come on we can do it together,7,7,7.0,1,7
grade1_profile28398_q1_LP_20251122_095026.mp3,Salman,28398,pre,Come on. We can do it together.,come on. we can do it together.,Come on we can do it together,7,7,14.0,7,7
grade1_profile28352_q1_LP_20251122_095026.mp3,Rukhshan,28352,pre,Come on. We can do it together.,Come on. We can do eet togather.,Come on we can do it together,5,7,13.0,6,7
grade1_profile30589_q1_QK_20251122_095622.mp3,Rukhshan,30589,post,Come on. We can do it together.,on. We can do it together.,Come on we can do it together,6,7,11.0,5,7
grade1_profile28432_q1_LP_20251122_095026.mp3,Rukhshan,28432,pre,Come on. We can do it together.,Come on. Vi can do it together.,Come on we can do it together,6,7,14.0,7,7
grade1_profile28510_q1_QK_20251122_095622.mp3,Rukhshan,28510,post,Come on. We can do it together.,Come on. Vi can do it together.,Come on we can do it together,6,7,12.0,6,7
grade1_profile28387_q1_QK_20251122_095622.mp3,Rukhshan,28387,post,Come on. We can do it together.,Come on. We can do it togather.,Come on we can do it together,6,7,14.0,7,7
grade1_profile28385_q1_QK_20251122_095622.mp3,Rukhshan,28385,post,Come on. We can do it together.,Come oon. We can do it geth togethe,Come on we can do it together,5,7,12.0,6,7
grade1_profile30630_q1_QK_20251122_095622.mp3,Rukhshan,30630,post,Come on. We can do it together.,Come onnnn. We cannn do itt togather.,Come on we can do it together,3,7,9.0,3,7
grade1_profile30575_q1_QK_20251122_095622.mp3,Rukhshan,30575,post,Come on. We can do it together.,"Come awn. We can do et togather,",Come on we can do it together,4,7,10.0,4,7
grade1_profile28382_q1_LP_20251122_095026.mp3,Semal,28382,pre,Come on. We can do it together.,Come on we can to eat together,Come on we can do it together,5,7,13.0,6,7
grade1_profile31184_q1_QK_20251122_095622.mp3,Semal,31184,post,Come on. We can do it together.,Come on we can do it to gather,Come on we can do it together,6,7,12.0,5,7
grade1_profile31361_q1_LP_20251122_095026.mp3,Semal,31361,pre,Come on. We can do it together.,Come on. We can do it to gather. ,Come on we can do it together,6,7,11.0,5,7
grade1_profile28444_q1_QK_20251122_095622.mp3,Rukhshan,28444,post,Come on. We can do it together.,Come on. We can do it together.,Come on we can do it together,7,7,9.0,2,7
grade1_profile28375_q1_LP_20251122_095026.mp3,Rukhshan,28375,pre,Come on. We can do it together.,Come on. We can do it together.,Come on we can do it together,7,7,14.0,7,7
grade1_profile28451_q1_QK_20251122_095622.mp3,Rukhshan,28451,post,Come on. We can do it together.,Come on. We can do it togeth,Come on we can do it together,6,7,12.0,6,7
grade1_profile28438_q1_LP_20251122_095026.mp3,Rukhshan,28438,pre,Come on. We can do it together.,Come on. We can do it together.,Come on we can do it together,7,7,13.0,6,7
grade1_profile30823_q1_LP_20251122_095026.mp3,Rukhshan,30823,pre,Come on. We can do it together.,Come on. We can do it together.,Come on we can do it together,7,7,10.0,4,7
grade1_profile28498_q1_LP_20251122_095026.mp3,Rukhshan,28498,pre,Come on. We can do it together.,Come on. We can do it together.,Come on we can do it together,7,7,11.0,4,7
grade1_profile31284_q1_LP_20251122_095026.mp3,Rukhshan,31284,pre,Come on. We can do it together.,Come on. We can do eet twogether.,Come on we can do it together,5,7,12.0,5,7
grade1_profile28362_q1_LP_20251122_095026.mp3,Rukhshan,28362,pre,Come on. We can do it together.,Come on. We can do it two-do-gether,Come on we can do it do do together,6,7,13.0,6,7
grade1_profile31206_q1_QK_20251122_095622.mp3,Rukhshan,31206,post,Come on. We can do it together.,Come-h o-hn. We can do eet twogatha,Come on we can do it together,3,7,13.0,6,7
grade1_profile28347_q1_LP_20251122_095026.mp3,Semal,28347,pre,Come on. We can do it together.,Come on. We can do it togeth. ,Come on we can do it together,6,7,13.0,6,7
grade1_profile28457_q1_LP_20251122_095026.mp3,Rukhshan,28457,pre,Come on. We can do it together.,Come on. We can do it together.,Come on we can do it together,7,7,14.0,7,7
grade1_profile28469_q1_QK_20251122_095622.mp3,Rukhshan,28469,post,Come on. We can do it together.,Come on. We can do it together.,Come on we can do it together,7,7,13.0,6,7
grade1_profile28474_q1_LP_20251122_095026.mp3,Rukhshan,28474,pre,Come on. We can do it together.,Come on. We can do it togather.,Come on we can do it together,6,7,10.0,3,7
grade1_profile30665_q1_QK_20251122_095622.mp3,Rukhshan,30665,post,Come on. We can do it together.,Come on. We can do it togather.,Come on we can do it together,6,7,10.0,4,7
grade1_profile28451_q1_LP_20251122_095026.mp3,Rukhshan,28451,pre,Come on. We can do it together.,Come on. We can do it together.,Come on we can do it together,7,7,11.0,4,7
grade1_profile31205_q1_LP_20251122_095026.mp3,Semal,31205,pre,Come on. We can do it together.,Com on. We can do it together. ,Come on we can do it together,6,7,14.0,7,7
grade1_profile28382_q1_QK_20251122_095622.mp3,Rukhshan,28382,post,Come on. We can do it together.,Come oon. We can do eet togather.,Come on we can do it together,4,7,14.0,7,7
grade1_profile30840_q1_LP_20251122_095026.mp3,Semal,30840,pre,Come on. We can do it together.,Come on. We can do it together. ,Come on we can do it together,7,7,13.0,6,7
grade1_profile28514_q1_QK_20251122_095622.mp3,Semal,28514,post,Come on. We can do it together.,Come on. We can do eat together. ,Come on we can do it together,6,7,14.0,7,7
grade1_profile28432_q1_LP_20251122_095026.mp3,Semal,28432,pre,Come on. We can do it together.,Come on. We can do it together.,Come on we can do it together,7,7,14.0,7,7
grade1_profile28355_q1_QK_20251122_095622.mp3,Semal,28355,post,Come on. We can do it together.,On. We can do it gather.,Come on we can do it together,5,7,11.0,5,7
grade1_profile28519_q1_QK_20251122_095622.mp3,Rukhshan,28519,post,Come on. We can do it together.,Come on. We can do it togather.,Come on we can do it together,6,7,13.0,6,7
grade1_profile30569_q1_QK_20251122_095622.mp3,Rukhshan,30569,post,Come on. We can do it together.,Come on. We can do eet together.,Come on we can do it together,6,7,10.0,4,7
grade1_profile28519_q1_LP_20251122_095026.mp3,Rukhshan,28519,pre,Come on. We can do it together.,Come on. We can do it togader.,Come on we can do it together,6,7,13.0,6,7
grade1_profile28475_q1_QK_20251122_095622.mp3,Rukhshan,28475,post,Come on. We can do it together.,Come on. We can do it togather.,Come on we can do it together,6,7,14.0,7,7
grade1_profile28512_q1_LP_20251122_095026.mp3,Rukhshan,28512,pre,Come on. We can do it together.,Come on. We can do it togaatherr.,Come on we can do it together,6,7,13.0,6,7
grade1_profile28471_q1_LP_20251122_095026.mp3,Rukhshan,28471,pre,Come on. We can do it together.,Come on. We can do it together.,Come on we can do it together,7,7,14.0,7,7
grade1_profile30586_q1_QK_20251122_095622.mp3,Rukhshan,30586,post,Come on. We can do it together.,Come on. We can do it together.,On come on we can do it together we can do it do it together together,7,7,14.0,7,7
grade1_profile30472_q1_QK_20251122_095622.mp3,Dania,30472,post,Come on. We can do it together.,parent recording ,Come on we can do it together,0,7,14.0,7,7
grade1_profile28432_q1_QK_20251122_095622.mp3,Amna,28432,post,Come on. We can do it together.,Come on. We can do it  together.,Come on we can do it together,7,7,11.0,5,7
grade1_profile28465_q1_QK_20251122_095622.mp3,Dania,28465,post,Come on. We can do it together.,Come on. We can do it together. ,Come on we can do it together,7,7,13.0,6,7
grade1_profile28498_q1_QK_20251122_095622.mp3,Dania,28498,post,Come on. We can do it together.,Come on. We can do it toget.,Come on we can do it together,6,7,11.0,5,7
grade1_profile28401_q1_QK_20251122_095622.mp3,Amna,28401,post,Come on. We can do it together.,Come on. We can do it  together.,Come on we can do it together,7,7,13.0,6,7
grade1_profile28423_q1_QK_20251122_095622.mp3,Amna,28423,post,Come on. We can do it together.,Come on. We can do it  together.,Come on we can do it together,7,7,12.0,6,7
grade1_profile28349_q1_QK_20251122_095622.mp3,Dania,28349,post,Come on. We can do it together.,Come on. We can do it together. ,Come on we can do it together,7,7,13.0,6,7
grade1_profile28345_q1_QK_20251122_095622.mp3,Dania,28345,post,Come on. We can do it together.,Come on. We can do it together. ,Come on we can do it together,7,7,14.0,7,7
grade1_profile28471_q1_QK_20251122_095622.mp3,Dania,28471,post,Come on. We can do it together.,Come on. We can do it together. ,Come on we can do it together,7,7,14.0,7,7
grade1_profile28443_q1_QK_20251122_095622.mp3,Rehma,28443,post,Come on. We can do it together.,Come on. We can do it together.,Come on we can do it together,7,7,14.0,7,7
grade1_profile30544_q1_LP_20251122_095026.mp3,Rehma,30544,pre,Come on. We can do it together.,Come ooonnnn. We caaaannn do it togetha,Come on we can do it together,4,7,10.0,3,7
grade1_profile28469_q1_LP_20251122_095026.mp3,Dania,28469,pre,Come on. We can do it together.,Come on. We can do it together. ,Come on come on we can do it together,7,7,12.0,5,7
grade1_profile30589_q1_QK_20251122_095622.mp3,Dania,30589,post,Come on. We can do it together.,Come on. We can do it together. ,Come on we can do it together,7,7,11.0,5,7
grade1_profile30581_q1_LP_20251122_095026.mp3,Amna,30581,pre,Come on. We can do it together.,Come on. We can do it  together.,Come on we can do it together,7,7,11.0,5,7
grade1_profile28514_q1_LP_20251122_095026.mp3,Rehma,28514,pre,Come on. We can do it together.,Come onnn. We can do it too gather,Come on we can do it together,5,7,14.0,7,7
grade1_profile30472_q1_QK_20251122_095622.mp3,Rehma,30472,post,Come on. We can do it together.,Come on. We can do it together.,Come on we can do it together,7,7,14.0,7,7
grade1_profile28352_q1_QK_20251122_095622.mp3,Rehma,28352,post,Come on. We can do it together.,Come on. We caaan do it too gather,Come on we can do it together,5,7,13.0,6,7
grade1_profile28381_q1_QK_20251122_095622.mp3,Rehma,28381,post,Come on. We can do it together.,Ca mon. We can do it to ga ther,Come on we can do it together,4,7,13.0,6,7
grade1_profile28432_q1_QK_20251122_095622.mp3,Dania,28432,post,Come on. We can do it together.,Come on. We can do it together. ,Come on we can do it together,7,7,11.0,5,7
grade1_profile28388_q1_QK_20251122_095622.mp3,Amna,28388,post,Come on. We can do it together.,Come on. We can do it  together.,Come on we can do it together together,7,7,12.0,6,7
grade1_profile28363_q1_LP_20251122_095026.mp3,Amna,28363,pre,Come on. We can do it together.,Come on. We can do it  together.,Come on we can do it together,7,7,11.0,5,7
grade1_profile28456_q1_LP_20251122_095026.mp3,Amna,28456,pre,Come on. We can do it together.,Come on. We can do it  together.,Come on we can do it together,7,7,12.0,6,7
grade1_profile31203_q1_QK_20251122_095622.mp3,Dania,31203,post,Come on. We can do it together.,Come on we can do et together.,Come on we can do it together,6,7,14.0,7,7
grade1_profile30695_q1_QK_20251122_095622.mp3,Dania,30695,post,Come on. We can do it together.,parent recording ,Come on we can do it together,0,7,13.0,6,7
grade1_profile28350_q1_LP_20251122_095026.mp3,Amna,28350,pre,Come on. We can do it together.,Come on. We can do it  together.,Come on we can do it together,7,7,12.0,5,7
grade1_profile30586_q1_LP_20251122_095026.mp3,Dania,30586,pre,Come on. We can do it together.,Come on. We can do it together. ,Come on come on we can do it together,7,7,13.0,6,7
grade1_profile30544_q1_QK_20251122_095622.mp3,Dania,30544,post,Come on. We can do it together.,Come on. We caan do it together.,Come on we can do it together,6,7,12.0,5,7
grade1_profile30506_q1_LP_20251122_095026.mp3,Dania,30506,pre,Come on. We can do it together.,Come on. W we we can do this do it together.,Come on we we we can do do do it it together,7,7,10.0,3,7
grade1_profile28398_q1_QK_20251122_095622.mp3,Amna,28398,post,Come on. We can do it together.,Come on. We can do it  together.,Come on we can do it together,7,7,14.0,7,7
grade1_profile28392_q3_LP_20251122_101304.mp3,Dania,28392,pre,This is Zara. She loves to draw. This is Faiz. He loves to build things.,This is Zara. She loves to draw. ,This is zara she loves to draw,7,15,14.0,7,7
grade1_profile30630_q3_LP_20251122_101304.mp3,Dania,30630,pre,This is Zara. She loves to draw. This is Faiz. He loves to build things.,This is Zara. She loves to draw. ,This is zara she loves to draw,7,15,13.0,6,7
grade1_profile28391_q3_QK_20251122_101834.mp3,Rehma,28391,post,This is Zara. She loves to draw. This is Faiz. He loves to build things.,This is Zara. She loves to draaaaw. This is Faiz. He love to buil thang,This is she loves to draw draw this is he loves he loves,11,15,12.0,6,7
grade1_profile30476_q1_QK_20251122_095622.mp3,Rehma,30476,post,Come on. We can do it together.,Come onnn. We can do it too gather,Come on we can do it together,5,7,13.0,6,7
grade1_profile30496_q1_QK_20251122_095622.mp3,Rehma,30496,post,Come on. We can do it together.,Come on. We can do it  together.,Come on we can do it together,7,7,14.0,7,7
grade1_profile30823_q1_QK_20251122_095622.mp3,Dania,30823,post,Come on. We can do it together.,Come on. We can do it together. ,Come on we can do it together,7,7,13.0,6,7
grade1_profile30485_q1_LP_20251122_095026.mp3,Dania,30485,pre,Come on. We can do it together.,Come on. We can do eet together.,Come on we can do it together,6,7,12.0,6,7
grade1_profile28417_q1_LP_20251122_095026.mp3,Dania,28417,pre,Come on. We can do it together.,Come on. We can do et together.,Come on we can do it together,6,7,12.0,5,7
grade1_profile28457_q1_QK_20251122_095622.mp3,Dania,28457,post,Come on. We can do it together.,parent recording ,Come on we can do it together,0,7,14.0,7,7
grade1_profile28463_q1_QK_20251122_095622.mp3,Dania,28463,post,Come on. We can do it together.,Come oon. We can do it together. ,Come on we can do it together,6,7,11.0,4,7
grade1_profile28390_q1_LP_20251122_095026.mp3,Dania,28390,pre,Come on. We can do it together.,Come on. We can do it  together.,Come on we can do it together,7,7,11.0,4,7
grade1_profile28371_q1_QK_20251122_095622.mp3,Amna,28371,post,Come on. We can do it together.,komoon. voi can do it together,Come on we can do it together,4,7,7.0,2,7
grade1_profile28369_q1_QK_20251122_095622.mp3,Dania,28369,post,Come on. We can do it together.,Come on. We can do it  together.,Come on we can do it together,7,7,12.0,5,7
grade1_profile28391_q1_LP_20251122_095026.mp3,Amna,28391,pre,Come on. We can do it together.,Come on. We can do it  together.,Come on we can do it together,7,7,14.0,7,7
grade1_profile28347_q1_LP_20251122_095026.mp3,Dania,28347,pre,Come on. We can do it together.,Come on. We can do it togeth.,Come on we can do it together,6,7,13.0,6,7
grade1_profile30490_q1_LP_20251122_095026.mp3,Dania,30490,pre,Come on. We can do it together.,Come on. Come on We can do it together. ,Come on come on we can do it together,7,7,11.0,4,7
grade1_profile28371_q3_LP_20251122_101304.mp3,Dania,28371,pre,This is Zara. She loves to draw. This is Faiz. He loves to build things.,She is. This is Zarka. She love too to love.,She this is zara she loves to to draw,4,15,10.0,4,7
grade1_profile30633_q1_QK_20251122_095622.mp3,Amna,30633,post,Come on. We can do it together.,Come on. We can do it  together.,Come on we can do it together,7,7,10.0,4,7
grade1_profile28385_q1_QK_20251122_095622.mp3,Amna,28385,post,Come on. We can do it together.,Come on. We can do it  together.,Come on we can do it together,7,7,12.0,6,7
grade1_profile28371_q3_QK_20251122_101834.mp3,Ali,28371,post,This is Zara. She loves to draw. This is Faiz. He loves to build things.,This is Zara. She loves to draw.,This is is zara she loves to draw,7,15,9.0,2,7
grade1_profile28388_q3_LP_20251122_101304.mp3,Dania,28388,pre,This is Zara. She loves to draw. This is Faiz. He loves to build things.,This is Zara. She loves to draw.,This is zara she loves to draw,7,15,14.0,7,7
grade1_profile30822_q1_LP_20251122_095026.mp3,Dania,30822,pre,Come on. We can do it together.,Come oon. We can do it together. ,Come on we can do it together,6,7,12.0,5,7
grade1_profile28510_q1_LP_20251122_095026.mp3,Dania,28510,pre,Come on. We can do it together.,Come on. We can do it  do it together.,Come on we can do it do it together,7,7,10.0,4,7
grade1_profile28446_q1_QK_20251122_095622.mp3,Amna,28446,post,Come on. We can do it together.,comeon. we can do it together,Come on we can do it together,5,7,14.0,7,7
grade1_profile30544_q1_QK_20251122_095622.mp3,Amna,30544,post,Come on. We can do it together.,comeon. we can doit together,Come on we can do it together,3,7,12.0,5,7
grade1_profile28403_q1_QK_20251122_095622.mp3,Dania,28403,post,Come on. We can do it together.,Come on. We can do it togethe.,Come on we can do it together,6,7,12.0,6,7
grade1_profile31192_q3_LP_20251122_101304.mp3,Dania,31192,pre,This is Zara. She loves to draw. This is Faiz. He loves to build things.,Yes.,He loves to draw this is faiz he loves,0,15,9.0,3,7
grade1_profile30544_q1_LP_20251122_095026.mp3,Amna,30544,pre,Come on. We can do it together.,comeon. we can do it together,Come on we can do it together,5,7,10.0,3,7
grade1_profile28381_q1_LP_20251122_095026.mp3,Dania,28381,pre,Come on. We can do it together.,Come on. We can do it gether together. ,Come on come on we can do it together together,7,7,12.0,6,7
grade1_profile28451_q1_QK_20251122_095622.mp3,Amna,28451,post,Come on. We can do it together.,camon. we can do it togeth,Come on we can do it together,4,7,12.0,6,7
grade1_profile30506_q1_QK_20251122_095622.mp3,Amna,30506,post,Come on. We can do it together.,comeon. we can do it togetherr,Come on we can do it together,4,7,12.0,5,7
grade1_profile28399_q1_QK_20251122_095622.mp3,Dania,28399,post,Come on. We can do it together.,parent recording ,Come on we can do it together,0,7,14.0,7,7
grade1_profile28443_q1_LP_20251122_095026.mp3,Amna,28443,pre,Come on. We can do it together.,Come on. We can do it  together.,Come on we can do it together,7,7,14.0,7,7
grade1_profile30581_q1_LP_20251122_095026.mp3,Dania,30581,pre,Come on. We can do it together.,Come on. We can do it together. ,Come on we can do it together,7,7,11.0,5,7
grade1_profile28465_q1_LP_20251122_095026.mp3,Amna,28465,pre,Come on. We can do it together.,Come on. We can do it  together.,Come on we can do it together,7,7,12.0,6,7
grade1_profile28438_q1_LP_20251122_095026.mp3,Dania,28438,pre,Come on. We can do it together.,Come on. We can do it to gether.,Come on we can do it together,6,7,13.0,6,7
grade1_profile28469_q1_LP_20251122_095026.mp3,Rehma,28469,pre,Come on. We can do it together.,Come o come onn. We can do it together,Come on come on we can do it together,6,7,12.0,5,7
grade1_profile28417_q1_QK_20251122_095622.mp3,Ali,28417,post,Come on. We can do it together.,Come on. We can do it it the gather.,Come on we can do it it together,6,7,12.0,6,7
grade1_profile28446_q1_LP_20251122_095026.mp3,Amna,28446,pre,Come on. We can do it together.,Come on. We can do it  together.,Come on we can do it together,7,7,14.0,7,7
grade1_profile28364_q1_LP_20251122_095026.mp3,Amna,28364,pre,Come on. We can do it together.,Come on. We can do it  together.,Come on we can do it together,7,7,13.0,6,7
grade1_profile28421_q1_QK_20251122_095622.mp3,Amna,28421,post,Come on. We can do it together.,Come on. We can do it  together.,Come on we can do it together,7,7,13.0,6,7
grade1_profile28355_q1_LP_20251122_095026.mp3,Rehma,28355,pre,Come on. We can do it together.,Comon. We can do it gather,Come on we can do it together,4,7,13.0,6,7
grade1_profile28399_q1_QK_20251122_095622.mp3,Ali,28399,post,Come on. We can do it together.,Come on. We can do it together.,Come on we can do it together,7,7,14.0,7,7
grade1_profile28438_q1_QK_20251122_095622.mp3,Rehma,28438,post,Come on. We can do it together.,Come on. We can do it  together.,Come on we can do it together,7,7,11.0,4,7
grade1_profile28443_q1_QK_20251122_095622.mp3,Abdullah,28443,post,Come on. We can do it together.,come on we can can do it together,Come on we can do it together,7,7,14.0,7,7
grade1_profile31293_q1_QK_20251122_095622.mp3,Rehma,31293,post,Come on. We can do it together.,Come on. We can do it  tooogether.,Come on we can do it together,6,7,9.0,3,7
grade1_profile28516_q1_LP_20251122_095026.mp3,Amna,28516,pre,Come on. We can do it together.,Come on. We can do it  together.,Come on we can do it together,7,7,7.0,1,7
grade1_profile30596_q1_LP_20251122_095026.mp3,Rehma,30596,pre,Come on. We can do it together.,Come aann. We can do it tooo gather,Come on we can do it together,5,7,10.0,4,7
grade1_profile28457_q1_LP_20251122_095026.mp3,Ali,28457,pre,Come on. We can do it together.,Come on. We can do it together.,Come on we can do it together,7,7,14.0,7,7
grade1_profile31192_q1_QK_20251122_095622.mp3,Amna,31192,post,Come on. We can do it together.,Come on. We can do it  together.,Come on we can do it together,7,7,14.0,7,7
grade1_profile28441_q1_LP_20251122_095026.mp3,Amna,28441,pre,Come on. We can do it together.,AH Come on. We can do it  together.,Come on we can do it together,7,7,7.0,1,7
grade1_profile28363_q1_QK_20251122_095622.mp3,Amna,28363,post,Come on. We can do it together.,Come on. We can do it  together.,Come come on we can do it together,7,7,11.0,5,7
grade1_profile28398_q3_LP_20251122_101304.mp3,Amna,28398,pre,This is Zara. She loves to draw. This is Faiz. He loves to build things.,This is Zara. She loves to draw. ,This zara this is zara she loves to draw,7,15,13.0,6,7
grade1_profile28451_q1_LP_20251122_095026.mp3,Ali,28451,pre,Come on. We can do it together.,Come on. We can do it together.,Come on we can do it together,7,7,11.0,4,7
grade1_profile28466_q1_QK_20251122_095622.mp3,Abdullah,28466,post,Come on. We can do it together.,"come onn, we can do it together",Come on we can do it together,6,7,12.0,5,7
grade1_profile28392_q1_QK_20251122_095622.mp3,Amna,28392,post,Come on. We can do it together.,Come on. We can do it  together.,Come on we can do it together,7,7,14.0,7,7
grade1_profile28376_q1_QK_20251122_095622.mp3,Rehma,28376,post,Come on. We can do it together.,Come on. We can do it  together.,Come on we can do it together,7,7,14.0,7,7
grade1_profile30485_q1_QK_20251122_095622.mp3,Amna,30485,post,Come on. We can do it together.,Come on. Voi can do it together.,Come on we can do it together,6,7,13.0,6,7
grade1_profile31361_q1_LP_20251122_095026.mp3,Rehma,31361,pre,Come on. We can do it together.,Come on. We can do it  tooo gather.,Come on we can do it together,6,7,11.0,5,7
grade1_profile28512_q1_QK_20251122_095622.mp3,Ali,28512,post,Come on. We can do it together.,Come on. We can do it together.,Come on we can do it together,7,7,14.0,7,7
grade1_profile30490_q1_QK_20251122_095622.mp3,Ali,30490,post,Come on. We can do it together.,Come on. We can do it together.,Come on we can do it it together,7,7,14.0,7,7
grade1_profile31204_q1_QK_20251122_095622.mp3,Amna,31204,post,Come on. We can do it together.,Come on. We can do it  together.,Come on we can do it together,7,7,13.0,6,7
grade1_profile28392_q1_QK_20251122_095622.mp3,Ali,28392,post,Come on. We can do it together.,Come on. We can do it together.,Come on we can do it together,7,7,14.0,7,7
grade1_profile30589_q1_LP_20251122_095026.mp3,Ali,30589,pre,Come on. We can do it together.,Come on. We can do it together.,Come on we can do it together,7,7,10.0,3,7
grade1_profile28362_q1_QK_20251122_095622.mp3,Ali,28362,post,Come on. We can do it together.,Come on. We can do it together.,Come on we can do it together,7,7,11.0,4,7
grade1_profile30481_q1_LP_20251122_095026.mp3,Ali,30481,pre,Come on. We can do it together.,Come on Win can do it together.,Come on we can do it together,6,7,8.0,3,7
grade1_profile28352_q1_LP_20251122_095026.mp3,Ali,28352,pre,Come on. We can do it together.,Come on. We can do it together.,Come on we can do it together,7,7,13.0,6,7
grade1_profile28355_q1_QK_20251122_095622.mp3,Rehma,28355,post,Come on. We can do it together.,Onn. We can do it gather,Come on we can do it together,4,7,11.0,5,7
grade1_profile31284_q1_LP_20251122_095026.mp3,Abdullah,31284,pre,Come on. We can do it together.,"come on. we, can, do it together",Come on we can do it together,7,7,12.0,5,7
grade1_profile28514_q1_QK_20251122_095622.mp3,Amna,28514,post,Come on. We can do it together.,Come on. Voi can do it together.,Come on we can do it together,6,7,14.0,7,7
grade1_profile31207_q1_LP_20251122_095026.mp3,Amna,31207,pre,Come on. We can do it together.,Cam on. We can do it  together.,Come on we can do it together,6,7,9.0,3,7
grade1_profile28474_q1_QK_20251122_095622.mp3,Abdullah,28474,post,Come on. We can do it together.,come on. we can do it together,Come on we can do it together,7,7,14.0,7,7
grade1_profile30506_q1_LP_20251122_095026.mp3,Abdullah,30506,pre,Come on. We can do it together.,come on. you... we...we..we can do this do it together,Come on we we we can do do do it it together,6,7,10.0,3,7
grade1_profile28364_q1_QK_20251122_095622.mp3,Abdullah,28364,post,Come on. We can do it together.,come on we caan can do eat together,Come on we can do it together,6,7,13.0,6,7
grade1_profile28382_q1_QK_20251122_095622.mp3,Amna,28382,post,Come on. We can do it together.,Come on. We can do it  together.,Come on we can do it together,7,7,14.0,7,7
grade1_profile28375_q1_LP_20251122_095026.mp3,Rehma,28375,pre,Come on. We can do it together.,Come on. We can do it  together.,Come on we can do it together,7,7,14.0,7,7
grade1_profile28473_q1_QK_20251122_095622.mp3,Ali,28473,post,Come on. We can do it together.,Come on on. We can do it together.,Come on on we can do it together,7,7,13.0,6,7
grade1_profile31203_q1_LP_20251122_095026.mp3,Ali,31203,pre,Come on. We can do it together.,Come on. We can do it together.,Come on we can do do it together,7,7,12.0,5,7
grade1_profile28428_q1_QK_20251122_095622.mp3,Ali,28428,post,Come on. We can do it together.,Come on. We can do it together.,Come on we can do it together,7,7,12.0,5,7
grade1_profile31204_q1_QK_20251122_095622.mp3,Ali,31204,post,Come on. We can do it together.,Come on. We can do it together.,Come on we can do it together,7,7,13.0,6,7
grade1_profile28444_q1_QK_20251122_095622.mp3,Rehma,28444,post,Come on. We can do it together.,Come on. We can do it  together.,Come on we can do it together,7,7,9.0,2,7
grade1_profile28423_q1_QK_20251122_095622.mp3,Rehma,28423,post,Come on. We can do it together.,Come on. We can do it togetha,Come on we can do it together,6,7,12.0,6,7
grade1_profile28425_q1_LP_20251122_095026.mp3,Rehma,28425,pre,Come on. We can do it together.,Come on. We caaann do it  together.,Come on we can do it together,6,7,13.0,6,7
grade1_profile28371_q2_LP_20251122_100201.mp3,Amna,28371,pre,It's locked. I can open it.,It's look. It's look. I can open it.,It it it's it it's locked i can open it,5,6,10.0,4,6
grade1_profile28381_q2_QK_20251122_100724.mp3,Amna,28381,post,It's locked. I can open it.,It's locked. I can open it.,It's locked i can open it,6,6,11.0,5,6
grade1_profile28469_q2_LP_20251122_100201.mp3,Amna,28469,pre,It's locked. I can open it.,It's locked. I can open it.,It's locked i can open it,6,6,10.0,4,6
grade1_profile30581_q2_LP_20251122_100201.mp3,Amna,30581,pre,It's locked. I can open it.,tiks is locked. I can open it,It's it's locked i can open it,5,6,10.0,4,6
grade1_profile28493_q1_LP_20251122_095026.mp3,Amna,28493,pre,Come on. We can do it together.,Come on. We can do it  together.,Come on we can do it,7,7,7.0,1,6
grade1_profile30822_q2_LP_20251122_100201.mp3,Semal,30822,pre,It's locked. I can open it.,"It's locked. I can open it, ",It's locked i can open it,6,6,11.0,5,6
grade1_profile31206_q2_QK_20251122_100724.mp3,Semal,31206,post,It's locked. I can open it.,It's locked. I can open it.,It's locked i can open it,6,6,12.0,6,6
grade1_profile30589_q2_QK_20251122_100724.mp3,Semal,30589,post,It's locked. I can open it.,It's locked. I can open it.,It's locked i can open it,6,6,11.0,5,6
grade1_profile28518_q2_LP_20251122_100201.mp3,Semal,28518,pre,It's locked. I can open it.,It's lock. I can open it.,It's locked i can open it,5,6,9.0,3,6
grade1_profile31293_q2_QK_20251122_100724.mp3,Semal,31293,post,It's locked. I can open it.,It's locked. I can open it. ,It's locked i can open it,6,6,9.0,3,6
grade1_profile31361_q2_LP_20251122_100201.mp3,Amna,31361,pre,It's locked. I can open it.,It lock. I can open it.,It's locked i can open it,4,6,9.0,3,6
grade1_profile30467_q2_QK_20251122_100724.mp3,Semal,30467,post,It's locked. I can open it.,It's logged. I can open it. ,It's locked i can open it,5,6,11.0,5,6
grade1_profile28347_q2_QK_20251122_100724.mp3,Amna,28347,post,It's locked. I can open it.,It's lock. I can open it.,It's locked i can open it,5,6,12.0,6,6
grade1_profile28438_q2_QK_20251122_100724.mp3,Amna,28438,post,It's locked. I can open it.,It's locked. I can open it.,It's locked i can open it,6,6,12.0,6,6
grade1_profile30575_q2_QK_20251122_100724.mp3,Salman,30575,post,It's locked. I can open it.,It's lock. I can open it. ,It's locked i can open it,5,6,11.0,5,6
grade1_profile28516_q2_LP_20251122_100201.mp3,Amna,28516,pre,It's locked. I can open it.,It's lock. I can open it.,It's locked i can open it,5,6,11.0,5,6
grade1_profile28474_q2_LP_20251122_100201.mp3,Amna,28474,pre,It's locked. I can open it.,It's locked. I can open it.,It's locked i can open it,6,6,11.0,5,6
grade1_profile28438_q2_LP_20251122_100201.mp3,Amna,28438,pre,It's locked. I can open it.,It's locked. I can open it.,It's locked i can open it,6,6,10.0,5,6
grade1_profile28382_q2_QK_20251122_100724.mp3,Amna,28382,post,It's locked. I can open it.,It lock. I can open it.,It's locked i can open it,4,6,11.0,5,6
grade1_profile30596_q2_QK_20251122_100724.mp3,Amna,30596,post,It's locked. I can open it.,It's locked. I can open it.,It's locked i can open it,6,6,12.0,6,6
grade1_profile30941_q1_QK_20251122_095622.mp3,Amna,30941,post,Come on. We can do it together.,Come on. We can do it at togato,Come on we can do it it,6,7,8.0,3,6
grade1_profile28470_q1_QK_20251122_095622.mp3,Amna,28470,post,Come on. We can do it together.,Come on. We can do it  together.,Come on we can do it do,7,7,11.0,5,6
grade1_profile30472_q1_LP_20251122_095026.mp3,Amna,30472,pre,Come on. We can do it together.,welcome now. We can do it today,Come on we can do it,4,7,9.0,3,6
grade1_profile30626_q2_LP_20251122_100201.mp3,Semal,30626,pre,It's locked. I can open it.,It's locked. I can open it. ,It's locked i can open it,6,6,12.0,6,6
grade1_profile28432_q2_QK_20251122_100724.mp3,Amna,28432,post,It's locked. I can open it.,It's lock. I can open it.,It's locked i can open it,5,6,10.0,4,6
grade1_profile31206_q2_LP_20251122_100201.mp3,Salman,31206,pre,It's locked. I can open it.,It's locked. I can open it. ,It's locked i can open it,6,6,12.0,6,6
grade1_profile31284_q2_QK_20251122_100724.mp3,Salman,31284,post,It's locked. I can open it.,It's locked. I can open it. ,It's locked i can open it,6,6,10.0,4,6
grade1_profile31284_q2_LP_20251122_100201.mp3,Salman,31284,pre,It's locked. I can open it.,It's locked. I can open it. ,It's locked i can open it,6,6,10.0,4,6
grade1_profile30630_q2_QK_20251122_100724.mp3,Salman,30630,post,It's locked. I can open it.,It's locked. I can open it. ,It's locked i can open it,6,6,7.0,1,6
grade1_profile28359_q2_LP_20251122_100201.mp3,Salman,28359,pre,It's locked. I can open it.,It's lock locked. I can open it. ,It's locked locked i can open it,6,6,11.0,5,6
grade1_profile28363_q2_QK_20251122_100724.mp3,Salman,28363,post,It's locked. I can open it.,It is locked. I can open it. ,It's locked i can open it,5,6,11.0,5,6
grade1_profile30467_q2_LP_20251122_100201.mp3,Salman,30467,pre,It's locked. I can open it.,It's locked. I can open it. ,It's locked i can open it,6,6,10.0,4,6
grade1_profile28364_q2_LP_20251122_100201.mp3,Amna,28364,pre,It's locked. I can open it.,It's lock. I an open it.,It's locked i can open it,4,6,10.0,4,6
grade1_profile28431_q3_LP_20251122_101304.mp3,Amna,28431,pre,This is Zara. She loves to draw. This is Faiz. He loves to build things.,This is Zara. She love to..,This is zara she loves to loves to,5,15,11.0,5,6
grade1_profile31204_q2_LP_20251122_100201.mp3,Semal,31204,pre,It's locked. I can open it.,It's locked. Eye can open it,It's locked i can open it,5,6,11.0,5,6
grade1_profile28457_q2_LP_20251122_100201.mp3,Salman,28457,pre,It's locked. I can open it.,It's locked. I can open it. ,It's locked i can open it,6,6,11.0,5,6
grade1_profile28465_q2_LP_20251122_100201.mp3,Amna,28465,pre,It's locked. I can open it.,It's lock. I can open it.,It's locked i can open it,5,6,11.0,5,6
grade1_profile28468_q2_QK_20251122_100724.mp3,Amna,28468,post,It's locked. I can open it.,It's locked. I can open it.,It's locked i can open it,6,6,12.0,6,6
grade1_profile28388_q2_QK_20251122_100724.mp3,Semal,28388,post,It's locked. I can open it.,It's lock. I cant open it,It's locked i can open it,4,6,10.0,5,6
grade1_profile28395_q2_QK_20251122_100724.mp3,Semal,28395,post,It's locked. I can open it.,Eats lock i can open eat,It's locked i can open it,3,6,9.0,3,6
grade1_profile31192_q2_QK_20251122_100724.mp3,Semal,31192,post,It's locked. I can open it.,Its lock. I can open it. ,It's locked i can open it,4,6,11.0,5,6
grade1_profile30840_q2_LP_20251122_100201.mp3,Amna,30840,pre,It's locked. I can open it.,It's locked. I can open it.,It's locked i can open it,6,6,12.0,6,6
grade1_profile28471_q2_QK_20251122_100724.mp3,Amna,28471,post,It's locked. I can open it.,It's locked. I can open it.,It's locked i can open it,6,6,12.0,6,6
grade1_profile28456_q2_LP_20251122_100201.mp3,Amna,28456,pre,It's locked. I can open it.,It's locked. I can open it.,It's locked i can open it,6,6,12.0,6,6
grade1_profile28428_q2_QK_20251122_100724.mp3,Amna,28428,post,It's locked. I can open it.,It's locked. I can open it.,It's locked i can open it,6,6,11.0,5,6
grade1_profile28463_q2_QK_20251122_100724.mp3,Amna,28463,post,It's locked. I can open it.,It's look. I can open it.,It's locked i can open it,5,6,10.0,4,6
grade1_profile28350_q2_LP_20251122_100201.mp3,Salman,28350,pre,It's locked. I can open it.,is locked. I can open it. ,It's locked i can open it,5,6,10.0,4,6
grade1_profile30822_q2_QK_20251122_100724.mp3,Amna,30822,post,It's locked. I can open it.,It's locked. I can open it.,It's locked i can open it,6,6,11.0,5,6
grade1_profile28382_q2_LP_20251122_100201.mp3,Amna,28382,pre,It's locked. I can open it.,It's lock. I can open it.,It's locked i can open it,5,6,11.0,5,6
grade1_profile28376_q2_LP_20251122_100201.mp3,Salman,28376,pre,It's locked. I can open it.,It's lock. I an open it. ,It's locked i can open it,4,6,9.0,4,6
grade1_profile28516_q1_QK_20251122_095622.mp3,Salman,28516,post,Come on. We can do it together.,come on. we can do it together.,On we can do it together,7,7,11.0,5,6
grade1_profile28457_q2_LP_20251122_100201.mp3,Ali,28457,pre,It's locked. I can open it.,It's lock. I can open it. ,It's locked i can open it,5,6,11.0,5,6
grade1_profile28352_q2_QK_20251122_100724.mp3,Semal,28352,post,It's locked. I can open it.,Its lot i can open it,It's locked i can open it,4,6,11.0,5,6
grade1_profile28387_q2_LP_20251122_100201.mp3,Ali,28387,pre,It's locked. I can open it.,It's locked. I can open it. ,It's locked i can open it,6,6,11.0,5,6
grade1_profile30633_q2_QK_20251122_100724.mp3,Ali,30633,post,It's locked. I can open it.,It's lock. I can open it. ,It's locked i can open it,5,6,11.0,5,6
grade1_profile30684_q2_QK_20251122_100724.mp3,Ali,30684,post,It's locked. I can open it.,It's lock. I can open it. ,It's locked i can open it,5,6,11.0,5,6
grade1_profile28475_q2_QK_20251122_100724.mp3,Ali,28475,post,It's locked. I can open it.,locked. I can opened it. ,It's locked i can open it it,4,6,11.0,5,6
grade1_profile28485_q2_QK_20251122_100724.mp3,Ali,28485,post,It's locked. I can open it.,It's lock. I can open it. ,It's locked i can open it,5,6,10.0,4,6
grade1_profile31205_q2_LP_20251122_100201.mp3,Ali,31205,pre,It's locked. I can open it.,It's locked. I can open it. ,It's locked i can open it,6,6,11.0,5,6
grade1_profile30490_q2_LP_20251122_100201.mp3,Ali,30490,pre,It's locked. I can open it.,It's looked. I can open it.,It's locked i can open it,5,6,11.0,5,6
grade1_profile30665_q2_LP_20251122_100201.mp3,Semal,30665,pre,It's locked. I can open it.,It looks look. I can open it I can open it. ,It's locked locked i can open it i can open it,4,6,9.0,3,6
grade1_profile28362_q2_QK_20251122_100724.mp3,Semal,28362,post,It's locked. I can open it.,Its locked. I can open it. ,It's locked i can open it,5,6,11.0,5,6
grade1_profile28425_q2_LP_20251122_100201.mp3,Semal,28425,pre,It's locked. I can open it.,Its lock. I can open it,It's locked i can open it,4,6,11.0,5,6
grade1_profile28516_q2_LP_20251122_100201.mp3,Semal,28516,pre,It's locked. I can open it.,Its lock. I can open it,It's locked i can open it,4,6,11.0,5,6
grade1_profile30476_q2_LP_20251122_100201.mp3,Ali,30476,pre,It's locked. I can open it.,It's locked. I can open it. ,It's locked i can open it,6,6,11.0,5,6
grade1_profile28387_q2_QK_20251122_100724.mp3,Ali,28387,post,It's locked. I can open it.,It's locked. I can open it. ,It's locked i can open it,6,6,12.0,6,6
grade1_profile28431_q3_LP_20251122_101304.mp3,Semal,28431,pre,This is Zara. She loves to draw. This is Faiz. He loves to build things.,This is Zara she loves two begin them love to,This is zara she loves to loves to,6,15,11.0,5,6
grade1_profile28493_q2_QK_20251122_100724.mp3,Ali,28493,post,It's locked. I can open it.,It's locked. I can open it. ,It's locked i can open it,6,6,12.0,6,6
grade1_profile28423_q2_QK_20251122_100724.mp3,Ali,28423,post,It's locked. I can open it.,It's locked. I can open it. ,It's locked i can open it,6,6,12.0,6,6
grade1_profile30589_q2_LP_20251122_100201.mp3,Ali,30589,pre,It's locked. I can open it.,It's locked. I can open it. ,It's locked i can open it,6,6,9.0,3,6
grade1_profile28463_q2_QK_20251122_100724.mp3,Semal,28463,post,It's locked. I can open it.,It look i can open it,It's locked i can open it,4,6,10.0,4,6
grade1_profile30481_q2_LP_20251122_100201.mp3,Ali,30481,pre,It's locked. I can open it.,It's locked. I can open it. ,It's locked i can open it,6,6,9.0,4,6
grade1_profile31203_q2_QK_20251122_100724.mp3,Ali,31203,post,It's locked. I can open it.,It's locked. I can open it. ,It's locked i can open it,6,6,10.0,4,6
grade1_profile28451_q2_QK_20251122_100724.mp3,Ali,28451,post,It's locked. I can open it.,It's locked. I can open it. ,It's locked i can open it,6,6,12.0,6,6
grade1_profile28344_q2_LP_20251122_100201.mp3,Abdullah,28344,pre,It's locked. I can open it.,Its lock. I can open it.,It's locked i can open it,4,6,11.0,5,6
grade1_profile28448_q2_LP_20251122_100201.mp3,Semal,28448,pre,It's locked. I can open it.,It's lock. I can open it.,It's locked i can open it,5,6,11.0,5,6
grade1_profile30575_q2_QK_20251122_100724.mp3,Semal,30575,post,It's locked. I can open it.,It's lock. I can open eat.,It's locked i can open it,4,6,11.0,5,6
grade1_profile31192_q2_QK_20251122_100724.mp3,Abdullah,31192,post,It's locked. I can open it.,Its lock.. I can open it.,It's locked i can open it,4,6,11.0,5,6
grade1_profile28421_q2_QK_20251122_100724.mp3,Semal,28421,post,It's locked. I can open it.,It's locked. I can open it.,It's locked i can open it,6,6,11.0,5,6
grade1_profile28493_q2_QK_20251122_100724.mp3,Semal,28493,post,It's locked. I can open it.,It's locked. I can open it.,It's locked i can open it,6,6,12.0,6,6
grade1_profile28429_q2_QK_20251122_100724.mp3,Abdullah,28429,post,It's locked. I can open it.,Its logged. I can open it,It's locked i can open it,4,6,11.0,5,6
grade1_profile28350_q2_LP_20251122_100201.mp3,Semal,28350,pre,It's locked. I can open it.,Is locked. I can open it.,It's locked i can open it,5,6,10.0,4,6
grade1_profile28363_q2_QK_20251122_100724.mp3,Semal,28363,post,It's locked. I can open it.,This is slow. I can open it.,It's locked i can open it,4,6,11.0,5,6
grade1_profile28509_q1_LP_20251122_095026.mp3,Ali,28509,pre,Come on. We can do it together.,Come on. We can do it to gather.,Come on we do do it together,6,7,8.0,3,6
grade1_profile28518_q2_QK_20251122_100724.mp3,Semal,28518,post,It's locked. I can open it.,Is locked. Eye can open it.,It's locked i can open it,4,6,11.0,5,6
grade1_profile30695_q2_LP_20251122_100201.mp3,Semal,30695,pre,It's locked. I can open it.,Is locked. I can open it.,It's locked i can open it,5,6,8.0,3,6
grade1_profile31207_q1_QK_20251122_095622.mp3,Ali,31207,post,Come on. We can do it together.,Come on. We can do it to,Come on we can do it,6,7,9.0,4,6
grade1_profile28355_q2_LP_20251122_100201.mp3,Semal,28355,pre,It's locked. I can open it.,It's lock. Eye can open it.,It's locked i can open it,4,6,10.0,4,6
grade1_profile28401_q2_QK_20251122_100724.mp3,Semal,28401,post,It's locked. I can open it.,Its locked. I can open it. ,It's locked i can open it,5,6,12.0,6,6
grade1_profile31205_q2_LP_20251122_100201.mp3,Semal,31205,pre,It's locked. I can open it.,It's locked. I can open it.,It's locked i can open it,6,6,11.0,5,6
grade1_profile28470_q2_LP_20251122_100201.mp3,Semal,28470,pre,It's locked. I can open it.,Eats lock. I can open it.,It's locked i can open it,4,6,9.0,3,6
grade1_profile30823_q2_LP_20251122_100201.mp3,Ali,30823,pre,It's locked. I can open it.,It's locked. I can open it. ,It's locked i can open it,6,6,9.0,4,6
grade1_profile28432_q2_LP_20251122_100201.mp3,Semal,28432,pre,It's locked. I can open it.,It's locked. I can open it.,It's locked i can open it,6,6,12.0,6,6
grade1_profile28402_q1_QK_20251122_095622.mp3,Ali,28402,post,Come on. We can do it together.,Come on. We can do it to,Come on we can do it,6,7,8.0,3,6
grade1_profile30626_q2_QK_20251122_100724.mp3,Semal,30626,post,It's locked. I can open it.,Its locked i can open eat,It's locked i can open it,4,6,11.0,5,6
grade1_profile28448_q2_LP_20251122_100201.mp3,Salman,28448,pre,It's locked. I can open it.,It's lock. I can open it. ,It's locked i can open it,5,6,11.0,5,6
grade1_profile28429_q2_QK_20251122_100724.mp3,Amna,28429,post,It's locked. I can open it.,It's locked. I can open it,It's locked i can open it,6,6,11.0,5,6
grade1_profile28444_q2_LP_20251122_100201.mp3,Amna,28444,pre,It's locked. I can open it.,It's lucked. I can open it,It's locked i can open it,5,6,11.0,5,6
grade1_profile28395_q2_QK_20251122_100724.mp3,Amna,28395,post,It's locked. I can open it.,It's locked. I can open it,It's locked i can open it,6,6,9.0,3,6
grade1_profile28463_q2_LP_20251122_100201.mp3,Semal,28463,pre,It's locked. I can open it.,Is lock. I can open did.,It's locked i can open it,3,6,10.0,4,6
grade1_profile28512_q2_QK_20251122_100724.mp3,Semal,28512,post,It's locked. I can open it.,Its lockid. I can open it.,It's locked it i can open it,4,6,11.0,5,6
grade1_profile28417_q2_QK_20251122_100724.mp3,Ali,28417,post,It's locked. I can open it.,This locked. I can open it. ,It's locked i can open it,5,6,9.0,4,6
grade1_profile28429_q2_LP_20251122_100201.mp3,Ali,28429,pre,It's locked. I can open it.,It's locked. I can open it. ,It's locked i can open it,6,6,12.0,6,6
grade1_profile28421_q2_QK_20251122_100724.mp3,Ali,28421,post,It's locked. I can open it.,It's locked. I can open it. ,It's locked i can open it,6,6,11.0,5,6
grade1_profile28350_q2_QK_20251122_100724.mp3,Ali,28350,post,It's locked. I can open it.,It's locked. I can open it. ,It's locked i can open it,6,6,11.0,5,6
grade1_profile28473_q2_LP_20251122_100201.mp3,Semal,28473,pre,It's locked. I can open it.,It Its lock. I can open open it.,It it's locked i can open open it,4,6,11.0,5,6
grade1_profile28355_q2_QK_20251122_100724.mp3,Semal,28355,post,It's locked. I can open it.,Its lock. Eye can open it.,It's locked i can open it,3,6,11.0,5,6
grade1_profile28399_q2_QK_20251122_100724.mp3,Semal,28399,post,It's locked. I can open it.,It's locked. I can open it.,It's locked i can open it,6,6,12.0,6,6
grade1_profile28347_q2_QK_20251122_100724.mp3,Semal,28347,post,It's locked. I can open it.,It's locked. I can open it.,It's locked i can open it,6,6,12.0,6,6
grade1_profile30569_q2_LP_20251122_100201.mp3,Semal,30569,pre,It's locked. I can open it.,Its lock. I can open it. ,It's locked i can open it,4,6,11.0,5,6
grade1_profile28485_q1_QK_20251122_095622.mp3,Amna,28485,post,Come on. We can do it together.,Come on. We can do it thood.,Come on we can do it on,6,7,12.0,6,6
grade1_profile31184_q2_QK_20251122_100724.mp3,Semal,31184,post,It's locked. I can open it.,It's logged. I can open it.,It's locked i can open it,5,6,11.0,5,6
grade1_profile30589_q2_QK_20251122_100724.mp3,Amna,30589,post,It's locked. I can open it.,It's locked. I can open it.,It's locked i can open it,6,6,11.0,5,6
grade1_profile28471_q2_QK_20251122_100724.mp3,Semal,28471,post,It's locked. I can open it.,It's locked. I can open it. ,It's locked i can open it,6,6,12.0,6,6
grade1_profile28474_q2_QK_20251122_100724.mp3,Amna,28474,post,It's locked. I can open it.,It's locked. I can open it.,It's locked i can open it,6,6,11.0,5,6
grade1_profile31205_q2_QK_20251122_100724.mp3,Amna,31205,post,It's locked. I can open it.,It's locked. I can open it.,It's locked i can open it,6,6,10.0,4,6
grade1_profile30481_q2_QK_20251122_100724.mp3,Amna,30481,post,It's locked. I can open it.,It's locked. I can open it.,It's locked i can open it,6,6,10.0,5,6
grade1_profile28456_q2_QK_20251122_100724.mp3,Ali,28456,post,It's locked. I can open it.,It's locked. I can open it. ,It's locked i can open it,6,6,11.0,5,6
grade1_profile28352_q2_LP_20251122_100201.mp3,Semal,28352,pre,It's locked. I can open it.,It its laad i can open it,It it's locked i can open it,4,6,11.0,5,6
grade1_profile30569_q2_QK_20251122_100724.mp3,Semal,30569,post,It's locked. I can open it.,Its logit i can open,It's locked i can open it,3,6,11.0,5,6
grade1_profile28401_q2_LP_20251122_100201.mp3,Semal,28401,pre,It's locked. I can open it.,Its lowked i can open it,It's locked i can open it,4,6,11.0,5,6
grade1_profile30490_q2_QK_20251122_100724.mp3,Semal,30490,post,It's locked. I can open it.,Its looked i can open it,It's locked i can open it,4,6,11.0,5,6
grade1_profile28510_q2_LP_20251122_100201.mp3,Semal,28510,pre,It's locked. I can open it.,It lock haena locked i can open it,It's locked locked i can open it,5,6,9.0,3,6
grade1_profile30822_q2_QK_20251122_100724.mp3,Semal,30822,post,It's locked. I can open it.,Its locked i can awpen it ,It's locked i can open it,4,6,11.0,5,6
grade1_profile28382_q2_LP_20251122_100201.mp3,Semal,28382,pre,It's locked. I can open it.,Is flock i can openly,It's locked i can open it,2,6,11.0,5,6
grade1_profile28423_q2_LP_20251122_100201.mp3,Semal,28423,pre,It's locked. I can open it.,Its locked i can open it,It's locked i can open it,5,6,12.0,6,6
grade1_profile30496_q2_QK_20251122_100724.mp3,Semal,30496,post,It's locked. I can open it.,Its logged i can awpen it,It's locked i can open it,3,6,11.0,5,6
grade1_profile28391_q2_LP_20251122_100201.mp3,Ali,28391,pre,It's locked. I can open it.,It's locked. I can open it. ,It's locked i can open it,6,6,12.0,6,6
grade1_profile28390_q2_LP_20251122_100201.mp3,Semal,28390,pre,It's locked. I can open it.,Its locked i can awpen it,It's locked i can open it,4,6,12.0,6,6
grade1_profile31192_q2_LP_20251122_100201.mp3,Semal,31192,pre,It's locked. I can open it.,Is lock I can awpen ick,It's locked i can open it,2,6,11.0,5,6
grade1_profile28428_q2_QK_20251122_100724.mp3,Semal,28428,post,It's locked. I can open it.,Its locked i can awpen it,It's locked i can open it,4,6,11.0,5,6
grade1_profile28363_q2_LP_20251122_100201.mp3,Ali,28363,pre,It's locked. I can open it.,It's lock. I can open it. ,It's locked i can open it,5,6,10.0,5,6
grade1_profile28369_q2_QK_20251122_100724.mp3,Semal,28369,post,It's locked. I can open it.,Its lock i can open it,It's locked i can open it,4,6,12.0,6,6
grade1_profile30586_q2_QK_20251122_100724.mp3,Semal,30586,post,It's locked. I can open it.,Its locked its locked i can open it i can open it,It's locked it's locked i can open it i can open it,5,6,12.0,6,6
grade1_profile28399_q2_LP_20251122_100201.mp3,Semal,28399,pre,It's locked. I can open it.,Its lock i can open,It's locked i can open it,3,6,11.0,5,6
grade1_profile28443_q2_QK_20251122_100724.mp3,Semal,28443,post,It's locked. I can open it.,Its locked i can open it,It's locked i can open it,5,6,12.0,6,6
grade1_profile28485_q2_QK_20251122_100724.mp3,Dania,28485,post,It's locked. I can open it.,It's lock. I can open it. ,It's locked i can open it,5,6,10.0,4,6
grade1_profile30823_q2_LP_20251122_100201.mp3,Dania,30823,pre,It's locked. I can open it.,It's locked. I can open it.,It's locked i can open it,6,6,9.0,4,6
grade1_profile28509_q1_LP_20251122_095026.mp3,Dania,28509,pre,Come on. We can do it together.,Come on. We can do eet together. ,Come on we do do it together,6,7,8.0,3,6
grade1_profile28403_q2_LP_20251122_100201.mp3,Dania,28403,pre,It's locked. I can open it.,It's lock. I can open it.,It's locked i can open it,5,6,11.0,5,6
grade1_profile28456_q2_QK_20251122_100724.mp3,Dania,28456,post,It's locked. I can open it.,It's loged. I can open it.,It's locked i can open it,5,6,11.0,5,6
grade1_profile28516_q1_QK_20251122_095622.mp3,Rehma,28516,post,Come on. We can do it together.,Come on. We can do it together,On we can do it together,7,7,11.0,5,6
grade1_profile30506_q2_LP_20251122_100201.mp3,Dania,30506,pre,It's locked. I can open it.,It's lock. I can open it. ,It's locked i can open it,5,6,11.0,5,6
grade1_profile28446_q2_LP_20251122_100201.mp3,Dania,28446,pre,It's locked. I can open it.,It's lock. I can open it. ,It's locked i can open it,5,6,12.0,6,6
grade1_profile31203_q2_LP_20251122_100201.mp3,Dania,31203,pre,It's locked. I can open it.,It's locked. I can open it.,It's locked i can open it,6,6,12.0,6,6
grade1_profile28470_q1_LP_20251122_095026.mp3,Rukhshan,28470,pre,Come on. We can do it together.,Assalam O Alaikum Ma'am. Come on. We can twogather,Come on it come come on we can together,4,7,8.0,3,6
grade1_profile30482_q2_LP_20251122_100201.mp3,Dania,30482,pre,It's locked. I can open it.,Iss lock. I can open it. ,It's locked i can open it,4,6,9.0,4,6
grade1_profile28387_q2_QK_20251122_100724.mp3,Rehma,28387,post,It's locked. I can open it.,It's lock. I can open it,It's locked i can open it,5,6,12.0,6,6
grade1_profile28402_q1_QK_20251122_095622.mp3,Rehma,28402,post,Come on. We can do it together.,Come on. We can do it toga,Come on we can do it,6,7,8.0,3,6
grade1_profile31207_q1_QK_20251122_095622.mp3,Rehma,31207,post,Come on. We can do it together.,Come aaaan. We can do it to,Come on we can do it,5,7,9.0,4,6
grade1_profile30490_q2_LP_20251122_100201.mp3,Rehma,30490,pre,It's locked. I can open it.,It's looked. I caann open it,It's locked i can open it,4,6,11.0,5,6
grade1_profile30476_q2_LP_20251122_100201.mp3,Rehma,30476,pre,It's locked. I can open it.,It's locked. I can open it,It's locked i can open it,6,6,11.0,5,6
grade1_profile28429_q2_LP_20251122_100201.mp3,Rehma,28429,pre,It's locked. I can open it.,It's locked. I can open it,It's locked i can open it,6,6,12.0,6,6
grade1_profile31207_q2_LP_20251122_100201.mp3,Rehma,31207,pre,It's locked. I can open it.,It's laacked. I can open it,It's locked i can open it,5,6,6.0,1,6
grade1_profile31284_q2_LP_20251122_100201.mp3,Rehma,31284,pre,It's locked. I can open it.,Isss locked. I can open it,It's locked i can open it,5,6,10.0,4,6
grade1_profile28398_q2_LP_20251122_100201.mp3,Rehma,28398,pre,It's locked. I can open it.,It's lock. I can open it.,It's locked i can open it,5,6,11.0,5,6
grade1_profile30822_q2_LP_20251122_100201.mp3,Rukhshan,30822,pre,It's locked. I can open it.,It's loocked. I can open it.,It's locked i can open it,5,6,11.0,5,6
grade1_profile31204_q2_QK_20251122_100724.mp3,Rukhshan,31204,post,It's locked. I can open it.,It's loked. I can open it.,It's locked i can open it,5,6,11.0,5,6
grade1_profile28441_q2_LP_20251122_100201.mp3,Rukhshan,28441,pre,It's locked. I can open it.,It's looked. I can awpen it.,It's locked i can open it,4,6,11.0,5,6
grade1_profile28392_q2_QK_20251122_100724.mp3,Rukhshan,28392,post,It's locked. I can open it.,It's locked. I can open it.,It's locked i can open it,6,6,11.0,5,6
grade1_profile30586_q2_LP_20251122_100201.mp3,Rukhshan,30586,pre,It's locked. I can open it.,It's locked. I can open it.,It's locked it's locked i can i can open it open it,6,6,11.0,5,6
grade1_profile28469_q2_QK_20251122_100724.mp3,Rukhshan,28469,post,It's locked. I can open it.,It's locked. I can open it.,It's locked i can open it,6,6,11.0,5,6
grade1_profile28510_q2_QK_20251122_100724.mp3,Rukhshan,28510,post,It's locked. I can open it.,It's locked. I can open it.,It's locked i can open it,6,6,11.0,5,6
grade1_profile30941_q2_QK_20251122_100724.mp3,Rukhshan,30941,post,It's locked. I can open it.,Ittt lock. Can pa a-pa-en eet it,It's locked can open it i it,1,6,7.0,2,6
grade1_profile28469_q2_LP_20251122_100201.mp3,Rukhshan,28469,pre,It's locked. I can open it.,Iz locked. I c-han open it.,It's locked i can open it,4,6,10.0,4,6
grade1_profile30485_q2_LP_20251122_100201.mp3,Rukhshan,30485,pre,It's locked. I can open it.,Ees lock. I can open it.,It's locked i can open it,4,6,9.0,4,6
grade1_profile30695_q2_QK_20251122_100724.mp3,Rukhshan,30695,post,It's locked. I can open it.,It's locked. I can open it.,It's locked i can open it,6,6,12.0,6,6
grade1_profile30840_q2_QK_20251122_100724.mp3,Rukhshan,30840,post,It's locked. I can open it.,It's locked. I can open it.,It's locked i can open it,6,6,9.0,4,6
grade1_profile31204_q2_LP_20251122_100201.mp3,Rukhshan,31204,pre,It's locked. I can open it.,It's locked. Eye c-han open it.,It's locked i can open it,4,6,11.0,5,6
grade1_profile28344_q2_QK_20251122_100724.mp3,Rukhshan,28344,post,It's locked. I can open it.,It's looked. I can open it.,It's locked i can open it,5,6,10.0,5,6
grade1_profile30472_q1_LP_20251122_095026.mp3,Dania,30472,pre,Come on. We can do it together.,welcome on. We an can do it together. ,Come on we can do it,6,7,9.0,3,6
grade1_profile30596_q2_QK_20251122_100724.mp3,Dania,30596,post,It's locked. I can open it.,parent recording ,It's locked i can open it,0,6,12.0,6,6
grade1_profile28375_q2_QK_20251122_100724.mp3,Dania,28375,post,It's locked. I can open it.,It is lock. I can open it. ,It it's locked i can open it,4,6,10.0,4,6
grade1_profile31284_q1_QK_20251122_095622.mp3,Rukhshan,31284,post,Come on. We can do it together.,Onnnn. We c-han do it together.,On on we can do it together,4,7,11.0,5,6
grade1_profile30630_q2_LP_20251122_100201.mp3,Dania,30630,pre,It's locked. I can open it.,It's lock. I can open it.,It's locked i can open it,5,6,11.0,5,6
grade1_profile30490_q2_QK_20251122_100724.mp3,Dania,30490,post,It's locked. I can open it.,It's loged. I can open it.,It's locked i can open it,5,6,11.0,5,6
grade1_profile30569_q1_LP_20251122_095026.mp3,Rukhshan,30569,pre,Come on. We can do it together.,Onnn. We can do it together.,On we can do it together,5,7,10.0,4,6
grade1_profile28398_q2_LP_20251122_100201.mp3,Rukhshan,28398,pre,It's locked. I can open it.,It's locked. I can open it.,It's locked i can open it,6,6,11.0,5,6
grade1_profile30684_q2_LP_20251122_100201.mp3,Rukhshan,30684,pre,It's locked. I can open it.,It's loked. I can open it.,It's locked i can open it,5,6,11.0,5,6
grade1_profile28516_q2_QK_20251122_100724.mp3,Rehma,28516,post,It's locked. I can open it.,Iss lock. I can open iit,It's locked i can open it,3,6,10.0,4,6
grade1_profile28443_q2_LP_20251122_100201.mp3,Rehma,28443,pre,It's locked. I can open it.,It's lock. I can open it.,It's locked i can open it,5,6,12.0,6,6
grade1_profile30485_q2_LP_20251122_100201.mp3,Rehma,30485,pre,It's locked. I can open it.,Isss loo. I can open it,It's locked i can open it,4,6,9.0,4,6
grade1_profile28355_q2_QK_20251122_100724.mp3,Rehma,28355,post,It's locked. I can open it.,It's lock. I can open e,It's locked i can open it,4,6,11.0,5,6
grade1_profile28518_q2_LP_20251122_100201.mp3,Rehma,28518,pre,It's locked. I can open it.,Iss lock. I can open iit,It's locked i can open it,3,6,9.0,3,6
grade1_profile30485_q2_QK_20251122_100724.mp3,Rehma,30485,post,It's locked. I can open it.,Iss lock. I can open iit,It's locked i can open it,3,6,9.0,3,6
grade1_profile28493_q1_LP_20251122_095026.mp3,Rehma,28493,pre,Come on. We can do it together.,Comon. We can do it together,Come on we can do it,5,7,7.0,1,6
grade1_profile30581_q2_LP_20251122_100201.mp3,Rehma,30581,pre,It's locked. I can open it.,It's isss lock. I can open it,It's it's locked i can open it,5,6,10.0,4,6
grade1_profile28450_q2_LP_20251122_100201.mp3,Rehma,28450,pre,It's locked. I can open it.,It's locked. I can open it.,It's locked i can open it,6,6,12.0,6,6
grade1_profile31205_q2_QK_20251122_100724.mp3,Rehma,31205,post,It's locked. I can open it.,Ss locked. i can open i,It's locked i can open it,4,6,10.0,4,6
grade1_profile30596_q2_LP_20251122_100201.mp3,Rehma,30596,pre,It's locked. I can open it.,It's lac kad. I can opin it,It's locked can i can open it,4,6,10.0,4,6
grade1_profile31184_q2_LP_20251122_100201.mp3,Rehma,31184,pre,It's locked. I can open it.,It's look. i can open it,It's locked i can open it,5,6,11.0,5,6
grade1_profile28509_q2_QK_20251122_100724.mp3,Rehma,28509,post,It's locked. I can open it.,It's loooord. I can open it,It's locked i can open it,5,6,9.0,4,6
grade1_profile30575_q2_LP_20251122_100201.mp3,Rehma,30575,pre,It's locked. I can open it.,It's lock. I can open it.,It's locked i can open it,5,6,9.0,3,6
grade1_profile28468_q2_QK_20251122_100724.mp3,Rehma,28468,post,It's locked. I can open it.,It's locked. I can open it.,It's locked i can open it,6,6,12.0,6,6
grade1_profile30626_q2_QK_20251122_100724.mp3,Rehma,30626,post,It's locked. I can open it.,It's locked. I can open it.,It's locked i can open it,6,6,11.0,5,6
grade1_profile28369_q2_QK_20251122_100724.mp3,Rehma,28369,post,It's locked. I can open it.,It's lock. I can open it,It's locked i can open it,5,6,12.0,6,6
grade1_profile30665_q2_LP_20251122_100201.mp3,Rehma,30665,pre,It's locked. I can open it.,It's looks. I can open it,It's locked locked i can open it i can open it,5,6,9.0,3,6
grade1_profile28466_q2_LP_20251122_100201.mp3,Rehma,28466,pre,It's locked. I can open it.,It's locked. I can open it.,It's locked i can open it,6,6,11.0,5,6
grade1_profile30633_q2_LP_20251122_100201.mp3,Rehma,30633,pre,It's locked. I can open it.,It's lock. I can open it,It's locked i can open it,5,6,10.0,5,6
grade1_profile28375_q2_QK_20251122_100724.mp3,Rehma,28375,post,It's locked. I can open it.,It is locked. I can open it,It it's locked i can open it,5,6,10.0,4,6
grade1_profile28446_q2_QK_20251122_100724.mp3,Rehma,28446,post,It's locked. I can open it.,sss locked. I can open it,It's locked i can open it,5,6,12.0,6,6
grade1_profile28438_q2_LP_20251122_100201.mp3,Rehma,28438,pre,It's locked. I can open it.,It's locked. I can open a,It's locked i can open it,5,6,10.0,5,6
grade1_profile28388_q2_LP_20251122_100201.mp3,Rehma,28388,pre,It's locked. I can open it.,Is it's lock. I can open it,It's locked i can open it,5,6,11.0,5,6
grade1_profile28451_q2_LP_20251122_100201.mp3,Rehma,28451,pre,It's locked. I can open it.,It is lock. I can open it,It it's locked i can open it,4,6,10.0,5,6
grade1_profile30506_q2_LP_20251122_100201.mp3,Rehma,30506,pre,It's locked. I can open it.,It's lock. I can open it. ,It's locked i can open it,5,6,11.0,5,6
grade1_profile28432_q2_LP_20251122_100201.mp3,Rehma,28432,pre,It's locked. I can open it.,It's locked. I can open it.,It's locked i can open it,6,6,12.0,6,6
grade1_profile28519_q2_QK_20251122_100724.mp3,Rehma,28519,post,It's locked. I can open it.,It's locked. I can open it.,It's locked i can open it,6,6,10.0,4,6
grade1_profile28432_q2_QK_20251122_100724.mp3,Rehma,28432,post,It's locked. I can open it.,It's locked. I can open it. ,It's locked i can open it,6,6,10.0,4,6
grade1_profile28421_q2_LP_20251122_100201.mp3,Rehma,28421,pre,It's locked. I can open it.,It's loooocked. I can open.,It's locked i can open it,4,6,11.0,5,6
grade1_profile30506_q2_QK_20251122_100724.mp3,Rehma,30506,post,It's locked. I can open it.,Look. I can open it,It's locked i can open it,4,6,11.0,5,6
grade1_profile28359_q2_QK_20251122_100724.mp3,Rehma,28359,post,It's locked. I can open it.,It's lokid. I caaan o opin it,It's it's locked it i can open open open,3,6,8.0,2,6
grade1_profile28364_q2_LP_20251122_100201.mp3,Rehma,28364,pre,It's locked. I can open it.,It's locked. I an open it,It's locked i can open it,5,6,10.0,4,6
grade1_profile30544_q2_QK_20251122_100724.mp3,Rehma,30544,post,It's locked. I can open it.,It's locked. I can open it.,It's locked i can open it,6,6,11.0,5,6
grade1_profile30823_q2_QK_20251122_100724.mp3,Rehma,30823,post,It's locked. I can open it.,It's looock. I can open it.,It's locked i can open it,5,6,11.0,5,6
grade1_profile28388_q2_QK_20251122_100724.mp3,Rehma,28388,post,It's locked. I can open it.,It's lock. I can't open it.,It's locked i can open it,4,6,10.0,5,6
grade1_profile28389_q2_LP_20251122_100201.mp3,Rehma,28389,pre,It's locked. I can open it.,It's lock. I can open e,It's locked i can open it,4,6,12.0,6,6
grade1_profile31203_q2_LP_20251122_100201.mp3,Rehma,31203,pre,It's locked. I can open it.,It's locked. I can open it. ,It's locked i can open it,6,6,12.0,6,6
grade1_profile28417_q2_LP_20251122_100201.mp3,Rehma,28417,pre,It's locked. I can open it.,It's locked. I can open it. ,It's locked i can open it,6,6,11.0,5,6
grade1_profile30544_q2_LP_20251122_100201.mp3,Rehma,30544,pre,It's locked. I can open it.,It's locked. I can open it. ,It's locked i can open it,6,6,9.0,3,6
grade1_profile28345_q2_QK_20251122_100724.mp3,Rehma,28345,post,It's locked. I can open it.,It's locked. I can open it. ,It's locked i can open it,6,6,12.0,6,6
grade1_profile28470_q2_LP_20251122_100201.mp3,Rehma,28470,pre,It's locked. I can open it.,It's loooock. I can open it,It's locked i can open it,5,6,9.0,3,6
grade1_profile28446_q2_LP_20251122_100201.mp3,Rehma,28446,pre,It's locked. I can open it.,It's lock. I can open it. ,It's locked i can open it,5,6,12.0,6,6
grade1_profile28362_q2_LP_20251122_100201.mp3,Rehma,28362,pre,It's locked. I can open it.,It's locked. I can apen it,It's locked i can open it,5,6,12.0,6,6
grade1_profile30633_q2_QK_20251122_100724.mp3,Amna,30633,post,It's locked. I can open it.,It's lock. I can open it.,It's locked i can open it,5,6,11.0,5,6
grade1_profile28350_q2_QK_20251122_100724.mp3,Rukhshan,28350,post,It's locked. I can open it.,It's lock. I can openeet,It's locked i can open it,3,6,11.0,5,6
grade1_profile28448_q2_QK_20251122_100724.mp3,Amna,28448,post,It's locked. I can open it.,It's locked. I can open it.,It's locked i can open it,6,6,11.0,5,6
grade1_profile28381_q2_LP_20251122_100201.mp3,Amna,28381,pre,It's locked. I can open it.,It's locked. I can open it.,It's locked i can open it,6,6,12.0,6,6
grade1_profile31206_q2_LP_20251122_100201.mp3,Amna,31206,pre,It's locked. I can open it.,It's locked. I can open it.,It's locked i can open it,6,6,12.0,6,6
grade1_profile28514_q2_QK_20251122_100724.mp3,Rukhshan,28514,post,It's locked. I can open it.,It's locked. I can awpen it.,It's locked i can open it,5,6,12.0,6,6
grade1_profile30630_q2_QK_20251122_100724.mp3,Rukhshan,30630,post,It's locked. I can open it.,It's lock. Eye can awpen it.,It's locked i can open it,3,6,7.0,1,6
grade1_profile28417_q2_QK_20251122_100724.mp3,Amna,28417,post,It's locked. I can open it.,This locked. I can open it.,It's locked i can open it,5,6,9.0,4,6
grade1_profile30472_q2_QK_20251122_100724.mp3,Dania,30472,post,It's locked. I can open it.,It's locked. I can open it.,It's locked i can open it,6,6,9.0,4,6
grade1_profile28347_q2_LP_20251122_100201.mp3,Dania,28347,pre,It's locked. I can open it.,It's locked. I cant open it.,It's locked i can open it,5,6,12.0,6,6
grade1_profile30589_q2_LP_20251122_100201.mp3,Rukhshan,30589,pre,It's locked. I can open it.,It's locked. Eyeee cann open eet.,It's locked i can open it,3,6,9.0,3,6
grade1_profile30569_q1_LP_20251122_095026.mp3,Salman,30569,pre,Come on. We can do it together.,come on. we can do it together.,On we can do it together,7,7,10.0,4,6
grade1_profile30481_q2_LP_20251122_100201.mp3,Amna,30481,pre,It's locked. I can open it.,It's locked. I can open it.,It's locked i can open it,6,6,9.0,4,6
grade1_profile28387_q2_LP_20251122_100201.mp3,Rukhshan,28387,pre,It's locked. I can open it.,It's-uh locked-uh. I can open it,It's locked i can open it,4,6,11.0,5,6
grade1_profile28391_q2_LP_20251122_100201.mp3,Amna,28391,pre,It's locked. I can open it.,It's locked. I can open it.,It's locked i can open it,6,6,12.0,6,6
grade1_profile30581_q2_QK_20251122_100724.mp3,Dania,30581,post,It's locked. I can open it.,It's logged. I can open it.,It's locked i can open it,5,6,11.0,5,6
grade1_profile31203_q2_QK_20251122_100724.mp3,Rukhshan,31203,post,It's locked. I can open it.,It's laacked. I can open it.,It's locked i can open it,5,6,10.0,4,6
grade1_profile30840_q2_LP_20251122_100201.mp3,Dania,30840,pre,It's locked. I can open it.,It's locked. I can open it.,It's locked i can open it,6,6,12.0,6,6
grade1_profile28451_q2_LP_20251122_100201.mp3,Salman,28451,pre,It's locked. I can open it.,It is lock. I can open it. ,It it's locked i can open it,4,6,10.0,5,6
grade1_profile28516_q2_QK_20251122_100724.mp3,Dania,28516,post,It's locked. I can open it.,It's lock. I can open it.,It's locked i can open it,5,6,10.0,4,6
grade1_profile28465_q2_QK_20251122_100724.mp3,Dania,28465,post,It's locked. I can open it.,It's lock. I can awpen it.,It's locked i can open it,4,6,11.0,5,6
grade1_profile30476_q2_QK_20251122_100724.mp3,Dania,30476,post,It's locked. I can open it.,It's lock. I can open it.,It's locked i can open it,5,6,11.0,5,6
grade1_profile30481_q2_QK_20251122_100724.mp3,Dania,30481,post,It's locked. I can open it.,It's looged. I can open it.,It's locked i can open it,5,6,10.0,5,6
grade1_profile30695_q2_QK_20251122_100724.mp3,Dania,30695,post,It's locked. I can open it.,parent recording ,It's locked i can open it,0,6,12.0,6,6
grade1_profile28349_q2_QK_20251122_100724.mp3,Dania,28349,post,It's locked. I can open it.,It's lock. I can open it.,It's locked i can open it,5,6,12.0,6,6
grade1_profile30569_q2_LP_20251122_100201.mp3,Dania,30569,pre,It's locked. I can open it.,It's lock. I can open it.,It's locked i can open it,5,6,11.0,5,6
grade1_profile28344_q2_QK_20251122_100724.mp3,Dania,28344,post,It's locked. I can open it.,It's loged. I can open it.,It's locked i can open it,5,6,10.0,5,6
grade1_profile28450_q2_QK_20251122_100724.mp3,Dania,28450,post,It's locked. I can open it.,parent recording ,It's locked i can open it,0,6,12.0,6,6
grade1_profile30575_q2_LP_20251122_100201.mp3,Dania,30575,pre,It's locked. I can open it.,It's lock. I can open it.,It's locked i can open it,5,6,9.0,3,6
grade1_profile30684_q2_LP_20251122_100201.mp3,Dania,30684,pre,It's locked. I can open it.,It's lock. I can open it.,It's locked i can open it,5,6,11.0,5,6
grade1_profile28509_q2_QK_20251122_100724.mp3,Dania,28509,post,It's locked. I can open it.,It's looged. I can open it.,It's locked i can open it,5,6,9.0,4,6
grade1_profile30823_q2_QK_20251122_100724.mp3,Dania,30823,post,It's locked. I can open it.,It's lock. I can open it.,It's locked i can open it,5,6,11.0,5,6
grade1_profile28392_q2_QK_20251122_100724.mp3,Dania,28392,post,It's locked. I can open it.,parent recording ,It's locked i can open it,0,6,11.0,5,6
grade1_profile28446_q2_QK_20251122_100724.mp3,Rukhshan,28446,post,It's locked. I can open it.,It's locked. I can open it.,It's locked i can open it,6,6,12.0,6,6
grade1_profile28465_q2_LP_20251122_100201.mp3,Rukhshan,28465,pre,It's locked. I can open it.,It's lock. I can open it.,It's locked i can open it,5,6,11.0,5,6
grade1_profile28381_q2_LP_20251122_100201.mp3,Salman,28381,pre,It's locked. I can open it.,It's locked. I can open it. ,It's locked i can open it,6,6,12.0,6,6
grade1_profile28441_q2_QK_20251122_100724.mp3,Rukhshan,28441,post,It's locked. I can open it.,It's locked. I can open it.,It's locked i can open it,6,6,11.0,5,6
grade1_profile28382_q2_QK_20251122_100724.mp3,Rukhshan,28382,post,It's locked. I can open it.,It's a lock. I can open it.,It's locked i can open it,5,6,11.0,5,6
grade1_profile28389_q2_QK_20251122_100724.mp3,Rukhshan,28389,post,It's locked. I can open it.,It's locked. I can open it.,It's locked i can open it,6,6,10.0,5,6
grade1_profile30586_q2_QK_20251122_100724.mp3,Rukhshan,30586,post,It's locked. I can open it.,It's locked. I can open it.,It's locked it's locked i can open it i can open it,6,6,12.0,6,6
grade1_profile28390_q2_LP_20251122_100201.mp3,Rukhshan,28390,pre,It's locked. I can open it.,It's locked. I can awpen it.,It's locked i can open it,5,6,12.0,6,6
grade1_profile28401_q2_LP_20251122_100201.mp3,Rukhshan,28401,pre,It's locked. I can open it.,It's loked. I can open it.,It's locked i can open it,5,6,11.0,5,6
grade1_profile28352_q2_QK_20251122_100724.mp3,Rukhshan,28352,post,It's locked. I can open it.,It's locked. I can open it.,It's locked i can open it,6,6,11.0,5,6
grade1_profile31361_q2_QK_20251122_100724.mp3,Salman,31361,post,It's locked. I can open it.,It's locked. I can open it. ,It's locked i can open it,6,6,11.0,5,6
grade1_profile28514_q2_QK_20251122_100724.mp3,Salman,28514,post,It's locked. I can open it.,It's locked. I can open it. ,It's locked i can open it,6,6,12.0,6,6
grade1_profile31207_q2_LP_20251122_100201.mp3,Salman,31207,pre,It's locked. I can open it.,It's locked. I can open it. ,It's locked i can open it,6,6,6.0,1,6
grade1_profile31293_q2_LP_20251122_100201.mp3,Rukhshan,31293,pre,It's locked. I can open it.,It's lock. I can open it.,It's locked i can open it,5,6,11.0,5,6
grade1_profile28421_q2_LP_20251122_100201.mp3,Rukhshan,28421,pre,It's locked. I can open it.,It's loocked. Eye can awpen ee,It's locked i can open it,2,6,11.0,5,6
grade1_profile28389_q2_LP_20251122_100201.mp3,Rukhshan,28389,pre,It's locked. I can open it.,It's locked. I can open eet.,It's locked i can open it,5,6,12.0,6,6
grade1_profile28448_q2_QK_20251122_100724.mp3,Salman,28448,post,It's locked. I can open it.,It's locked. I can open it. ,It's locked i can open it,6,6,11.0,5,6
grade1_profile28359_q2_QK_20251122_100724.mp3,Rukhshan,28359,post,It's locked. I can open it.,It's lockid. I can o-o-opin open e,It's it's locked it i can open open open,4,6,8.0,2,6
grade1_profile30496_q2_LP_20251122_100201.mp3,Salman,30496,pre,It's locked. I can open it.,It's locked. I can open it. ,It's locked i can open it,6,6,11.0,5,6
grade1_profile28498_q2_QK_20251122_100724.mp3,Rehma,28498,post,It's locked. I can open it.,It's locked. I can open.,It's locked i can open,5,6,9.0,4,5
grade1_profile28471_q2_LP_20251122_100201.mp3,Dania,28471,pre,It's locked. I can open it.,It's locked. I can open it. ,It locked i can open it,6,6,10.0,5,5
grade1_profile28371_q2_QK_20251122_100724.mp3,Rehma,28371,post,It's locked. I can open it.,It'ss lookid. I can topen I T it,It's it i can it open open i it it,3,6,7.0,2,5
grade1_profile30506_q3_QK_20251122_101834.mp3,Dania,30506,post,This is Zara. She loves to draw. This is Faiz. He loves to build things.,This is Z Zara. I this is draw. This is like draw.,Is this loves zara is this draw this is loves draw,6,15,8.0,3,5
grade1_profile28509_q2_LP_20251122_100201.mp3,Dania,28509,pre,It's locked. I can open it.,It's loged. I can open it.,It's locked i open it,5,6,7.0,3,5
grade1_profile30941_q2_LP_20251122_100201.mp3,Salman,30941,pre,It's locked. I can open it.,It's lock. I open it. ,It's locked i open it,4,6,8.0,3,5
grade1_profile28392_q1_LP_20251122_095026.mp3,Rehma,28392,pre,Come on. We can do it together.,Come on. You can do it,Come on do can do it,5,7,10.0,5,5
grade1_profile28425_q2_QK_20251122_100724.mp3,Semal,28425,post,It's locked. I can open it.,It's locked. I can open it.,It's i can open it,6,6,9.0,4,5
grade1_profile30941_q3_QK_20251122_101834.mp3,Amna,30941,post,This is Zara. She loves to draw. This is Faiz. He loves to build things.,This is Zara. She la va es a this is fa a az. he love to ba a - build ,Is she loves is is this this is he loves loves,9,15,7.0,2,5
grade1_profile30482_q2_QK_20251122_100724.mp3,Semal,30482,post,It's locked. I can open it.,It's look. I can open.,It's locked i can open,4,6,8.0,3,5
grade1_profile28509_q2_LP_20251122_100201.mp3,Abdullah,28509,pre,It's locked. I can open it.,eats load .... load.. eye can open it,It's locked i open it,3,6,7.0,3,5
grade1_profile28402_q1_LP_20251122_095026.mp3,Rehma,28402,pre,Come on. We can do it together.,Come oooo. We caaannnn do it to gether ,Come on do it together,4,7,6.0,2,5
grade1_profile30941_q3_QK_20251122_101834.mp3,Salman,30941,post,This is Zara. She loves to draw. This is Faiz. He loves to build things.,This is Zara. She love to a. This is . He love to bill thin. ,Is she loves is is this this is he loves loves,9,15,7.0,2,5
grade1_profile28473_q2_QK_20251122_100724.mp3,Rehma,28473,post,It's locked. I can open it.,It's lock. I can open it,Locked i can open it,5,6,9.0,4,5
grade1_profile28466_q2_QK_20251122_100724.mp3,Rehma,28466,post,It's locked. I can open it.,It's locked. I can open.,It's locked i can open,5,6,9.0,4,5
grade1_profile31207_q2_QK_20251122_100724.mp3,Abdullah,31207,post,It's locked. I can open it.,iss lawked. eye can open,It's locked i can open,2,6,7.0,2,5
grade1_profile30693_q3_LP_20251122_101304.mp3,Rehma,30693,pre,This is Zara. She loves to draw. This is Faiz. He loves to build things.,This is Salaa. She love to drraw. This Faiz. He love to build thing,This is zara she loves,9,15,8.0,4,5
grade1_profile30575_q1_LP_20251122_095026.mp3,Ali,30575,pre,Come on. We can do it together.,We can do it together.,Can we can do it together together,5,7,8.0,4,5
grade1_profile28425_q2_QK_20251122_100724.mp3,Rehma,28425,post,It's locked. I can open it.,It'sh rocked. I can open it,It's i can open it,4,6,9.0,4,5
grade1_profile28402_q2_QK_20251122_100724.mp3,Ali,28402,post,It's locked. I can open it.,It's lock. I can open. ,It's locked i can open,4,6,6.0,2,5
grade1_profile30482_q2_QK_20251122_100724.mp3,Rukhshan,30482,post,It's locked. I can open it.,It's looked. I can open it.,It's locked i can open,5,6,8.0,3,5
grade1_profile30941_q2_LP_20251122_100201.mp3,Dania,30941,pre,It's locked. I can open it.,It's locked. I open it. ,It's locked i open it,5,6,8.0,3,5
grade1_profile28468_q1_LP_20251122_095026.mp3,Semal,28468,pre,Come on. We can do it together.,Come on we can't gather,Come on we can together,3,7,6.0,2,5
grade1_profile28468_q2_LP_20251122_100201.mp3,Dania,28468,pre,It's locked. I can open it.,Iss lock. I open i e,It's locked i open it,1,6,9.0,4,5
grade1_profile28344_q1_QK_20251122_095622.mp3,Semal,28344,post,Come on. We can do it together.,We can do it to get,We can do it together,4,7,7.0,3,5
grade1_profile30472_q2_LP_20251122_100201.mp3,Dania,30472,pre,It's locked. I can open it.,It's locked. I I can pet it.,It's locked i can it,5,6,9.0,4,5
grade1_profile30506_q3_QK_20251122_101834.mp3,Rukhshan,30506,post,This is Zara. She loves to draw. This is Faiz. He loves to build things.,This is Zara. I. Is it draw. This is like draw.,Is this loves zara is this draw this is loves draw,6,15,8.0,3,5
grade1_profile28475_q2_LP_20251122_100201.mp3,Amna,28475,pre,It's locked. I can open it.,locked. I can open it,Locked i i can open it,5,6,7.0,2,5
grade1_profile30665_q1_LP_20251122_095026.mp3,Rukhshan,30665,pre,Come on. We can do it together.,On. Come on. We can do eet dogeder,Come on come on we can do,5,7,4.0,1,5
grade1_profile28392_q1_LP_20251122_095026.mp3,Semal,28392,pre,Come on. We can do it together.,Come on you can do it,Come on do can do it,5,7,10.0,5,5
grade1_profile28512_q2_LP_20251122_100201.mp3,Rukhshan,28512,pre,It's locked. I can open it.,Lock it. I can open it.,Locked it i can open it,4,6,9.0,4,5
grade1_profile28402_q2_QK_20251122_100724.mp3,Dania,28402,post,It's locked. I can open it.,It's lock. I can open.,It's locked i can open,4,6,6.0,2,5
grade1_profile31184_q1_LP_20251122_095026.mp3,Dania,31184,pre,Come on. We can do it together.,Come on. Let's do it together.,Come on do it together,5,7,9.0,4,5
grade1_profile28457_q2_QK_20251122_100724.mp3,Semal,28457,post,It's locked. I can open it.,Its locked i can open it,It's locked i can open,5,6,9.0,4,5
grade1_profile28385_q2_QK_20251122_100724.mp3,Ali,28385,post,It's locked. I can open it.,It's lock. I can open. ,It's locked i can open,4,6,8.0,3,5
grade1_profile28371_q2_QK_20251122_100724.mp3,Semal,28371,post,It's locked. I can open it.,Its loo kid eye can topen i eat,It's it i can it open open i it it,1,6,7.0,2,5
grade1_profile30472_q2_LP_20251122_100201.mp3,Semal,30472,pre,It's locked. I can open it.,Its its looked i can pick it ,It's locked i can it,3,6,9.0,4,5
grade1_profile30575_q1_LP_20251122_095026.mp3,Dania,30575,pre,Come on. We can do it together.,We can do it together.,Can we can do it together together,5,7,8.0,4,5
grade1_profile28468_q1_LP_20251122_095026.mp3,Amna,28468,pre,Come on. We can do it together.,Come on. We can gether.,Come on we can together,4,7,6.0,2,5
grade1_profile28345_q2_LP_20251122_100201.mp3,Dania,28345,pre,It's locked. I can open it.,lock. I can open it.,Locked i can open,4,6,6.0,2,4
grade1_profile28345_q2_LP_20251122_100201.mp3,Semal,28345,pre,It's locked. I can open it.,Lock. Eye can open i-.,Locked i can open,2,6,6.0,2,4
grade1_profile28376_q1_LP_20251122_095026.mp3,Rukhshan,28376,pre,Come on. We can do it together.,Come aan. Do et togather,Come on together it together,2,7,4.0,1,4
grade1_profile28498_q2_LP_20251122_100201.mp3,Salman,28498,pre,It's locked. I can open it.,It's looked. I can,It's locked i can,3,6,7.0,3,4
grade1_profile28395_q1_QK_20251122_095622.mp3,Rehma,28395,post,Come on. We can do it together.,Come on. We can do it  tooo gather.,Come on we can,6,7,4.0,0,4
grade1_profile28391_q1_QK_20251122_095622.mp3,Semal,28391,post,Come on. We can do it together.,We can do it do it to gather.,Can do it do it together,4,7,5.0,1,4
grade1_profile28519_q2_LP_20251122_100201.mp3,Rehma,28519,pre,It's locked. I can open it.,It's looock D. I can open it,Locked can open it,5,6,7.0,3,4
grade1_profile28391_q2_QK_20251122_100724.mp3,Semal,28391,post,It's locked. I can open it.,I can open it mumma,I can open it,4,6,8.0,4,4
grade1_profile28402_q2_LP_20251122_100201.mp3,Amna,28402,pre,It's locked. I can open it.,It's loot. I can open it.,I can open it,5,6,8.0,4,4
grade1_profile28390_q2_QK_20251122_100724.mp3,Amna,28390,post,It's locked. I can open it.,I can open it.,I can open it,4,6,8.0,4,4
grade1_profile28431_q2_QK_20251122_100724.mp3,Rehma,28431,post,It's locked. I can open it.,I can open it,I can open it,4,6,8.0,4,4
grade1_profile28376_q1_LP_20251122_095026.mp3,Rehma,28376,pre,Come on. We can do it together.,Come on. To kit together,Come on together it together,3,7,4.0,1,4
grade1_profile28431_q2_QK_20251122_100724.mp3,Amna,28431,post,It's locked. I can open it.,look. I can open it.,I can open it,4,6,8.0,4,4
grade1_profile28375_q2_LP_20251122_100201.mp3,Rehma,28375,pre,It's locked. I can open it.,Is looock. I can open it,It's locked i can,4,6,6.0,2,4
grade1_profile28391_q2_QK_20251122_100724.mp3,Salman,28391,post,It's locked. I can open it.,I can open it,I can open it,4,6,8.0,4,4
grade1_profile28390_q2_QK_20251122_100724.mp3,Dania,28390,post,It's locked. I can open it.,It. I can open it.,I can open it,4,6,8.0,4,4
grade1_profile28428_q2_LP_20251122_100201.mp3,Semal,28428,pre,It's locked. I can open it.,Its locked i can open it,I can open it,5,6,8.0,4,4
grade1_profile28498_q2_LP_20251122_100201.mp3,Dania,28498,pre,It's locked. I can open it.,It's looked. I can ,It's locked i can,3,6,7.0,3,4
grade1_profile28519_q2_LP_20251122_100201.mp3,Semal,28519,pre,It's locked. I can open it.,Its lock duh we khan open it,Locked can open it,2,6,7.0,3,4
grade1_profile30941_q1_LP_20251122_095026.mp3,Dania,30941,pre,Come on. We can do it together.,Come on. .... together. ,On do it it together,3,7,5.0,2,4
grade1_profile28395_q1_QK_20251122_095622.mp3,Rukhshan,28395,post,Come on. We can do it together.,Come on. We can do eet togader,Come on we can,5,7,4.0,0,4
grade1_profile28359_q1_QK_20251122_095622.mp3,Amna,28359,post,Come on. We can do it together.,camon. we can,Can on we can,2,7,4.0,1,3
grade1_profile28345_q1_LP_20251122_095026.mp3,Abdullah,28345,pre,Come on. We can do it together.,we can it ,We can it,3,7,6.0,3,3
grade1_profile30633_q1_LP_20251122_095026.mp3,Dania,30633,pre,Come on. We can do it together.,Come on. We want to together. We can do eet together.,Come on we,6,7,3.0,1,3
grade1_profile28359_q1_QK_20251122_095622.mp3,Ali,28359,post,Come on. We can do it together.,Can on we can,Can on we can,3,7,4.0,1,3
grade1_profile30693_q1_LP_20251122_095026.mp3,Rehma,30693,pre,Come on. We can do it together.,Onnn. We can do it gather,Come on do,4,7,1.0,0,3
grade1_profile30695_q1_LP_20251122_095026.mp3,Rehma,30695,pre,Come on. We can do it together.,Come on. We can do it dogather,Come on come on together together,6,7,4.0,2,3
grade1_profile28369_q1_LP_20251122_095026.mp3,Dania,28369,pre,Come on. We can do it together.,Come ooo,Come on,1,7,1.0,0,2
grade1_profile28485_q1_LP_20251122_095026.mp3,Rehma,28485,pre,Come on. We can do it together.,Come on,Come on,2,7,4.0,2,2
grade1_profile28369_q2_LP_20251122_100201.mp3,Rukhshan,28369,pre,It's locked. I can open it.,It's laacked.,It's it,1,6,4.0,2,2
grade1_profile28392_q2_LP_20251122_100201.mp3,Semal,28392,pre,It's locked. I can open it.,Come on you can do it together,Can it,2,6,3.0,1,2
grade1_profile28369_q1_LP_20251122_095026.mp3,Rehma,28369,pre,Come on. We can do it together.,Come o,Come on,1,7,1.0,0,2
grade1_profile28385_q3_LP_20251122_101304.mp3,Amna,28385,pre,This is Zara. She loves to draw. This is Faiz. He loves to build things.,It's lock. I can open it. it,Is loves,0,15,1.0,0,2
grade1_profile28395_q1_LP_20251122_095026.mp3,Semal,28395,pre,Come on. We can do it together.,We can. ,We can,2,7,1.0,0,2
grade1_profile28369_q2_LP_20251122_100201.mp3,Semal,28369,pre,It's locked. I can open it.,It is uh. ,It's it,0,6,4.0,2,2
grade1_profile28385_q3_LP_20251122_101304.mp3,Dania,28385,pre,This is Zara. She loves to draw. This is Faiz. He loves to build things.,It's lock. I can open it. it.,Is loves,0,15,1.0,0,2
grade1_profile28388_q1_LP_20251122_095026.mp3,Abdullah,28388,pre,Come on. We can do it together.,I have done,Can,0,7,1.0,0,1
grade1_profile28512_q3_LP_20251122_101304.mp3,Amna,28512,pre,This is Zara. She loves to draw. This is Faiz. He loves to build things.,Aoa. ye mushkil reading hay. mai ye nahe kar sakti.,Is,0,15,2.0,1,1
grade1_profile28485_q2_LP_20251122_100201.mp3,Semal,28485,pre,It's locked. I can open it.,It is.,It it,0,6,2.0,1,1
grade1_profile28443_q3_QK_20251122_101834.mp3,Ali,28443,post,This is Zara. She loves to draw. This is Faiz. He loves to build things.,I am good,Faiz,0,15,1.0,0,1
grade1_profile28385_q1_LP_20251122_095026.mp3,Rukhshan,28385,pre,Come on. We can do it together.,Yes I do,Do,1,7,1.0,0,1
grade1_profile30693_q2_QK_20251122_100724.mp3,Amna,30693,post,It's locked. I can open it.,-,,0,6,,0,0
grade1_profile30693_q1_QK_20251122_095622.mp3,Dania,30693,post,Come on. We can do it together.,-,,0,7,,0,0
grade1_profile28428_q1_LP_20251122_095026.mp3,Dania,28428,pre,Come on. We can do it together.,-,,0,7,,0,0
grade1_profile28395_q2_LP_20251122_100201.mp3,Dania,28395,pre,It's locked. I can open it.,Come on. We can do iit together. ,,1,6,,0,0
grade1_profile28493_q3_LP_20251122_101304.mp3,Rehma,28493,pre,This is Zara. She loves to draw. This is Faiz. He loves to build things.,-,,0,15,,0,0
grade1_profile28399_q3_LP_20251122_101304.mp3,Rehma,28399,pre,This is Zara. She loves to draw. This is Faiz. He loves to build things.,Come on. We can,,0,15,,0,0
grade1_profile28399_q3_LP_20251122_101304.mp3,Amna,28399,pre,This is Zara. She loves to draw. This is Faiz. He loves to build things.,come on. we,,0,15,,0,0
grade1_profile30693_q2_QK_20251122_100724.mp3,Rehma,30693,post,It's locked. I can open it.,-,,0,6,,0,0
grade1_profile28387_q1_LP_20251122_095026.mp3,Dania,28387,pre,Come on. We can do it together.,-,,0,7,,0,0
grade1_profile28385_q2_LP_20251122_100201.mp3,Semal,28385,pre,It's locked. I can open it.,Yes,,0,6,,0,0
grade1_profile30693_q3_QK_20251122_101834.mp3,Rehma,30693,post,This is Zara. She loves to draw. This is Faiz. He loves to build things.,-,,0,15,,0,0
grade1_profile28399_q1_LP_20251122_095026.mp3,Amna,28399,pre,Come on. We can do it together.,Aoa Mam,,0,7,,0,0
grade1_profile28385_q2_LP_20251122_100201.mp3,Dania,28385,pre,It's locked. I can open it.,Yes.,,0,6,,0,0
