audio_file_name,word,human_correct,human_grader,profile_id,pre_or_post,question_clean,word_position,total_ref_words,ai_correct,agree
grade1_profile28344_q1_LP_20251122_095026.mp3,can,1,Semal,28344,pre,Come on. We can do it together.,3,7,0,0
grade1_profile28344_q1_LP_20251122_095026.mp3,come,0,Semal,28344,pre,Come on. We can do it together.,0,7,0,1
grade1_profile28344_q1_LP_20251122_095026.mp3,do,1,Semal,28344,pre,Come on. We can do it together.,4,7,1,1
grade1_profile28344_q1_LP_20251122_095026.mp3,it,0,Semal,28344,pre,Come on. We can do it together.,5,7,1,0
grade1_profile28344_q1_LP_20251122_095026.mp3,on,1,Semal,28344,pre,Come on. We can do it together.,1,7,0,0
grade1_profile28344_q1_LP_20251122_095026.mp3,together,1,Semal,28344,pre,Come on. We can do it together.,6,7,0,0
grade1_profile28344_q1_LP_20251122_095026.mp3,we,1,Semal,28344,pre,Come on. We can do it together.,2,7,0,0
grade1_profile28344_q1_QK_20251122_095622.mp3,can,1,Semal,28344,post,Come on. We can do it together.,3,7,1,1
grade1_profile28344_q1_QK_20251122_095622.mp3,do,1,Semal,28344,post,Come on. We can do it together.,4,7,1,1
grade1_profile28344_q1_QK_20251122_095622.mp3,it,1,Semal,28344,post,Come on. We can do it together.,5,7,1,1
grade1_profile28344_q1_QK_20251122_095622.mp3,together,0,Semal,28344,post,Come on. We can do it together.,6,7,0,1
grade1_profile28344_q1_QK_20251122_095622.mp3,we,1,Semal,28344,post,Come on. We can do it together.,2,7,0,0
grade1_profile28344_q2_LP_20251122_100201.mp3,can,1,Abdullah,28344,pre,It's locked. I can open it.,3,6,1,1
grade1_profile28344_q2_LP_20251122_100201.mp3,i,1,Abdullah,28344,pre,It's locked. I can open it.,2,6,1,1
grade1_profile28344_q2_LP_20251122_100201.mp3,it,1,Abdullah,28344,pre,It's locked. I can open it.,5,6,1,1
grade1_profile28344_q2_LP_20251122_100201.mp3,it's,0,Abdullah,28344,pre,It's locked. I can open it.,0,6,1,0
grade1_profile28344_q2_LP_20251122_100201.mp3,locked,0,Abdullah,28344,pre,It's locked. I can open it.,1,6,0,1
grade1_profile28344_q2_LP_20251122_100201.mp3,open,1,Abdullah,28344,pre,It's locked. I can open it.,4,6,1,1
grade1_profile28344_q2_QK_20251122_100724.mp3,can,1,Rukhshan,28344,post,It's locked. I can open it.,3,6,1,1
grade1_profile28344_q2_QK_20251122_100724.mp3,i,1,Rukhshan,28344,post,It's locked. I can open it.,2,6,1,1
grade1_profile28344_q2_QK_20251122_100724.mp3,it,1,Rukhshan,28344,post,It's locked. I can open it.,5,6,1,1
grade1_profile28344_q2_QK_20251122_100724.mp3,it's,1,Rukhshan,28344,post,It's locked. I can open it.,0,6,1,1
grade1_profile28344_q2_QK_20251122_100724.mp3,locked,0,Rukhshan,28344,post,It's locked. I can open it.,1,6,0,1
grade1_profile28344_q2_QK_20251122_100724.mp3,open,1,Rukhshan,28344,post,It's locked. I can open it.,4,6,1,1
grade1_profile28344_q3_LP_20251122_101304.mp3,build,1,Salman,28344,pre,This is Zara. She loves to draw. This is Faiz. He loves to build things.,13,15,0,0
grade1_profile28344_q3_LP_20251122_101304.mp3,draw,1,Salman,28344,pre,This is Zara. She loves to draw. This is Faiz. He loves to build things.,6,15,0,0
grade1_profile28344_q3_LP_20251122_101304.mp3,faiz,1,Salman,28344,pre,This is Zara. She loves to draw. This is Faiz. He loves to build things.,9,15,0,0
grade1_profile28344_q3_LP_20251122_101304.mp3,he,1,Salman,28344,pre,This is Zara. She loves to draw. This is Faiz. He loves to build things.,10,15,1,1
grade1_profile28344_q3_LP_20251122_101304.mp3,is,1,Salman,28344,pre,This is Zara. She loves to draw. This is Faiz. He loves to build things.,1,15,1,1
grade1_profile28344_q3_LP_20251122_101304.mp3,loves,1,Salman,28344,pre,This is Zara. She loves to draw. This is Faiz. He loves to build things.,4,15,1,1
grade1_profile28344_q3_LP_20251122_101304.mp3,she,1,Salman,28344,pre,This is Zara. She loves to draw. This is Faiz. He loves to build things.,3,15,1,1
grade1_profile28344_q3_LP_20251122_101304.mp3,things,1,Salman,28344,pre,This is Zara. She loves to draw. This is Faiz. He loves to build things.,14,15,0,0
grade1_profile28344_q3_LP_20251122_101304.mp3,this,1,Salman,28344,pre,This is Zara. She loves to draw. This is Faiz. He loves to build things.,0,15,1,1
grade1_profile28344_q3_LP_20251122_101304.mp3,to,1,Salman,28344,pre,This is Zara. She loves to draw. This is Faiz. He loves to build things.,5,15,1,1
grade1_profile28344_q3_LP_20251122_101304.mp3,zara,1,Salman,28344,pre,This is Zara. She loves to draw. This is Faiz. He loves to build things.,2,15,1,1
grade1_profile28344_q3_QK_20251122_101834.mp3,build,1,Rehma,28344,post,This is Zara. She loves to draw. This is Faiz. He loves to build things.,13,15,0,0
grade1_profile28344_q3_QK_20251122_101834.mp3,draw,1,Rehma,28344,post,This is Zara. She loves to draw. This is Faiz. He loves to build things.,6,15,1,1
grade1_profile28344_q3_QK_20251122_101834.mp3,faiz,1,Rehma,28344,post,This is Zara. She loves to draw. This is Faiz. He loves to build things.,9,15,0,0
grade1_profile28344_q3_QK_20251122_101834.mp3,he,1,Rehma,28344,post,This is Zara. She loves to draw. This is Faiz. He loves to build things.,10,15,1,1
grade1_profile28344_q3_QK_20251122_101834.mp3,is,0,Rehma,28344,post,This is Zara. She loves to draw. This is Faiz. He loves to build things.,1,15,1,0
grade1_profile28344_q3_QK_20251122_101834.mp3,loves,1,Rehma,28344,post,This is Zara. She loves to draw. This is Faiz. He loves to build things.,4,15,1,1
grade1_profile28344_q3_QK_20251122_101834.mp3,she,1,Rehma,28344,post,This is Zara. She loves to draw. This is Faiz. He loves to build things.,3,15,1,1
grade1_profile28344_q3_QK_20251122_101834.mp3,things,0,Rehma,28344,post,This is Zara. She loves to draw. This is Faiz. He loves to build things.,14,15,0,1
grade1_profile28344_q3_QK_20251122_101834.mp3,this,0,Rehma,28344,post,This is Zara. She loves to draw. This is Faiz. He loves to build things.,0,15,1,0
grade1_profile28344_q3_QK_20251122_101834.mp3,to,1,Rehma,28344,post,This is Zara. She loves to draw. This is Faiz. He loves to build things.,5,15,1,1
grade1_profile28344_q3_QK_20251122_101834.mp3,zara,1,Rehma,28344,post,This is Zara. She loves to draw. This is Faiz. He loves to build things.,2,15,0,0
grade1_profile28345_q1_LP_20251122_095026.mp3,can,1,Abdullah,28345,pre,Come on. We can do it together.,3,7,1,1
grade1_profile28345_q1_LP_20251122_095026.mp3,it,1,Abdullah,28345,pre,Come on. We can do it together.,5,7,1,1
grade1_profile28345_q1_LP_20251122_095026.mp3,we,1,Abdullah,28345,pre,Come on. We can do it together.,2,7,1,1
grade1_profile28345_q1_QK_20251122_095622.mp3,can,1,Dania,28345,post,Come on. We can do it together.,3,7,1,1
grade1_profile28345_q1_QK_20251122_095622.mp3,come,1,Dania,28345,post,Come on. We can do it together.,0,7,1,1
grade1_profile28345_q1_QK_20251122_095622.mp3,do,1,Dania,28345,post,Come on. We can do it together.,4,7,1,1
grade1_profile28345_q1_QK_20251122_095622.mp3,it,1,Dania,28345,post,Come on. We can do it together.,5,7,1,1
grade1_profile28345_q1_QK_20251122_095622.mp3,on,1,Dania,28345,post,Come on. We can do it together.,1,7,1,1
grade1_profile28345_q1_QK_20251122_095622.mp3,together,1,Dania,28345,post,Come on. We can do it together.,6,7,1,1
grade1_profile28345_q1_QK_20251122_095622.mp3,we,1,Dania,28345,post,Come on. We can do it together.,2,7,1,1
grade1_profile28345_q2_LP_20251122_100201.mp3,can,1,Dania,28345,pre,It's locked. I can open it.,3,6,1,1
grade1_profile28345_q2_LP_20251122_100201.mp3,i,1,Dania,28345,pre,It's locked. I can open it.,2,6,1,1
grade1_profile28345_q2_LP_20251122_100201.mp3,locked,0,Dania,28345,pre,It's locked. I can open it.,1,6,0,1
grade1_profile28345_q2_LP_20251122_100201.mp3,open,1,Dania,28345,pre,It's locked. I can open it.,4,6,0,0
grade1_profile28345_q2_QK_20251122_100724.mp3,can,1,Rehma,28345,post,It's locked. I can open it.,3,6,1,1
grade1_profile28345_q2_QK_20251122_100724.mp3,i,1,Rehma,28345,post,It's locked. I can open it.,2,6,1,1
grade1_profile28345_q2_QK_20251122_100724.mp3,it,1,Rehma,28345,post,It's locked. I can open it.,5,6,1,1
grade1_profile28345_q2_QK_20251122_100724.mp3,it's,1,Rehma,28345,post,It's locked. I can open it.,0,6,1,1
grade1_profile28345_q2_QK_20251122_100724.mp3,locked,1,Rehma,28345,post,It's locked. I can open it.,1,6,1,1
grade1_profile28345_q2_QK_20251122_100724.mp3,open,1,Rehma,28345,post,It's locked. I can open it.,4,6,1,1
grade1_profile28345_q3_LP_20251122_101304.mp3,build,1,Amna,28345,pre,This is Zara. She loves to draw. This is Faiz. He loves to build things.,13,15,1,1
grade1_profile28345_q3_LP_20251122_101304.mp3,draw,1,Amna,28345,pre,This is Zara. She loves to draw. This is Faiz. He loves to build things.,6,15,1,1
grade1_profile28345_q3_LP_20251122_101304.mp3,faiz,1,Amna,28345,pre,This is Zara. She loves to draw. This is Faiz. He loves to build things.,9,15,0,0
grade1_profile28345_q3_LP_20251122_101304.mp3,he,1,Amna,28345,pre,This is Zara. She loves to draw. This is Faiz. He loves to build things.,10,15,1,1
grade1_profile28345_q3_LP_20251122_101304.mp3,is,1,Amna,28345,pre,This is Zara. She loves to draw. This is Faiz. He loves to build things.,1,15,1,1
grade1_profile28345_q3_LP_20251122_101304.mp3,loves,1,Amna,28345,pre,This is Zara. She loves to draw. This is Faiz. He loves to build things.,4,15,1,1
grade1_profile28345_q3_LP_20251122_101304.mp3,she,1,Amna,28345,pre,This is Zara. She loves to draw. This is Faiz. He loves to build things.,3,15,1,1
grade1_profile28345_q3_LP_20251122_101304.mp3,things,1,Amna,28345,pre,This is Zara. She loves to draw. This is Faiz. He loves to build things.,14,15,1,1
grade1_profile28345_q3_LP_20251122_101304.mp3,this,1,Amna,28345,pre,This is Zara. She loves to draw. This is Faiz. He loves to build things.,0,15,1,1
grade1_profile28345_q3_LP_20251122_101304.mp3,to,1,Amna,28345,pre,This is Zara. She loves to draw. This is Faiz. He loves to build things.,5,15,1,1
grade1_profile28345_q3_LP_20251122_101304.mp3,zara,1,Amna,28345,pre,This is Zara. She loves to draw. This is Faiz. He loves to build things.,2,15,1,1
grade1_profile28345_q3_QK_20251122_101834.mp3,build,0,Semal,28345,post,This is Zara. She loves to draw. This is Faiz. He loves to build things.,13,15,1,0
grade1_profile28345_q3_QK_20251122_101834.mp3,draw,1,Semal,28345,post,This is Zara. She loves to draw. This is Faiz. He loves to build things.,6,15,1,1
grade1_profile28345_q3_QK_20251122_101834.mp3,faiz,1,Semal,28345,post,This is Zara. She loves to draw. This is Faiz. He loves to build things.,9,15,0,0
grade1_profile28345_q3_QK_20251122_101834.mp3,he,1,Semal,28345,post,This is Zara. She loves to draw. This is Faiz. He loves to build things.,10,15,1,1
grade1_profile28345_q3_QK_20251122_101834.mp3,is,1,Semal,28345,post,This is Zara. She loves to draw. This is Faiz. He loves to build things.,1,15,1,1
grade1_profile28345_q3_QK_20251122_101834.mp3,loves,1,Semal,28345,post,This is Zara. She loves to draw. This is Faiz. He loves to build things.,4,15,1,1
grade1_profile28345_q3_QK_20251122_101834.mp3,she,1,Semal,28345,post,This is Zara. She loves to draw. This is Faiz. He loves to build things.,3,15,1,1
grade1_profile28345_q3_QK_20251122_101834.mp3,things,1,Semal,28345,post,This is Zara. She loves to draw. This is Faiz. He loves to build things.,14,15,1,1
grade1_profile28345_q3_QK_20251122_101834.mp3,this,1,Semal,28345,post,This is Zara. She loves to draw. This is Faiz. He loves to build things.,0,15,1,1
grade1_profile28345_q3_QK_20251122_101834.mp3,to,1,Semal,28345,post,This is Zara. She loves to draw. This is Faiz. He loves to build things.,5,15,1,1
grade1_profile28345_q3_QK_20251122_101834.mp3,zara,1,Semal,28345,post,This is Zara. She loves to draw. This is Faiz. He loves to build things.,2,15,1,1
grade1_profile28347_q1_LP_20251122_095026.mp3,can,1,Semal,28347,pre,Come on. We can do it together.,3,7,1,1
grade1_profile28347_q1_LP_20251122_095026.mp3,come,1,Semal,28347,pre,Come on. We can do it together.,0,7,1,1
grade1_profile28347_q1_LP_20251122_095026.mp3,do,1,Semal,28347,pre,Come on. We can do it together.,4,7,1,1
grade1_profile28347_q1_LP_20251122_095026.mp3,it,1,Semal,28347,pre,Come on. We can do it together.,5,7,1,1
grade1_profile28347_q1_LP_20251122_095026.mp3,on,1,Semal,28347,pre,Come on. We can do it together.,1,7,1,1
grade1_profile28347_q1_LP_20251122_095026.mp3,together,0,Semal,28347,pre,Come on. We can do it together.,6,7,0,1
grade1_profile28347_q1_LP_20251122_095026.mp3,we,1,Semal,28347,pre,Come on. We can do it together.,2,7,1,1
grade1_profile28347_q1_QK_20251122_095622.mp3,can,1,Semal,28347,post,Come on. We can do it together.,3,7,1,1
grade1_profile28347_q1_QK_20251122_095622.mp3,come,1,Semal,28347,post,Come on. We can do it together.,0,7,1,1
grade1_profile28347_q1_QK_20251122_095622.mp3,do,1,Semal,28347,post,Come on. We can do it together.,4,7,1,1
grade1_profile28347_q1_QK_20251122_095622.mp3,it,1,Semal,28347,post,Come on. We can do it together.,5,7,1,1
grade1_profile28347_q1_QK_20251122_095622.mp3,on,0,Semal,28347,post,Come on. We can do it together.,1,7,1,0
grade1_profile28347_q1_QK_20251122_095622.mp3,together,1,Semal,28347,post,Come on. We can do it together.,6,7,1,1
grade1_profile28347_q1_QK_20251122_095622.mp3,we,1,Semal,28347,post,Come on. We can do it together.,2,7,1,1
grade1_profile28347_q2_LP_20251122_100201.mp3,can,0,Dania,28347,pre,It's locked. I can open it.,3,6,1,0
grade1_profile28347_q2_LP_20251122_100201.mp3,i,1,Dania,28347,pre,It's locked. I can open it.,2,6,1,1
grade1_profile28347_q2_LP_20251122_100201.mp3,it,1,Dania,28347,pre,It's locked. I can open it.,5,6,1,1
grade1_profile28347_q2_LP_20251122_100201.mp3,it's,1,Dania,28347,pre,It's locked. I can open it.,0,6,1,1
grade1_profile28347_q2_LP_20251122_100201.mp3,locked,1,Dania,28347,pre,It's locked. I can open it.,1,6,1,1
grade1_profile28347_q2_LP_20251122_100201.mp3,open,1,Dania,28347,pre,It's locked. I can open it.,4,6,1,1
grade1_profile28347_q2_QK_20251122_100724.mp3,can,1,Amna,28347,post,It's locked. I can open it.,3,6,1,1
grade1_profile28347_q2_QK_20251122_100724.mp3,i,1,Amna,28347,post,It's locked. I can open it.,2,6,1,1
grade1_profile28347_q2_QK_20251122_100724.mp3,it,1,Amna,28347,post,It's locked. I can open it.,5,6,1,1
grade1_profile28347_q2_QK_20251122_100724.mp3,it's,1,Amna,28347,post,It's locked. I can open it.,0,6,1,1
grade1_profile28347_q2_QK_20251122_100724.mp3,locked,0,Amna,28347,post,It's locked. I can open it.,1,6,1,0
grade1_profile28347_q2_QK_20251122_100724.mp3,open,1,Amna,28347,post,It's locked. I can open it.,4,6,1,1
grade1_profile28347_q3_LP_20251122_101304.mp3,build,1,Dania,28347,pre,This is Zara. She loves to draw. This is Faiz. He loves to build things.,13,15,1,1
grade1_profile28347_q3_LP_20251122_101304.mp3,is,1,Dania,28347,pre,This is Zara. She loves to draw. This is Faiz. He loves to build things.,1,15,1,1
grade1_profile28347_q3_LP_20251122_101304.mp3,loves,0,Dania,28347,pre,This is Zara. She loves to draw. This is Faiz. He loves to build things.,4,15,1,0
grade1_profile28347_q3_LP_20251122_101304.mp3,she,1,Dania,28347,pre,This is Zara. She loves to draw. This is Faiz. He loves to build things.,3,15,1,1
grade1_profile28347_q3_LP_20251122_101304.mp3,things,1,Dania,28347,pre,This is Zara. She loves to draw. This is Faiz. He loves to build things.,14,15,0,0
grade1_profile28347_q3_LP_20251122_101304.mp3,this,1,Dania,28347,pre,This is Zara. She loves to draw. This is Faiz. He loves to build things.,0,15,1,1
grade1_profile28347_q3_LP_20251122_101304.mp3,to,0,Dania,28347,pre,This is Zara. She loves to draw. This is Faiz. He loves to build things.,5,15,0,1
grade1_profile28347_q3_LP_20251122_101304.mp3,zara,1,Dania,28347,pre,This is Zara. She loves to draw. This is Faiz. He loves to build things.,2,15,0,0
grade1_profile28347_q3_QK_20251122_101834.mp3,build,1,Rukhshan,28347,post,This is Zara. She loves to draw. This is Faiz. He loves to build things.,13,15,1,1
grade1_profile28347_q3_QK_20251122_101834.mp3,draw,1,Rukhshan,28347,post,This is Zara. She loves to draw. This is Faiz. He loves to build things.,6,15,1,1
grade1_profile28347_q3_QK_20251122_101834.mp3,faiz,1,Rukhshan,28347,post,This is Zara. She loves to draw. This is Faiz. He loves to build things.,9,15,1,1
grade1_profile28347_q3_QK_20251122_101834.mp3,he,1,Rukhshan,28347,post,This is Zara. She loves to draw. This is Faiz. He loves to build things.,10,15,1,1
grade1_profile28347_q3_QK_20251122_101834.mp3,is,1,Rukhshan,28347,post,This is Zara. She loves to draw. This is Faiz. He loves to build things.,1,15,1,1
grade1_profile28347_q3_QK_20251122_101834.mp3,loves,1,Rukhshan,28347,post,This is Zara. She loves to draw. This is Faiz. He loves to build things.,4,15,1,1
grade1_profile28347_q3_QK_20251122_101834.mp3,she,1,Rukhshan,28347,post,This is Zara. She loves to draw. This is Faiz. He loves to build things.,3,15,1,1
grade1_profile28347_q3_QK_20251122_101834.mp3,things,1,Rukhshan,28347,post,This is Zara. She loves to draw. This is Faiz. He loves to build things.,14,15,1,1
grade1_profile28347_q3_QK_20251122_101834.mp3,this,1,Rukhshan,28347,post,This is Zara. She loves to draw. This is Faiz. He loves to build things.,0,15,1,1
grade1_profile28347_q3_QK_20251122_101834.mp3,to,1,Rukhshan,28347,post,This is Zara. She loves to draw. This is Faiz. He loves to build things.,5,15,1,1
grade1_profile28347_q3_QK_20251122_101834.mp3,zara,1,Rukhshan,28347,post,This is Zara. She loves to draw. This is Faiz. He loves to build things.,2,15,1,1
grade1_profile28349_q1_LP_20251122_095026.mp3,can,1,Rehma,28349,pre,Come on. We can do it together.,3,7,1,1
grade1_profile28349_q1_LP_20251122_095026.mp3,come,1,Rehma,28349,pre,Come on. We can do it together.,0,7,1,1
grade1_profile28349_q1_LP_20251122_095026.mp3,do,1,Rehma,28349,pre,Come on. We can do it together.,4,7,1,1
grade1_profile28349_q1_LP_20251122_095026.mp3,it,1,Rehma,28349,pre,Come on. We can do it together.,5,7,1,1
grade1_profile28349_q1_LP_20251122_095026.mp3,on,1,Rehma,28349,pre,Come on. We can do it together.,1,7,0,0
grade1_profile28349_q1_LP_20251122_095026.mp3,together,1,Rehma,28349,pre,Come on. We can do it together.,6,7,0,0
grade1_profile28349_q1_LP_20251122_095026.mp3,we,1,Rehma,28349,pre,Come on. We can do it together.,2,7,0,0
grade1_profile28349_q1_QK_20251122_095622.mp3,can,1,Semal,28349,post,Come on. We can do it together.,3,7,1,1
grade1_profile28349_q1_QK_20251122_095622.mp3,come,1,Semal,28349,post,Come on. We can do it together.,0,7,1,1
grade1_profile28349_q1_QK_20251122_095622.mp3,do,1,Semal,28349,post,Come on. We can do it together.,4,7,1,1
grade1_profile28349_q1_QK_20251122_095622.mp3,it,0,Semal,28349,post,Come on. We can do it together.,5,7,1,0
grade1_profile28349_q1_QK_20251122_095622.mp3,on,1,Semal,28349,post,Come on. We can do it together.,1,7,1,1
grade1_profile28349_q1_QK_20251122_095622.mp3,together,0,Semal,28349,post,Come on. We can do it together.,6,7,0,1
grade1_profile28349_q1_QK_20251122_095622.mp3,we,1,Semal,28349,post,Come on. We can do it together.,2,7,1,1
grade1_profile28349_q2_QK_20251122_100724.mp3,can,1,Dania,28349,post,It's locked. I can open it.,3,6,1,1
grade1_profile28349_q2_QK_20251122_100724.mp3,i,1,Dania,28349,post,It's locked. I can open it.,2,6,1,1
grade1_profile28349_q2_QK_20251122_100724.mp3,it,1,Dania,28349,post,It's locked. I can open it.,5,6,1,1
grade1_profile28349_q2_QK_20251122_100724.mp3,it's,1,Dania,28349,post,It's locked. I can open it.,0,6,1,1
grade1_profile28349_q2_QK_20251122_100724.mp3,locked,0,Dania,28349,post,It's locked. I can open it.,1,6,1,0
grade1_profile28349_q2_QK_20251122_100724.mp3,open,1,Dania,28349,post,It's locked. I can open it.,4,6,1,1
grade1_profile28349_q3_LP_20251122_101304.mp3,build,1,Rehma,28349,pre,This is Zara. She loves to draw. This is Faiz. He loves to build things.,13,15,1,1
grade1_profile28349_q3_LP_20251122_101304.mp3,draw,0,Rehma,28349,pre,This is Zara. She loves to draw. This is Faiz. He loves to build things.,6,15,1,0
grade1_profile28349_q3_LP_20251122_101304.mp3,he,1,Rehma,28349,pre,This is Zara. She loves to draw. This is Faiz. He loves to build things.,10,15,0,0
grade1_profile28349_q3_LP_20251122_101304.mp3,is,1,Rehma,28349,pre,This is Zara. She loves to draw. This is Faiz. He loves to build things.,1,15,1,1
grade1_profile28349_q3_LP_20251122_101304.mp3,loves,1,Rehma,28349,pre,This is Zara. She loves to draw. This is Faiz. He loves to build things.,4,15,1,1
grade1_profile28349_q3_LP_20251122_101304.mp3,she,1,Rehma,28349,pre,This is Zara. She loves to draw. This is Faiz. He loves to build things.,3,15,1,1
grade1_profile28349_q3_LP_20251122_101304.mp3,things,0,Rehma,28349,pre,This is Zara. She loves to draw. This is Faiz. He loves to build things.,14,15,1,0
grade1_profile28349_q3_LP_20251122_101304.mp3,this,1,Rehma,28349,pre,This is Zara. She loves to draw. This is Faiz. He loves to build things.,0,15,1,1
grade1_profile28349_q3_LP_20251122_101304.mp3,to,1,Rehma,28349,pre,This is Zara. She loves to draw. This is Faiz. He loves to build things.,5,15,1,1
grade1_profile28349_q3_LP_20251122_101304.mp3,zara,0,Rehma,28349,pre,This is Zara. She loves to draw. This is Faiz. He loves to build things.,2,15,0,1
grade1_profile28349_q3_QK_20251122_101834.mp3,build,1,Semal,28349,post,This is Zara. She loves to draw. This is Faiz. He loves to build things.,13,15,1,1
grade1_profile28349_q3_QK_20251122_101834.mp3,draw,1,Semal,28349,post,This is Zara. She loves to draw. This is Faiz. He loves to build things.,6,15,1,1
grade1_profile28349_q3_QK_20251122_101834.mp3,faiz,1,Semal,28349,post,This is Zara. She loves to draw. This is Faiz. He loves to build things.,9,15,0,0
grade1_profile28349_q3_QK_20251122_101834.mp3,he,1,Semal,28349,post,This is Zara. She loves to draw. This is Faiz. He loves to build things.,10,15,1,1
grade1_profile28349_q3_QK_20251122_101834.mp3,is,1,Semal,28349,post,This is Zara. She loves to draw. This is Faiz. He loves to build things.,1,15,1,1
grade1_profile28349_q3_QK_20251122_101834.mp3,loves,0,Semal,28349,post,This is Zara. She loves to draw. This is Faiz. He loves to build things.,4,15,1,0
grade1_profile28349_q3_QK_20251122_101834.mp3,she,1,Semal,28349,post,This is Zara. She loves to draw. This is Faiz. He loves to build things.,3,15,1,1
grade1_profile28349_q3_QK_20251122_101834.mp3,things,1,Semal,28349,post,This is Zara. She loves to draw. This is Faiz. He loves to build things.,14,15,1,1
grade1_profile28349_q3_QK_20251122_101834.mp3,this,1,Semal,28349,post,This is Zara. She loves to draw. This is Faiz. He loves to build things.,0,15,1,1
grade1_profile28349_q3_QK_20251122_101834.mp3,to,1,Semal,28349,post,This is Zara. She loves to draw. This is Faiz. He loves to build things.,5,15,1,1
grade1_profile28349_q3_QK_20251122_101834.mp3,zara,1,Semal,28349,post,This is Zara. She loves to draw. This is Faiz. He loves to build things.,2,15,1,1
grade1_profile28350_q1_LP_20251122_095026.mp3,can,1,Amna,28350,pre,Come on. We can do it together.,3,7,1,1
grade1_profile28350_q1_LP_20251122_095026.mp3,come,1,Amna,28350,pre,Come on. We can do it together.,0,7,1,1
grade1_profile28350_q1_LP_20251122_095026.mp3,do,1,Amna,28350,pre,Come on. We can do it together.,4,7,1,1
grade1_profile28350_q1_LP_20251122_095026.mp3,it,1,Amna,28350,pre,Come on. We can do it together.,5,7,1,1
grade1_profile28350_q1_LP_20251122_095026.mp3,on,1,Amna,28350,pre,Come on. We can do it together.,1,7,0,0
grade1_profile28350_q1_LP_20251122_095026.mp3,together,1,Amna,28350,pre,Come on. We can do it together.,6,7,0,0
grade1_profile28350_q1_LP_20251122_095026.mp3,we,1,Amna,28350,pre,Come on. We can do it together.,2,7,1,1
grade1_profile28350_q1_QK_20251122_095622.mp3,can,1,Salman,28350,post,Come on. We can do it together.,3,7,1,1
grade1_profile28350_q1_QK_20251122_095622.mp3,come,1,Salman,28350,post,Come on. We can do it together.,0,7,1,1
grade1_profile28350_q1_QK_20251122_095622.mp3,do,1,Salman,28350,post,Come on. We can do it together.,4,7,1,1
grade1_profile28350_q1_QK_20251122_095622.mp3,it,1,Salman,28350,post,Come on. We can do it together.,5,7,1,1
grade1_profile28350_q1_QK_20251122_095622.mp3,on,1,Salman,28350,post,Come on. We can do it together.,1,7,0,0
grade1_profile28350_q1_QK_20251122_095622.mp3,together,0,Salman,28350,post,Come on. We can do it together.,6,7,0,1
grade1_profile28350_q1_QK_20251122_095622.mp3,we,1,Salman,28350,post,Come on. We can do it together.,2,7,1,1
grade1_profile28350_q2_LP_20251122_100201.mp3,can,1,Salman,28350,pre,It's locked. I can open it.,3,6,1,1
grade1_profile28350_q2_LP_20251122_100201.mp3,i,1,Salman,28350,pre,It's locked. I can open it.,2,6,1,1
grade1_profile28350_q2_LP_20251122_100201.mp3,it,1,Salman,28350,pre,It's locked. I can open it.,5,6,1,1
grade1_profile28350_q2_LP_20251122_100201.mp3,it's,0,Salman,28350,pre,It's locked. I can open it.,0,6,0,1
grade1_profile28350_q2_LP_20251122_100201.mp3,locked,1,Salman,28350,pre,It's locked. I can open it.,1,6,0,0
grade1_profile28350_q2_LP_20251122_100201.mp3,open,1,Salman,28350,pre,It's locked. I can open it.,4,6,1,1
grade1_profile28350_q2_QK_20251122_100724.mp3,can,1,Ali,28350,post,It's locked. I can open it.,3,6,1,1
grade1_profile28350_q2_QK_20251122_100724.mp3,i,1,Ali,28350,post,It's locked. I can open it.,2,6,1,1
grade1_profile28350_q2_QK_20251122_100724.mp3,it,1,Ali,28350,post,It's locked. I can open it.,5,6,1,1
grade1_profile28350_q2_QK_20251122_100724.mp3,it's,1,Ali,28350,post,It's locked. I can open it.,0,6,1,1
grade1_profile28350_q2_QK_20251122_100724.mp3,locked,1,Ali,28350,post,It's locked. I can open it.,1,6,0,0
grade1_profile28350_q2_QK_20251122_100724.mp3,open,1,Ali,28350,post,It's locked. I can open it.,4,6,1,1
grade1_profile28350_q3_LP_20251122_101304.mp3,draw,0,Rukhshan,28350,pre,This is Zara. She loves to draw. This is Faiz. He loves to build things.,6,15,0,1
grade1_profile28350_q3_LP_20251122_101304.mp3,he,1,Rukhshan,28350,pre,This is Zara. She loves to draw. This is Faiz. He loves to build things.,10,15,0,0
grade1_profile28350_q3_LP_20251122_101304.mp3,is,1,Rukhshan,28350,pre,This is Zara. She loves to draw. This is Faiz. He loves to build things.,1,15,1,1
grade1_profile28350_q3_LP_20251122_101304.mp3,loves,1,Rukhshan,28350,pre,This is Zara. She loves to draw. This is Faiz. He loves to build things.,4,15,1,1
grade1_profile28350_q3_LP_20251122_101304.mp3,she,1,Rukhshan,28350,pre,This is Zara. She loves to draw. This is Faiz. He loves to build things.,3,15,1,1
grade1_profile28350_q3_LP_20251122_101304.mp3,things,1,Rukhshan,28350,pre,This is Zara. She loves to draw. This is Faiz. He loves to build things.,14,15,1,1
grade1_profile28350_q3_LP_20251122_101304.mp3,this,1,Rukhshan,28350,pre,This is Zara. She loves to draw. This is Faiz. He loves to build things.,0,15,1,1
grade1_profile28350_q3_LP_20251122_101304.mp3,to,1,Rukhshan,28350,pre,This is Zara. She loves to draw. This is Faiz. He loves to build things.,5,15,1,1
grade1_profile28350_q3_LP_20251122_101304.mp3,zara,1,Rukhshan,28350,pre,This is Zara. She loves to draw. This is Faiz. He loves to build things.,2,15,1,1
grade1_profile28350_q3_QK_20251122_101834.mp3,build,0,Rehma,28350,post,This is Zara. She loves to draw. This is Faiz. He loves to build things.,13,15,1,0
grade1_profile28350_q3_QK_20251122_101834.mp3,draw,1,Rehma,28350,post,This is Zara. She loves to draw. This is Faiz. He loves to build things.,6,15,1,1
grade1_profile28350_q3_QK_20251122_101834.mp3,faiz,1,Rehma,28350,post,This is Zara. She loves to draw. This is Faiz. He loves to build things.,9,15,0,0
grade1_profile28350_q3_QK_20251122_101834.mp3,he,1,Rehma,28350,post,This is Zara. She loves to draw. This is Faiz. He loves to build things.,10,15,1,1
grade1_profile28350_q3_QK_20251122_101834.mp3,is,1,Rehma,28350,post,This is Zara. She loves to draw. This is Faiz. He loves to build things.,1,15,1,1
grade1_profile28350_q3_QK_20251122_101834.mp3,loves,0,Rehma,28350,post,This is Zara. She loves to draw. This is Faiz. He loves to build things.,4,15,1,0
grade1_profile28350_q3_QK_20251122_101834.mp3,she,1,Rehma,28350,post,This is Zara. She loves to draw. This is Faiz. He loves to build things.,3,15,1,1
grade1_profile28350_q3_QK_20251122_101834.mp3,things,0,Rehma,28350,post,This is Zara. She loves to draw. This is Faiz. He loves to build things.,14,15,1,0
grade1_profile28350_q3_QK_20251122_101834.mp3,this,1,Rehma,28350,post,This is Zara. She loves to draw. This is Faiz. He loves to build things.,0,15,1,1
grade1_profile28350_q3_QK_20251122_101834.mp3,to,1,Rehma,28350,post,This is Zara. She loves to draw. This is Faiz. He loves to build things.,5,15,1,1
grade1_profile28350_q3_QK_20251122_101834.mp3,zara,1,Rehma,28350,post,This is Zara. She loves to draw. This is Faiz. He loves to build things.,2,15,1,1
grade1_profile28352_q1_LP_20251122_095026.mp3,can,1,Rukhshan,28352,pre,Come on. We can do it together.,3,7,1,1
grade1_profile28352_q1_LP_20251122_095026.mp3,come,1,Rukhshan,28352,pre,Come on. We can do it together.,0,7,1,1
grade1_profile28352_q1_LP_20251122_095026.mp3,do,1,Rukhshan,28352,pre,Come on. We can do it together.,4,7,1,1
grade1_profile28352_q1_LP_20251122_095026.mp3,it,0,Rukhshan,28352,pre,Come on. We can do it together.,5,7,1,0
grade1_profile28352_q1_LP_20251122_095026.mp3,on,1,Rukhshan,28352,pre,Come on. We can do it together.,1,7,1,1
grade1_profile28352_q1_LP_20251122_095026.mp3,together,0,Rukhshan,28352,pre,Come on. We can do it together.,6,7,0,1
grade1_profile28352_q1_LP_20251122_095026.mp3,we,1,Rukhshan,28352,pre,Come on. We can do it together.,2,7,1,1
grade1_profile28352_q1_QK_20251122_095622.mp3,can,0,Rehma,28352,post,Come on. We can do it together.,3,7,1,0
grade1_profile28352_q1_QK_20251122_095622.mp3,come,1,Rehma,28352,post,Come on. We can do it together.,0,7,1,1
grade1_profile28352_q1_QK_20251122_095622.mp3,do,1,Rehma,28352,post,Come on. We can do it together.,4,7,1,1
grade1_profile28352_q1_QK_20251122_095622.mp3,it,1,Rehma,28352,post,Come on. We can do it together.,5,7,1,1
grade1_profile28352_q1_QK_20251122_095622.mp3,on,1,Rehma,28352,post,Come on. We can do it together.,1,7,1,1
grade1_profile28352_q1_QK_20251122_095622.mp3,together,0,Rehma,28352,post,Come on. We can do it together.,6,7,0,1
grade1_profile28352_q1_QK_20251122_095622.mp3,we,1,Rehma,28352,post,Come on. We can do it together.,2,7,1,1
grade1_profile28352_q2_LP_20251122_100201.mp3,can,1,Semal,28352,pre,It's locked. I can open it.,3,6,1,1
grade1_profile28352_q2_LP_20251122_100201.mp3,i,1,Semal,28352,pre,It's locked. I can open it.,2,6,1,1
grade1_profile28352_q2_LP_20251122_100201.mp3,it,1,Semal,28352,pre,It's locked. I can open it.,5,6,1,1
grade1_profile28352_q2_LP_20251122_100201.mp3,it's,0,Semal,28352,pre,It's locked. I can open it.,0,6,1,0
grade1_profile28352_q2_LP_20251122_100201.mp3,locked,0,Semal,28352,pre,It's locked. I can open it.,1,6,0,1
grade1_profile28352_q2_LP_20251122_100201.mp3,open,1,Semal,28352,pre,It's locked. I can open it.,4,6,1,1
grade1_profile28352_q2_QK_20251122_100724.mp3,can,1,Semal,28352,post,It's locked. I can open it.,3,6,1,1
grade1_profile28352_q2_QK_20251122_100724.mp3,i,1,Semal,28352,post,It's locked. I can open it.,2,6,1,1
grade1_profile28352_q2_QK_20251122_100724.mp3,it,1,Semal,28352,post,It's locked. I can open it.,5,6,1,1
grade1_profile28352_q2_QK_20251122_100724.mp3,it's,0,Semal,28352,post,It's locked. I can open it.,0,6,1,0
grade1_profile28352_q2_QK_20251122_100724.mp3,locked,0,Semal,28352,post,It's locked. I can open it.,1,6,0,1
grade1_profile28352_q2_QK_20251122_100724.mp3,open,1,Semal,28352,post,It's locked. I can open it.,4,6,1,1
grade1_profile28352_q3_LP_20251122_101304.mp3,build,1,Dania,28352,pre,This is Zara. She loves to draw. This is Faiz. He loves to build things.,13,15,1,1
grade1_profile28352_q3_LP_20251122_101304.mp3,draw,1,Dania,28352,pre,This is Zara. She loves to draw. This is Faiz. He loves to build things.,6,15,1,1
grade1_profile28352_q3_LP_20251122_101304.mp3,faiz,1,Dania,28352,pre,This is Zara. She loves to draw. This is Faiz. He loves to build things.,9,15,0,0
grade1_profile28352_q3_LP_20251122_101304.mp3,he,1,Dania,28352,pre,This is Zara. She loves to draw. This is Faiz. He loves to build things.,10,15,1,1
grade1_profile28352_q3_LP_20251122_101304.mp3,is,1,Dania,28352,pre,This is Zara. She loves to draw. This is Faiz. He loves to build things.,1,15,1,1
grade1_profile28352_q3_LP_20251122_101304.mp3,loves,1,Dania,28352,pre,This is Zara. She loves to draw. This is Faiz. He loves to build things.,4,15,1,1
grade1_profile28352_q3_LP_20251122_101304.mp3,she,1,Dania,28352,pre,This is Zara. She loves to draw. This is Faiz. He loves to build things.,3,15,1,1
grade1_profile28352_q3_LP_20251122_101304.mp3,things,1,Dania,28352,pre,This is Zara. She loves to draw. This is Faiz. He loves to build things.,14,15,1,1
grade1_profile28352_q3_LP_20251122_101304.mp3,this,1,Dania,28352,pre,This is Zara. She loves to draw. This is Faiz. He loves to build things.,0,15,1,1
grade1_profile28352_q3_LP_20251122_101304.mp3,to,1,Dania,28352,pre,This is Zara. She loves to draw. This is Faiz. He loves to build things.,5,15,0,0
grade1_profile28352_q3_LP_20251122_101304.mp3,zara,1,Dania,28352,pre,This is Zara. She loves to draw. This is Faiz. He loves to build things.,2,15,1,1
grade1_profile28352_q3_QK_20251122_101834.mp3,build,1,Semal,28352,post,This is Zara. She loves to draw. This is Faiz. He loves to build things.,13,15,0,0
grade1_profile28352_q3_QK_20251122_101834.mp3,draw,1,Semal,28352,post,This is Zara. She loves to draw. This is Faiz. He loves to build things.,6,15,1,1
grade1_profile28352_q3_QK_20251122_101834.mp3,faiz,1,Semal,28352,post,This is Zara. She loves to draw. This is Faiz. He loves to build things.,9,15,0,0
grade1_profile28352_q3_QK_20251122_101834.mp3,he,1,Semal,28352,post,This is Zara. She loves to draw. This is Faiz. He loves to build things.,10,15,0,0
grade1_profile28352_q3_QK_20251122_101834.mp3,is,1,Semal,28352,post,This is Zara. She loves to draw. This is Faiz. He loves to build things.,1,15,1,1
grade1_profile28352_q3_QK_20251122_101834.mp3,loves,1,Semal,28352,post,This is Zara. She loves to draw. This is Faiz. He loves to build things.,4,15,1,1
grade1_profile28352_q3_QK_20251122_101834.mp3,she,1,Semal,28352,post,This is Zara. She loves to draw. This is Faiz. He loves to build things.,3,15,1,1
grade1_profile28352_q3_QK_20251122_101834.mp3,this,1,Semal,28352,post,This is Zara. She loves to draw. This is Faiz. He loves to build things.,0,15,1,1
grade1_profile28352_q3_QK_20251122_101834.mp3,to,1,Semal,28352,post,This is Zara. She loves to draw. This is Faiz. He loves to build things.,5,15,1,1
grade1_profile28352_q3_QK_20251122_101834.mp3,zara,1,Semal,28352,post,This is Zara. She loves to draw. This is Faiz. He loves to build things.,2,15,1,1
grade1_profile28355_q1_LP_20251122_095026.mp3,can,1,Rehma,28355,pre,Come on. We can do it together.,3,7,1,1
grade1_profile28355_q1_LP_20251122_095026.mp3,come,0,Rehma,28355,pre,Come on. We can do it together.,0,7,1,0
grade1_profile28355_q1_LP_20251122_095026.mp3,do,1,Rehma,28355,pre,Come on. We can do it together.,4,7,1,1
grade1_profile28355_q1_LP_20251122_095026.mp3,it,1,Rehma,28355,pre,Come on. We can do it together.,5,7,1,1
grade1_profile28355_q1_LP_20251122_095026.mp3,on,0,Rehma,28355,pre,Come on. We can do it together.,1,7,1,0
grade1_profile28355_q1_LP_20251122_095026.mp3,together,0,Rehma,28355,pre,Come on. We can do it together.,6,7,0,1
grade1_profile28355_q1_LP_20251122_095026.mp3,we,1,Rehma,28355,pre,Come on. We can do it together.,2,7,1,1
grade1_profile28355_q1_QK_20251122_095622.mp3,can,1,Semal,28355,post,Come on. We can do it together.,3,7,1,1
grade1_profile28355_q1_QK_20251122_095622.mp3,come,0,Semal,28355,post,Come on. We can do it together.,0,7,0,1
grade1_profile28355_q1_QK_20251122_095622.mp3,do,1,Semal,28355,post,Come on. We can do it together.,4,7,1,1
grade1_profile28355_q1_QK_20251122_095622.mp3,it,1,Semal,28355,post,Come on. We can do it together.,5,7,1,1
grade1_profile28355_q1_QK_20251122_095622.mp3,on,1,Semal,28355,post,Come on. We can do it together.,1,7,1,1
grade1_profile28355_q1_QK_20251122_095622.mp3,together,0,Semal,28355,post,Come on. We can do it together.,6,7,0,1
grade1_profile28355_q1_QK_20251122_095622.mp3,we,1,Semal,28355,post,Come on. We can do it together.,2,7,1,1
grade1_profile28355_q2_LP_20251122_100201.mp3,can,1,Semal,28355,pre,It's locked. I can open it.,3,6,1,1
grade1_profile28355_q2_LP_20251122_100201.mp3,i,0,Semal,28355,pre,It's locked. I can open it.,2,6,1,0
grade1_profile28355_q2_LP_20251122_100201.mp3,it,1,Semal,28355,pre,It's locked. I can open it.,5,6,0,0
grade1_profile28355_q2_LP_20251122_100201.mp3,it's,1,Semal,28355,pre,It's locked. I can open it.,0,6,1,1
grade1_profile28355_q2_LP_20251122_100201.mp3,locked,0,Semal,28355,pre,It's locked. I can open it.,1,6,0,1
grade1_profile28355_q2_LP_20251122_100201.mp3,open,1,Semal,28355,pre,It's locked. I can open it.,4,6,1,1
grade1_profile28355_q2_QK_20251122_100724.mp3,can,1,Semal,28355,post,It's locked. I can open it.,3,6,1,1
grade1_profile28355_q2_QK_20251122_100724.mp3,i,0,Semal,28355,post,It's locked. I can open it.,2,6,1,0
grade1_profile28355_q2_QK_20251122_100724.mp3,it,1,Semal,28355,post,It's locked. I can open it.,5,6,1,1
grade1_profile28355_q2_QK_20251122_100724.mp3,it's,0,Semal,28355,post,It's locked. I can open it.,0,6,1,0
grade1_profile28355_q2_QK_20251122_100724.mp3,locked,0,Semal,28355,post,It's locked. I can open it.,1,6,0,1
grade1_profile28355_q2_QK_20251122_100724.mp3,open,1,Semal,28355,post,It's locked. I can open it.,4,6,1,1
grade1_profile28355_q3_LP_20251122_101304.mp3,build,0,Rukhshan,28355,pre,This is Zara. She loves to draw. This is Faiz. He loves to build things.,13,15,0,1
grade1_profile28355_q3_LP_20251122_101304.mp3,draw,0,Rukhshan,28355,pre,This is Zara. She loves to draw. This is Faiz. He loves to build things.,6,15,1,0
grade1_profile28355_q3_LP_20251122_101304.mp3,he,1,Rukhshan,28355,pre,This is Zara. She loves to draw. This is Faiz. He loves to build things.,10,15,1,1
grade1_profile28355_q3_LP_20251122_101304.mp3,is,1,Rukhshan,28355,pre,This is Zara. She loves to draw. This is Faiz. He loves to build things.,1,15,1,1
grade1_profile28355_q3_LP_20251122_101304.mp3,loves,0,Rukhshan,28355,pre,This is Zara. She loves to draw. This is Faiz. He loves to build things.,4,15,1,0
grade1_profile28355_q3_LP_20251122_101304.mp3,she,1,Rukhshan,28355,pre,This is Zara. She loves to draw. This is Faiz. He loves to build things.,3,15,1,1
grade1_profile28355_q3_LP_20251122_101304.mp3,things,1,Rukhshan,28355,pre,This is Zara. She loves to draw. This is Faiz. He loves to build things.,14,15,0,0
grade1_profile28355_q3_LP_20251122_101304.mp3,this,1,Rukhshan,28355,pre,This is Zara. She loves to draw. This is Faiz. He loves to build things.,0,15,1,1
grade1_profile28355_q3_LP_20251122_101304.mp3,to,1,Rukhshan,28355,pre,This is Zara. She loves to draw. This is Faiz. He loves to build things.,5,15,1,1
grade1_profile28355_q3_LP_20251122_101304.mp3,zara,1,Rukhshan,28355,pre,This is Zara. She loves to draw. This is Faiz. He loves to build things.,2,15,1,1
grade1_profile28355_q3_QK_20251122_101834.mp3,build,0,Semal,28355,post,This is Zara. She loves to draw. This is Faiz. He loves to build things.,13,15,0,1
grade1_profile28355_q3_QK_20251122_101834.mp3,draw,0,Semal,28355,post,This is Zara. She loves to draw. This is Faiz. He loves to build things.,6,15,1,0
grade1_profile28355_q3_QK_20251122_101834.mp3,faiz,1,Semal,28355,post,This is Zara. She loves to draw. This is Faiz. He loves to build things.,9,15,0,0
grade1_profile28355_q3_QK_20251122_101834.mp3,he,1,Semal,28355,post,This is Zara. She loves to draw. This is Faiz. He loves to build things.,10,15,1,1
grade1_profile28355_q3_QK_20251122_101834.mp3,is,1,Semal,28355,post,This is Zara. She loves to draw. This is Faiz. He loves to build things.,1,15,1,1
grade1_profile28355_q3_QK_20251122_101834.mp3,loves,0,Semal,28355,post,This is Zara. She loves to draw. This is Faiz. He loves to build things.,4,15,1,0
grade1_profile28355_q3_QK_20251122_101834.mp3,she,1,Semal,28355,post,This is Zara. She loves to draw. This is Faiz. He loves to build things.,3,15,1,1
grade1_profile28355_q3_QK_20251122_101834.mp3,things,1,Semal,28355,post,This is Zara. She loves to draw. This is Faiz. He loves to build things.,14,15,0,0
grade1_profile28355_q3_QK_20251122_101834.mp3,this,0,Semal,28355,post,This is Zara. She loves to draw. This is Faiz. He loves to build things.,0,15,1,0
grade1_profile28355_q3_QK_20251122_101834.mp3,to,1,Semal,28355,post,This is Zara. She loves to draw. This is Faiz. He loves to build things.,5,15,1,1
grade1_profile28355_q3_QK_20251122_101834.mp3,zara,1,Semal,28355,post,This is Zara. She loves to draw. This is Faiz. He loves to build things.,2,15,1,1
grade1_profile28359_q1_QK_20251122_095622.mp3,can,1,Amna,28359,post,Come on. We can do it together.,3,7,1,1
grade1_profile28359_q1_QK_20251122_095622.mp3,on,0,Amna,28359,post,Come on. We can do it together.,1,7,0,1
grade1_profile28359_q1_QK_20251122_095622.mp3,we,1,Amna,28359,post,Come on. We can do it together.,2,7,0,0
grade1_profile28359_q2_LP_20251122_100201.mp3,can,1,Salman,28359,pre,It's locked. I can open it.,3,6,1,1
grade1_profile28359_q2_LP_20251122_100201.mp3,i,1,Salman,28359,pre,It's locked. I can open it.,2,6,1,1
grade1_profile28359_q2_LP_20251122_100201.mp3,it,1,Salman,28359,pre,It's locked. I can open it.,5,6,1,1
grade1_profile28359_q2_LP_20251122_100201.mp3,it's,1,Salman,28359,pre,It's locked. I can open it.,0,6,1,1
grade1_profile28359_q2_LP_20251122_100201.mp3,locked,1,Salman,28359,pre,It's locked. I can open it.,1,6,0,0
grade1_profile28359_q2_LP_20251122_100201.mp3,open,1,Salman,28359,pre,It's locked. I can open it.,4,6,1,1
grade1_profile28359_q2_QK_20251122_100724.mp3,can,0,Rehma,28359,post,It's locked. I can open it.,3,6,0,1
grade1_profile28359_q2_QK_20251122_100724.mp3,i,1,Rehma,28359,post,It's locked. I can open it.,2,6,1,1
grade1_profile28359_q2_QK_20251122_100724.mp3,it,1,Rehma,28359,post,It's locked. I can open it.,5,6,1,1
grade1_profile28359_q2_QK_20251122_100724.mp3,it's,1,Rehma,28359,post,It's locked. I can open it.,0,6,0,0
grade1_profile28359_q2_QK_20251122_100724.mp3,locked,0,Rehma,28359,post,It's locked. I can open it.,1,6,0,1
grade1_profile28359_q2_QK_20251122_100724.mp3,open,0,Rehma,28359,post,It's locked. I can open it.,4,6,0,1
grade1_profile28359_q3_LP_20251122_101304.mp3,build,1,Semal,28359,pre,This is Zara. She loves to draw. This is Faiz. He loves to build things.,13,15,0,0
grade1_profile28359_q3_LP_20251122_101304.mp3,draw,0,Semal,28359,pre,This is Zara. She loves to draw. This is Faiz. He loves to build things.,6,15,1,0
grade1_profile28359_q3_LP_20251122_101304.mp3,faiz,1,Semal,28359,pre,This is Zara. She loves to draw. This is Faiz. He loves to build things.,9,15,0,0
grade1_profile28359_q3_LP_20251122_101304.mp3,he,1,Semal,28359,pre,This is Zara. She loves to draw. This is Faiz. He loves to build things.,10,15,1,1
grade1_profile28359_q3_LP_20251122_101304.mp3,is,1,Semal,28359,pre,This is Zara. She loves to draw. This is Faiz. He loves to build things.,1,15,1,1
grade1_profile28359_q3_LP_20251122_101304.mp3,loves,1,Semal,28359,pre,This is Zara. She loves to draw. This is Faiz. He loves to build things.,4,15,1,1
grade1_profile28359_q3_LP_20251122_101304.mp3,she,1,Semal,28359,pre,This is Zara. She loves to draw. This is Faiz. He loves to build things.,3,15,0,0
grade1_profile28359_q3_LP_20251122_101304.mp3,things,1,Semal,28359,pre,This is Zara. She loves to draw. This is Faiz. He loves to build things.,14,15,0,0
grade1_profile28359_q3_LP_20251122_101304.mp3,this,1,Semal,28359,pre,This is Zara. She loves to draw. This is Faiz. He loves to build things.,0,15,1,1
grade1_profile28359_q3_LP_20251122_101304.mp3,to,1,Semal,28359,pre,This is Zara. She loves to draw. This is Faiz. He loves to build things.,5,15,1,1
grade1_profile28359_q3_LP_20251122_101304.mp3,zara,0,Semal,28359,pre,This is Zara. She loves to draw. This is Faiz. He loves to build things.,2,15,0,1
grade1_profile28359_q3_QK_20251122_101834.mp3,draw,0,Rukhshan,28359,post,This is Zara. She loves to draw. This is Faiz. He loves to build things.,6,15,0,1
grade1_profile28359_q3_QK_20251122_101834.mp3,he,0,Rukhshan,28359,post,This is Zara. She loves to draw. This is Faiz. He loves to build things.,10,15,1,0
grade1_profile28359_q3_QK_20251122_101834.mp3,is,0,Rukhshan,28359,post,This is Zara. She loves to draw. This is Faiz. He loves to build things.,1,15,0,1
grade1_profile28359_q3_QK_20251122_101834.mp3,loves,0,Rukhshan,28359,post,This is Zara. She loves to draw. This is Faiz. He loves to build things.,4,15,0,1
grade1_profile28359_q3_QK_20251122_101834.mp3,this,1,Rukhshan,28359,post,This is Zara. She loves to draw. This is Faiz. He loves to build things.,0,15,0,0
grade1_profile28359_q3_QK_20251122_101834.mp3,to,0,Rukhshan,28359,post,This is Zara. She loves to draw. This is Faiz. He loves to build things.,5,15,1,0
grade1_profile28359_q3_QK_20251122_101834.mp3,zara,0,Rukhshan,28359,post,This is Zara. She loves to draw. This is Faiz. He loves to build things.,2,15,0,1
grade1_profile28362_q1_LP_20251122_095026.mp3,can,1,Rukhshan,28362,pre,Come on. We can do it together.,3,7,1,1
grade1_profile28362_q1_LP_20251122_095026.mp3,come,1,Rukhshan,28362,pre,Come on. We can do it together.,0,7,1,1
grade1_profile28362_q1_LP_20251122_095026.mp3,do,1,Rukhshan,28362,pre,Come on. We can do it together.,4,7,1,1
grade1_profile28362_q1_LP_20251122_095026.mp3,it,1,Rukhshan,28362,pre,Come on. We can do it together.,5,7,1,1
grade1_profile28362_q1_LP_20251122_095026.mp3,on,1,Rukhshan,28362,pre,Come on. We can do it together.,1,7,1,1
grade1_profile28362_q1_LP_20251122_095026.mp3,together,0,Rukhshan,28362,pre,Come on. We can do it together.,6,7,0,1
grade1_profile28362_q1_LP_20251122_095026.mp3,we,1,Rukhshan,28362,pre,Come on. We can do it together.,2,7,1,1
grade1_profile28362_q1_QK_20251122_095622.mp3,can,1,Ali,28362,post,Come on. We can do it together.,3,7,1,1
grade1_profile28362_q1_QK_20251122_095622.mp3,come,1,Ali,28362,post,Come on. We can do it together.,0,7,0,0
grade1_profile28362_q1_QK_20251122_095622.mp3,do,1,Ali,28362,post,Come on. We can do it together.,4,7,1,1
grade1_profile28362_q1_QK_20251122_095622.mp3,it,1,Ali,28362,post,Come on. We can do it together.,5,7,1,1
grade1_profile28362_q1_QK_20251122_095622.mp3,on,1,Ali,28362,post,Come on. We can do it together.,1,7,0,0
grade1_profile28362_q1_QK_20251122_095622.mp3,together,1,Ali,28362,post,Come on. We can do it together.,6,7,0,0
grade1_profile28362_q1_QK_20251122_095622.mp3,we,1,Ali,28362,post,Come on. We can do it together.,2,7,1,1
grade1_profile28362_q2_LP_20251122_100201.mp3,can,1,Rehma,28362,pre,It's locked. I can open it.,3,6,1,1
grade1_profile28362_q2_LP_20251122_100201.mp3,i,1,Rehma,28362,pre,It's locked. I can open it.,2,6,1,1
grade1_profile28362_q2_LP_20251122_100201.mp3,it,1,Rehma,28362,pre,It's locked. I can open it.,5,6,1,1
grade1_profile28362_q2_LP_20251122_100201.mp3,it's,1,Rehma,28362,pre,It's locked. I can open it.,0,6,1,1
grade1_profile28362_q2_LP_20251122_100201.mp3,locked,1,Rehma,28362,pre,It's locked. I can open it.,1,6,1,1
grade1_profile28362_q2_LP_20251122_100201.mp3,open,0,Rehma,28362,pre,It's locked. I can open it.,4,6,1,0
grade1_profile28362_q2_QK_20251122_100724.mp3,can,1,Semal,28362,post,It's locked. I can open it.,3,6,1,1
grade1_profile28362_q2_QK_20251122_100724.mp3,i,1,Semal,28362,post,It's locked. I can open it.,2,6,1,1
grade1_profile28362_q2_QK_20251122_100724.mp3,it,1,Semal,28362,post,It's locked. I can open it.,5,6,1,1
grade1_profile28362_q2_QK_20251122_100724.mp3,it's,0,Semal,28362,post,It's locked. I can open it.,0,6,1,0
grade1_profile28362_q2_QK_20251122_100724.mp3,locked,1,Semal,28362,post,It's locked. I can open it.,1,6,0,0
grade1_profile28362_q2_QK_20251122_100724.mp3,open,1,Semal,28362,post,It's locked. I can open it.,4,6,1,1
grade1_profile28362_q3_QK_20251122_101834.mp3,build,1,Dania,28362,post,This is Zara. She loves to draw. This is Faiz. He loves to build things.,13,15,0,0
grade1_profile28362_q3_QK_20251122_101834.mp3,draw,1,Dania,28362,post,This is Zara. She loves to draw. This is Faiz. He loves to build things.,6,15,1,1
grade1_profile28362_q3_QK_20251122_101834.mp3,he,1,Dania,28362,post,This is Zara. She loves to draw. This is Faiz. He loves to build things.,10,15,1,1
grade1_profile28362_q3_QK_20251122_101834.mp3,is,1,Dania,28362,post,This is Zara. She loves to draw. This is Faiz. He loves to build things.,1,15,1,1
grade1_profile28362_q3_QK_20251122_101834.mp3,loves,1,Dania,28362,post,This is Zara. She loves to draw. This is Faiz. He loves to build things.,4,15,1,1
grade1_profile28362_q3_QK_20251122_101834.mp3,she,1,Dania,28362,post,This is Zara. She loves to draw. This is Faiz. He loves to build things.,3,15,1,1
grade1_profile28362_q3_QK_20251122_101834.mp3,things,1,Dania,28362,post,This is Zara. She loves to draw. This is Faiz. He loves to build things.,14,15,0,0
grade1_profile28362_q3_QK_20251122_101834.mp3,this,1,Dania,28362,post,This is Zara. She loves to draw. This is Faiz. He loves to build things.,0,15,1,1
grade1_profile28362_q3_QK_20251122_101834.mp3,to,1,Dania,28362,post,This is Zara. She loves to draw. This is Faiz. He loves to build things.,5,15,1,1
grade1_profile28362_q3_QK_20251122_101834.mp3,zara,1,Dania,28362,post,This is Zara. She loves to draw. This is Faiz. He loves to build things.,2,15,0,0
grade1_profile28363_q1_LP_20251122_095026.mp3,can,1,Semal,28363,pre,Come on. We can do it together.,3,7,1,1
grade1_profile28363_q1_LP_20251122_095026.mp3,come,1,Semal,28363,pre,Come on. We can do it together.,0,7,0,0
grade1_profile28363_q1_LP_20251122_095026.mp3,do,0,Semal,28363,pre,Come on. We can do it together.,4,7,1,0
grade1_profile28363_q1_LP_20251122_095026.mp3,it,1,Semal,28363,pre,Come on. We can do it together.,5,7,1,1
grade1_profile28363_q1_LP_20251122_095026.mp3,on,1,Semal,28363,pre,Come on. We can do it together.,1,7,1,1
grade1_profile28363_q1_LP_20251122_095026.mp3,together,1,Semal,28363,pre,Come on. We can do it together.,6,7,0,0
grade1_profile28363_q1_LP_20251122_095026.mp3,we,1,Semal,28363,pre,Come on. We can do it together.,2,7,1,1
grade1_profile28363_q1_QK_20251122_095622.mp3,can,1,Amna,28363,post,Come on. We can do it together.,3,7,1,1
grade1_profile28363_q1_QK_20251122_095622.mp3,come,1,Amna,28363,post,Come on. We can do it together.,0,7,0,0
grade1_profile28363_q1_QK_20251122_095622.mp3,do,1,Amna,28363,post,Come on. We can do it together.,4,7,1,1
grade1_profile28363_q1_QK_20251122_095622.mp3,it,1,Amna,28363,post,Come on. We can do it together.,5,7,1,1
grade1_profile28363_q1_QK_20251122_095622.mp3,on,1,Amna,28363,post,Come on. We can do it together.,1,7,1,1
grade1_profile28363_q1_QK_20251122_095622.mp3,together,1,Amna,28363,post,Come on. We can do it together.,6,7,0,0
grade1_profile28363_q1_QK_20251122_095622.mp3,we,1,Amna,28363,post,Come on. We can do it together.,2,7,1,1
grade1_profile28363_q2_LP_20251122_100201.mp3,can,1,Ali,28363,pre,It's locked. I can open it.,3,6,1,1
grade1_profile28363_q2_LP_20251122_100201.mp3,i,1,Ali,28363,pre,It's locked. I can open it.,2,6,1,1
grade1_profile28363_q2_LP_20251122_100201.mp3,it,1,Ali,28363,pre,It's locked. I can open it.,5,6,1,1
grade1_profile28363_q2_LP_20251122_100201.mp3,it's,1,Ali,28363,pre,It's locked. I can open it.,0,6,1,1
grade1_profile28363_q2_LP_20251122_100201.mp3,locked,0,Ali,28363,pre,It's locked. I can open it.,1,6,0,1
grade1_profile28363_q2_LP_20251122_100201.mp3,open,1,Ali,28363,pre,It's locked. I can open it.,4,6,1,1
grade1_profile28363_q2_QK_20251122_100724.mp3,can,1,Salman,28363,post,It's locked. I can open it.,3,6,1,1
grade1_profile28363_q2_QK_20251122_100724.mp3,i,1,Salman,28363,post,It's locked. I can open it.,2,6,1,1
grade1_profile28363_q2_QK_20251122_100724.mp3,it,1,Salman,28363,post,It's locked. I can open it.,5,6,1,1
grade1_profile28363_q2_QK_20251122_100724.mp3,it's,0,Salman,28363,post,It's locked. I can open it.,0,6,1,0
grade1_profile28363_q2_QK_20251122_100724.mp3,locked,1,Salman,28363,post,It's locked. I can open it.,1,6,0,0
grade1_profile28363_q2_QK_20251122_100724.mp3,open,1,Salman,28363,post,It's locked. I can open it.,4,6,1,1
grade1_profile28363_q3_LP_20251122_101304.mp3,draw,1,Semal,28363,pre,This is Zara. She loves to draw. This is Faiz. He loves to build things.,6,15,0,0
grade1_profile28363_q3_LP_20251122_101304.mp3,he,0,Semal,28363,pre,This is Zara. She loves to draw. This is Faiz. He loves to build things.,10,15,1,0
grade1_profile28363_q3_LP_20251122_101304.mp3,is,1,Semal,28363,pre,This is Zara. She loves to draw. This is Faiz. He loves to build things.,1,15,1,1
grade1_profile28363_q3_LP_20251122_101304.mp3,loves,1,Semal,28363,pre,This is Zara. She loves to draw. This is Faiz. He loves to build things.,4,15,1,1
grade1_profile28363_q3_LP_20251122_101304.mp3,she,1,Semal,28363,pre,This is Zara. She loves to draw. This is Faiz. He loves to build things.,3,15,0,0
grade1_profile28363_q3_LP_20251122_101304.mp3,things,0,Semal,28363,pre,This is Zara. She loves to draw. This is Faiz. He loves to build things.,14,15,0,1
grade1_profile28363_q3_LP_20251122_101304.mp3,this,0,Semal,28363,pre,This is Zara. She loves to draw. This is Faiz. He loves to build things.,0,15,1,0
grade1_profile28363_q3_LP_20251122_101304.mp3,to,1,Semal,28363,pre,This is Zara. She loves to draw. This is Faiz. He loves to build things.,5,15,1,1
grade1_profile28363_q3_LP_20251122_101304.mp3,zara,0,Semal,28363,pre,This is Zara. She loves to draw. This is Faiz. He loves to build things.,2,15,0,1
grade1_profile28363_q3_QK_20251122_101834.mp3,build,1,Dania,28363,post,This is Zara. She loves to draw. This is Faiz. He loves to build things.,13,15,1,1
grade1_profile28363_q3_QK_20251122_101834.mp3,draw,1,Dania,28363,post,This is Zara. She loves to draw. This is Faiz. He loves to build things.,6,15,1,1
grade1_profile28363_q3_QK_20251122_101834.mp3,he,1,Dania,28363,post,This is Zara. She loves to draw. This is Faiz. He loves to build things.,10,15,1,1
grade1_profile28363_q3_QK_20251122_101834.mp3,is,1,Dania,28363,post,This is Zara. She loves to draw. This is Faiz. He loves to build things.,1,15,1,1
grade1_profile28363_q3_QK_20251122_101834.mp3,loves,0,Dania,28363,post,This is Zara. She loves to draw. This is Faiz. He loves to build things.,4,15,1,0
grade1_profile28363_q3_QK_20251122_101834.mp3,she,1,Dania,28363,post,This is Zara. She loves to draw. This is Faiz. He loves to build things.,3,15,1,1
grade1_profile28363_q3_QK_20251122_101834.mp3,things,1,Dania,28363,post,This is Zara. She loves to draw. This is Faiz. He loves to build things.,14,15,0,0
grade1_profile28363_q3_QK_20251122_101834.mp3,this,1,Dania,28363,post,This is Zara. She loves to draw. This is Faiz. He loves to build things.,0,15,1,1
grade1_profile28363_q3_QK_20251122_101834.mp3,to,1,Dania,28363,post,This is Zara. She loves to draw. This is Faiz. He loves to build things.,5,15,1,1
grade1_profile28363_q3_QK_20251122_101834.mp3,zara,1,Dania,28363,post,This is Zara. She loves to draw. This is Faiz. He loves to build things.,2,15,0,0
grade1_profile28364_q1_LP_20251122_095026.mp3,can,1,Rehma,28364,pre,Come on. We can do it together.,3,7,1,1
grade1_profile28364_q1_LP_20251122_095026.mp3,come,1,Rehma,28364,pre,Come on. We can do it together.,0,7,1,1
grade1_profile28364_q1_LP_20251122_095026.mp3,do,1,Rehma,28364,pre,Come on. We can do it together.,4,7,1,1
grade1_profile28364_q1_LP_20251122_095026.mp3,it,1,Rehma,28364,pre,Come on. We can do it together.,5,7,1,1
grade1_profile28364_q1_LP_20251122_095026.mp3,on,1,Rehma,28364,pre,Come on. We can do it together.,1,7,1,1
grade1_profile28364_q1_LP_20251122_095026.mp3,together,1,Rehma,28364,pre,Come on. We can do it together.,6,7,0,0
grade1_profile28364_q1_LP_20251122_095026.mp3,we,1,Rehma,28364,pre,Come on. We can do it together.,2,7,1,1
grade1_profile28364_q1_QK_20251122_095622.mp3,can,1,Semal,28364,post,Come on. We can do it together.,3,7,1,1
grade1_profile28364_q1_QK_20251122_095622.mp3,come,1,Semal,28364,post,Come on. We can do it together.,0,7,1,1
grade1_profile28364_q1_QK_20251122_095622.mp3,do,1,Semal,28364,post,Come on. We can do it together.,4,7,1,1
grade1_profile28364_q1_QK_20251122_095622.mp3,it,0,Semal,28364,post,Come on. We can do it together.,5,7,1,0
grade1_profile28364_q1_QK_20251122_095622.mp3,on,1,Semal,28364,post,Come on. We can do it together.,1,7,1,1
grade1_profile28364_q1_QK_20251122_095622.mp3,together,0,Semal,28364,post,Come on. We can do it together.,6,7,0,1
grade1_profile28364_q1_QK_20251122_095622.mp3,we,1,Semal,28364,post,Come on. We can do it together.,2,7,1,1
grade1_profile28364_q2_LP_20251122_100201.mp3,can,0,Amna,28364,pre,It's locked. I can open it.,3,6,0,1
grade1_profile28364_q2_LP_20251122_100201.mp3,i,1,Amna,28364,pre,It's locked. I can open it.,2,6,1,1
grade1_profile28364_q2_LP_20251122_100201.mp3,it,1,Amna,28364,pre,It's locked. I can open it.,5,6,1,1
grade1_profile28364_q2_LP_20251122_100201.mp3,it's,1,Amna,28364,pre,It's locked. I can open it.,0,6,1,1
grade1_profile28364_q2_LP_20251122_100201.mp3,locked,0,Amna,28364,pre,It's locked. I can open it.,1,6,0,1
grade1_profile28364_q2_LP_20251122_100201.mp3,open,1,Amna,28364,pre,It's locked. I can open it.,4,6,1,1
grade1_profile28364_q3_LP_20251122_101304.mp3,build,0,Rukhshan,28364,pre,This is Zara. She loves to draw. This is Faiz. He loves to build things.,13,15,0,1
grade1_profile28364_q3_LP_20251122_101304.mp3,draw,1,Rukhshan,28364,pre,This is Zara. She loves to draw. This is Faiz. He loves to build things.,6,15,1,1
grade1_profile28364_q3_LP_20251122_101304.mp3,faiz,1,Rukhshan,28364,pre,This is Zara. She loves to draw. This is Faiz. He loves to build things.,9,15,0,0
grade1_profile28364_q3_LP_20251122_101304.mp3,he,1,Rukhshan,28364,pre,This is Zara. She loves to draw. This is Faiz. He loves to build things.,10,15,1,1
grade1_profile28364_q3_LP_20251122_101304.mp3,is,1,Rukhshan,28364,pre,This is Zara. She loves to draw. This is Faiz. He loves to build things.,1,15,1,1
grade1_profile28364_q3_LP_20251122_101304.mp3,loves,0,Rukhshan,28364,pre,This is Zara. She loves to draw. This is Faiz. He loves to build things.,4,15,1,0
grade1_profile28364_q3_LP_20251122_101304.mp3,she,1,Rukhshan,28364,pre,This is Zara. She loves to draw. This is Faiz. He loves to build things.,3,15,1,1
grade1_profile28364_q3_LP_20251122_101304.mp3,things,1,Rukhshan,28364,pre,This is Zara. She loves to draw. This is Faiz. He loves to build things.,14,15,0,0
grade1_profile28364_q3_LP_20251122_101304.mp3,this,1,Rukhshan,28364,pre,This is Zara. She loves to draw. This is Faiz. He loves to build things.,0,15,1,1
grade1_profile28364_q3_LP_20251122_101304.mp3,to,1,Rukhshan,28364,pre,This is Zara. She loves to draw. This is Faiz. He loves to build things.,5,15,0,0
grade1_profile28364_q3_LP_20251122_101304.mp3,zara,1,Rukhshan,28364,pre,This is Zara. She loves to draw. This is Faiz. He loves to build things.,2,15,1,1
grade1_profile28364_q3_QK_20251122_101834.mp3,build,1,Dania,28364,post,This is Zara. She loves to draw. This is Faiz. He loves to build things.,13,15,1,1
grade1_profile28364_q3_QK_20251122_101834.mp3,draw,1,Dania,28364,post,This is Zara. She loves to draw. This is Faiz. He loves to build things.,6,15,1,1
grade1_profile28364_q3_QK_20251122_101834.mp3,faiz,1,Dania,28364,post,This is Zara. She loves to draw. This is Faiz. He loves to build things.,9,15,0,0
grade1_profile28364_q3_QK_20251122_101834.mp3,he,1,Dania,28364,post,This is Zara. She loves to draw. This is Faiz. He loves to build things.,10,15,1,1
grade1_profile28364_q3_QK_20251122_101834.mp3,is,1,Dania,28364,post,This is Zara. She loves to draw. This is Faiz. He loves to build things.,1,15,1,1
grade1_profile28364_q3_QK_20251122_101834.mp3,loves,1,Dania,28364,post,This is Zara. She loves to draw. This is Faiz. He loves to build things.,4,15,1,1
grade1_profile28364_q3_QK_20251122_101834.mp3,she,1,Dania,28364,post,This is Zara. She loves to draw. This is Faiz. He loves to build things.,3,15,1,1
grade1_profile28364_q3_QK_20251122_101834.mp3,things,1,Dania,28364,post,This is Zara. She loves to draw. This is Faiz. He loves to build things.,14,15,1,1
grade1_profile28364_q3_QK_20251122_101834.mp3,this,1,Dania,28364,post,This is Zara. She loves to draw. This is Faiz. He loves to build things.,0,15,1,1
grade1_profile28364_q3_QK_20251122_101834.mp3,to,1,Dania,28364,post,This is Zara. She loves to draw. This is Faiz. He loves to build things.,5,15,1,1
grade1_profile28364_q3_QK_20251122_101834.mp3,zara,1,Dania,28364,post,This is Zara. She loves to draw. This is Faiz. He loves to build things.,2,15,0,0
grade1_profile28369_q1_LP_20251122_095026.mp3,come,1,Dania,28369,pre,Come on. We can do it together.,0,7,0,0
grade1_profile28369_q1_LP_20251122_095026.mp3,on,0,Dania,28369,pre,Come on. We can do it together.,1,7,0,1
grade1_profile28369_q1_QK_20251122_095622.mp3,can,1,Dania,28369,post,Come on. We can do it together.,3,7,1,1
grade1_profile28369_q1_QK_20251122_095622.mp3,come,1,Dania,28369,post,Come on. We can do it together.,0,7,0,0
grade1_profile28369_q1_QK_20251122_095622.mp3,do,1,Dania,28369,post,Come on. We can do it together.,4,7,1,1
grade1_profile28369_q1_QK_20251122_095622.mp3,it,1,Dania,28369,post,Come on. We can do it together.,5,7,1,1
grade1_profile28369_q1_QK_20251122_095622.mp3,on,1,Dania,28369,post,Come on. We can do it together.,1,7,1,1
grade1_profile28369_q1_QK_20251122_095622.mp3,together,1,Dania,28369,post,Come on. We can do it together.,6,7,0,0
grade1_profile28369_q1_QK_20251122_095622.mp3,we,1,Dania,28369,post,Come on. We can do it together.,2,7,1,1
grade1_profile28369_q2_LP_20251122_100201.mp3,it,0,Rukhshan,28369,pre,It's locked. I can open it.,5,6,1,0
grade1_profile28369_q2_LP_20251122_100201.mp3,it's,1,Rukhshan,28369,pre,It's locked. I can open it.,0,6,1,1
grade1_profile28369_q2_QK_20251122_100724.mp3,can,1,Semal,28369,post,It's locked. I can open it.,3,6,1,1
grade1_profile28369_q2_QK_20251122_100724.mp3,i,1,Semal,28369,post,It's locked. I can open it.,2,6,1,1
grade1_profile28369_q2_QK_20251122_100724.mp3,it,1,Semal,28369,post,It's locked. I can open it.,5,6,1,1
grade1_profile28369_q2_QK_20251122_100724.mp3,it's,0,Semal,28369,post,It's locked. I can open it.,0,6,1,0
grade1_profile28369_q2_QK_20251122_100724.mp3,locked,0,Semal,28369,post,It's locked. I can open it.,1,6,1,0
grade1_profile28369_q2_QK_20251122_100724.mp3,open,1,Semal,28369,post,It's locked. I can open it.,4,6,1,1
grade1_profile28369_q3_LP_20251122_101304.mp3,build,1,Amna,28369,pre,This is Zara. She loves to draw. This is Faiz. He loves to build things.,13,15,0,0
grade1_profile28369_q3_LP_20251122_101304.mp3,draw,1,Amna,28369,pre,This is Zara. She loves to draw. This is Faiz. He loves to build things.,6,15,0,0
grade1_profile28369_q3_LP_20251122_101304.mp3,faiz,1,Amna,28369,pre,This is Zara. She loves to draw. This is Faiz. He loves to build things.,9,15,0,0
grade1_profile28369_q3_LP_20251122_101304.mp3,he,1,Amna,28369,pre,This is Zara. She loves to draw. This is Faiz. He loves to build things.,10,15,1,1
grade1_profile28369_q3_LP_20251122_101304.mp3,is,1,Amna,28369,pre,This is Zara. She loves to draw. This is Faiz. He loves to build things.,1,15,0,0
grade1_profile28369_q3_LP_20251122_101304.mp3,loves,1,Amna,28369,pre,This is Zara. She loves to draw. This is Faiz. He loves to build things.,4,15,1,1
grade1_profile28369_q3_LP_20251122_101304.mp3,she,1,Amna,28369,pre,This is Zara. She loves to draw. This is Faiz. He loves to build things.,3,15,0,0
grade1_profile28369_q3_LP_20251122_101304.mp3,things,1,Amna,28369,pre,This is Zara. She loves to draw. This is Faiz. He loves to build things.,14,15,0,0
grade1_profile28369_q3_LP_20251122_101304.mp3,this,1,Amna,28369,pre,This is Zara. She loves to draw. This is Faiz. He loves to build things.,0,15,1,1
grade1_profile28369_q3_LP_20251122_101304.mp3,to,1,Amna,28369,pre,This is Zara. She loves to draw. This is Faiz. He loves to build things.,5,15,1,1
grade1_profile28369_q3_LP_20251122_101304.mp3,zara,1,Amna,28369,pre,This is Zara. She loves to draw. This is Faiz. He loves to build things.,2,15,0,0
grade1_profile28371_q1_LP_20251122_095026.mp3,can,1,Semal,28371,pre,Come on. We can do it together.,3,7,0,0
grade1_profile28371_q1_LP_20251122_095026.mp3,come,1,Semal,28371,pre,Come on. We can do it together.,0,7,1,1
grade1_profile28371_q1_LP_20251122_095026.mp3,do,1,Semal,28371,pre,Come on. We can do it together.,4,7,0,0
grade1_profile28371_q1_LP_20251122_095026.mp3,it,1,Semal,28371,pre,Come on. We can do it together.,5,7,0,0
grade1_profile28371_q1_LP_20251122_095026.mp3,on,1,Semal,28371,pre,Come on. We can do it together.,1,7,1,1
grade1_profile28371_q1_LP_20251122_095026.mp3,together,0,Semal,28371,pre,Come on. We can do it together.,6,7,0,1
grade1_profile28371_q1_LP_20251122_095026.mp3,we,1,Semal,28371,pre,Come on. We can do it together.,2,7,0,0
grade1_profile28371_q1_QK_20251122_095622.mp3,can,1,Amna,28371,post,Come on. We can do it together.,3,7,0,0
grade1_profile28371_q1_QK_20251122_095622.mp3,come,0,Amna,28371,post,Come on. We can do it together.,0,7,0,1
grade1_profile28371_q1_QK_20251122_095622.mp3,do,1,Amna,28371,post,Come on. We can do it together.,4,7,1,1
grade1_profile28371_q1_QK_20251122_095622.mp3,it,1,Amna,28371,post,Come on. We can do it together.,5,7,1,1
grade1_profile28371_q1_QK_20251122_095622.mp3,on,0,Amna,28371,post,Come on. We can do it together.,1,7,0,1
grade1_profile28371_q1_QK_20251122_095622.mp3,together,1,Amna,28371,post,Come on. We can do it together.,6,7,0,0
grade1_profile28371_q1_QK_20251122_095622.mp3,we,0,Amna,28371,post,Come on. We can do it together.,2,7,0,1
grade1_profile28371_q2_LP_20251122_100201.mp3,can,1,Amna,28371,pre,It's locked. I can open it.,3,6,1,1
grade1_profile28371_q2_LP_20251122_100201.mp3,i,1,Amna,28371,pre,It's locked. I can open it.,2,6,1,1
grade1_profile28371_q2_LP_20251122_100201.mp3,it,1,Amna,28371,pre,It's locked. I can open it.,5,6,1,1
grade1_profile28371_q2_LP_20251122_100201.mp3,it's,1,Amna,28371,pre,It's locked. I can open it.,0,6,0,0
grade1_profile28371_q2_LP_20251122_100201.mp3,locked,0,Amna,28371,pre,It's locked. I can open it.,1,6,0,1
grade1_profile28371_q2_LP_20251122_100201.mp3,open,1,Amna,28371,pre,It's locked. I can open it.,4,6,1,1
grade1_profile28371_q2_QK_20251122_100724.mp3,can,1,Rehma,28371,post,It's locked. I can open it.,3,6,0,0
grade1_profile28371_q2_QK_20251122_100724.mp3,i,1,Rehma,28371,post,It's locked. I can open it.,2,6,0,0
grade1_profile28371_q2_QK_20251122_100724.mp3,it,1,Rehma,28371,post,It's locked. I can open it.,5,6,1,1
grade1_profile28371_q2_QK_20251122_100724.mp3,it's,0,Rehma,28371,post,It's locked. I can open it.,0,6,0,1
grade1_profile28371_q2_QK_20251122_100724.mp3,open,0,Rehma,28371,post,It's locked. I can open it.,4,6,1,0
grade1_profile28371_q3_LP_20251122_101304.mp3,draw,0,Rehma,28371,pre,This is Zara. She loves to draw. This is Faiz. He loves to build things.,6,15,0,1
grade1_profile28371_q3_LP_20251122_101304.mp3,is,1,Rehma,28371,pre,This is Zara. She loves to draw. This is Faiz. He loves to build things.,1,15,1,1
grade1_profile28371_q3_LP_20251122_101304.mp3,loves,0,Rehma,28371,pre,This is Zara. She loves to draw. This is Faiz. He loves to build things.,4,15,1,0
grade1_profile28371_q3_LP_20251122_101304.mp3,she,0,Rehma,28371,pre,This is Zara. She loves to draw. This is Faiz. He loves to build things.,3,15,0,1
grade1_profile28371_q3_LP_20251122_101304.mp3,this,0,Rehma,28371,pre,This is Zara. She loves to draw. This is Faiz. He loves to build things.,0,15,1,0
grade1_profile28371_q3_LP_20251122_101304.mp3,to,0,Rehma,28371,pre,This is Zara. She loves to draw. This is Faiz. He loves to build things.,5,15,1,0
grade1_profile28371_q3_LP_20251122_101304.mp3,zara,0,Rehma,28371,pre,This is Zara. She loves to draw. This is Faiz. He loves to build things.,2,15,0,1
grade1_profile28371_q3_QK_20251122_101834.mp3,draw,1,Ali,28371,post,This is Zara. She loves to draw. This is Faiz. He loves to build things.,6,15,0,0
grade1_profile28371_q3_QK_20251122_101834.mp3,is,1,Ali,28371,post,This is Zara. She loves to draw. This is Faiz. He loves to build things.,1,15,0,0
grade1_profile28371_q3_QK_20251122_101834.mp3,loves,1,Ali,28371,post,This is Zara. She loves to draw. This is Faiz. He loves to build things.,4,15,1,1
grade1_profile28371_q3_QK_20251122_101834.mp3,she,1,Ali,28371,post,This is Zara. She loves to draw. This is Faiz. He loves to build things.,3,15,0,0
grade1_profile28371_q3_QK_20251122_101834.mp3,this,1,Ali,28371,post,This is Zara. She loves to draw. This is Faiz. He loves to build things.,0,15,0,0
grade1_profile28371_q3_QK_20251122_101834.mp3,to,1,Ali,28371,post,This is Zara. She loves to draw. This is Faiz. He loves to build things.,5,15,1,1
grade1_profile28371_q3_QK_20251122_101834.mp3,zara,1,Ali,28371,post,This is Zara. She loves to draw. This is Faiz. He loves to build things.,2,15,0,0
grade1_profile28375_q1_LP_20251122_095026.mp3,can,1,Rukhshan,28375,pre,Come on. We can do it together.,3,7,1,1
grade1_profile28375_q1_LP_20251122_095026.mp3,come,1,Rukhshan,28375,pre,Come on. We can do it together.,0,7,1,1
grade1_profile28375_q1_LP_20251122_095026.mp3,do,1,Rukhshan,28375,pre,Come on. We can do it together.,4,7,1,1
grade1_profile28375_q1_LP_20251122_095026.mp3,it,1,Rukhshan,28375,pre,Come on. We can do it together.,5,7,1,1
grade1_profile28375_q1_LP_20251122_095026.mp3,on,1,Rukhshan,28375,pre,Come on. We can do it together.,1,7,1,1
grade1_profile28375_q1_LP_20251122_095026.mp3,together,1,Rukhshan,28375,pre,Come on. We can do it together.,6,7,1,1
grade1_profile28375_q1_LP_20251122_095026.mp3,we,1,Rukhshan,28375,pre,Come on. We can do it together.,2,7,1,1
grade1_profile28375_q1_QK_20251122_095622.mp3,can,1,Rehma,28375,post,Come on. We can do it together.,3,7,1,1
grade1_profile28375_q1_QK_20251122_095622.mp3,come,0,Rehma,28375,post,Come on. We can do it together.,0,7,0,1
grade1_profile28375_q1_QK_20251122_095622.mp3,do,1,Rehma,28375,post,Come on. We can do it together.,4,7,1,1
grade1_profile28375_q1_QK_20251122_095622.mp3,it,1,Rehma,28375,post,Come on. We can do it together.,5,7,1,1
grade1_profile28375_q1_QK_20251122_095622.mp3,on,0,Rehma,28375,post,Come on. We can do it together.,1,7,1,0
grade1_profile28375_q1_QK_20251122_095622.mp3,together,1,Rehma,28375,post,Come on. We can do it together.,6,7,0,0
grade1_profile28375_q1_QK_20251122_095622.mp3,we,1,Rehma,28375,post,Come on. We can do it together.,2,7,1,1
grade1_profile28375_q2_LP_20251122_100201.mp3,can,1,Rehma,28375,pre,It's locked. I can open it.,3,6,0,0
grade1_profile28375_q2_LP_20251122_100201.mp3,i,1,Rehma,28375,pre,It's locked. I can open it.,2,6,1,1
grade1_profile28375_q2_LP_20251122_100201.mp3,it's,0,Rehma,28375,pre,It's locked. I can open it.,0,6,1,0
grade1_profile28375_q2_LP_20251122_100201.mp3,locked,0,Rehma,28375,pre,It's locked. I can open it.,1,6,0,1
grade1_profile28375_q2_QK_20251122_100724.mp3,can,1,Dania,28375,post,It's locked. I can open it.,3,6,1,1
grade1_profile28375_q2_QK_20251122_100724.mp3,i,1,Dania,28375,post,It's locked. I can open it.,2,6,1,1
grade1_profile28375_q2_QK_20251122_100724.mp3,it,1,Dania,28375,post,It's locked. I can open it.,5,6,1,1
grade1_profile28375_q2_QK_20251122_100724.mp3,it's,0,Dania,28375,post,It's locked. I can open it.,0,6,0,1
grade1_profile28375_q2_QK_20251122_100724.mp3,locked,0,Dania,28375,post,It's locked. I can open it.,1,6,0,1
grade1_profile28375_q2_QK_20251122_100724.mp3,open,1,Dania,28375,post,It's locked. I can open it.,4,6,1,1
grade1_profile28375_q3_LP_20251122_101304.mp3,draw,0,Semal,28375,pre,This is Zara. She loves to draw. This is Faiz. He loves to build things.,6,15,0,1
grade1_profile28375_q3_LP_20251122_101304.mp3,faiz,1,Semal,28375,pre,This is Zara. She loves to draw. This is Faiz. He loves to build things.,9,15,0,0
grade1_profile28375_q3_LP_20251122_101304.mp3,he,1,Semal,28375,pre,This is Zara. She loves to draw. This is Faiz. He loves to build things.,10,15,1,1
grade1_profile28375_q3_LP_20251122_101304.mp3,is,1,Semal,28375,pre,This is Zara. She loves to draw. This is Faiz. He loves to build things.,1,15,1,1
grade1_profile28375_q3_LP_20251122_101304.mp3,loves,0,Semal,28375,pre,This is Zara. She loves to draw. This is Faiz. He loves to build things.,4,15,1,0
grade1_profile28375_q3_LP_20251122_101304.mp3,this,1,Semal,28375,pre,This is Zara. She loves to draw. This is Faiz. He loves to build things.,0,15,1,1
grade1_profile28375_q3_LP_20251122_101304.mp3,to,1,Semal,28375,pre,This is Zara. She loves to draw. This is Faiz. He loves to build things.,5,15,1,1
grade1_profile28375_q3_LP_20251122_101304.mp3,zara,1,Semal,28375,pre,This is Zara. She loves to draw. This is Faiz. He loves to build things.,2,15,0,0
grade1_profile28375_q3_QK_20251122_101834.mp3,build,1,Semal,28375,post,This is Zara. She loves to draw. This is Faiz. He loves to build things.,13,15,1,1
grade1_profile28375_q3_QK_20251122_101834.mp3,draw,0,Semal,28375,post,This is Zara. She loves to draw. This is Faiz. He loves to build things.,6,15,0,1
grade1_profile28375_q3_QK_20251122_101834.mp3,faiz,1,Semal,28375,post,This is Zara. She loves to draw. This is Faiz. He loves to build things.,9,15,0,0
grade1_profile28375_q3_QK_20251122_101834.mp3,he,1,Semal,28375,post,This is Zara. She loves to draw. This is Faiz. He loves to build things.,10,15,1,1
grade1_profile28375_q3_QK_20251122_101834.mp3,is,1,Semal,28375,post,This is Zara. She loves to draw. This is Faiz. He loves to build things.,1,15,1,1
grade1_profile28375_q3_QK_20251122_101834.mp3,loves,0,Semal,28375,post,This is Zara. She loves to draw. This is Faiz. He loves to build things.,4,15,1,0
grade1_profile28375_q3_QK_20251122_101834.mp3,she,1,Semal,28375,post,This is Zara. She loves to draw. This is Faiz. He loves to build things.,3,15,1,1
grade1_profile28375_q3_QK_20251122_101834.mp3,things,1,Semal,28375,post,This is Zara. She loves to draw. This is Faiz. He loves to build things.,14,15,0,0
grade1_profile28375_q3_QK_20251122_101834.mp3,this,1,Semal,28375,post,This is Zara. She loves to draw. This is Faiz. He loves to build things.,0,15,1,1
grade1_profile28375_q3_QK_20251122_101834.mp3,to,1,Semal,28375,post,This is Zara. She loves to draw. This is Faiz. He loves to build things.,5,15,1,1
grade1_profile28375_q3_QK_20251122_101834.mp3,zara,1,Semal,28375,post,This is Zara. She loves to draw. This is Faiz. He loves to build things.,2,15,1,1
grade1_profile28376_q1_LP_20251122_095026.mp3,come,1,Rukhshan,28376,pre,Come on. We can do it together.,0,7,0,0
grade1_profile28376_q1_LP_20251122_095026.mp3,it,0,Rukhshan,28376,pre,Come on. We can do it together.,5,7,1,0
grade1_profile28376_q1_LP_20251122_095026.mp3,on,0,Rukhshan,28376,pre,Come on. We can do it together.,1,7,0,1
grade1_profile28376_q1_LP_20251122_095026.mp3,together,0,Rukhshan,28376,pre,Come on. We can do it together.,6,7,0,1
grade1_profile28376_q1_QK_20251122_095622.mp3,can,1,Semal,28376,post,Come on. We can do it together.,3,7,1,1
grade1_profile28376_q1_QK_20251122_095622.mp3,come,1,Semal,28376,post,Come on. We can do it together.,0,7,1,1
grade1_profile28376_q1_QK_20251122_095622.mp3,do,1,Semal,28376,post,Come on. We can do it together.,4,7,1,1
grade1_profile28376_q1_QK_20251122_095622.mp3,it,1,Semal,28376,post,Come on. We can do it together.,5,7,1,1
grade1_profile28376_q1_QK_20251122_095622.mp3,on,1,Semal,28376,post,Come on. We can do it together.,1,7,1,1
grade1_profile28376_q1_QK_20251122_095622.mp3,together,0,Semal,28376,post,Come on. We can do it together.,6,7,1,0
grade1_profile28376_q1_QK_20251122_095622.mp3,we,1,Semal,28376,post,Come on. We can do it together.,2,7,1,1
grade1_profile28376_q2_LP_20251122_100201.mp3,can,0,Salman,28376,pre,It's locked. I can open it.,3,6,0,1
grade1_profile28376_q2_LP_20251122_100201.mp3,i,1,Salman,28376,pre,It's locked. I can open it.,2,6,1,1
grade1_profile28376_q2_LP_20251122_100201.mp3,it,1,Salman,28376,pre,It's locked. I can open it.,5,6,1,1
grade1_profile28376_q2_LP_20251122_100201.mp3,it's,1,Salman,28376,pre,It's locked. I can open it.,0,6,1,1
grade1_profile28376_q2_LP_20251122_100201.mp3,locked,0,Salman,28376,pre,It's locked. I can open it.,1,6,0,1
grade1_profile28376_q2_LP_20251122_100201.mp3,open,1,Salman,28376,pre,It's locked. I can open it.,4,6,1,1
grade1_profile28376_q3_LP_20251122_101304.mp3,build,1,Salman,28376,pre,This is Zara. She loves to draw. This is Faiz. He loves to build things.,13,15,1,1
grade1_profile28376_q3_LP_20251122_101304.mp3,draw,1,Salman,28376,pre,This is Zara. She loves to draw. This is Faiz. He loves to build things.,6,15,0,0
grade1_profile28376_q3_LP_20251122_101304.mp3,faiz,1,Salman,28376,pre,This is Zara. She loves to draw. This is Faiz. He loves to build things.,9,15,0,0
grade1_profile28376_q3_LP_20251122_101304.mp3,he,1,Salman,28376,pre,This is Zara. She loves to draw. This is Faiz. He loves to build things.,10,15,0,0
grade1_profile28376_q3_LP_20251122_101304.mp3,is,1,Salman,28376,pre,This is Zara. She loves to draw. This is Faiz. He loves to build things.,1,15,1,1
grade1_profile28376_q3_LP_20251122_101304.mp3,loves,1,Salman,28376,pre,This is Zara. She loves to draw. This is Faiz. He loves to build things.,4,15,1,1
grade1_profile28376_q3_LP_20251122_101304.mp3,she,1,Salman,28376,pre,This is Zara. She loves to draw. This is Faiz. He loves to build things.,3,15,1,1
grade1_profile28376_q3_LP_20251122_101304.mp3,things,1,Salman,28376,pre,This is Zara. She loves to draw. This is Faiz. He loves to build things.,14,15,0,0
grade1_profile28376_q3_LP_20251122_101304.mp3,this,1,Salman,28376,pre,This is Zara. She loves to draw. This is Faiz. He loves to build things.,0,15,1,1
grade1_profile28376_q3_LP_20251122_101304.mp3,to,1,Salman,28376,pre,This is Zara. She loves to draw. This is Faiz. He loves to build things.,5,15,1,1
grade1_profile28376_q3_LP_20251122_101304.mp3,zara,1,Salman,28376,pre,This is Zara. She loves to draw. This is Faiz. He loves to build things.,2,15,1,1
grade1_profile28381_q1_LP_20251122_095026.mp3,can,1,Salman,28381,pre,Come on. We can do it together.,3,7,1,1
grade1_profile28381_q1_LP_20251122_095026.mp3,come,1,Salman,28381,pre,Come on. We can do it together.,0,7,1,1
grade1_profile28381_q1_LP_20251122_095026.mp3,do,1,Salman,28381,pre,Come on. We can do it together.,4,7,1,1
grade1_profile28381_q1_LP_20251122_095026.mp3,it,1,Salman,28381,pre,Come on. We can do it together.,5,7,1,1
grade1_profile28381_q1_LP_20251122_095026.mp3,on,1,Salman,28381,pre,Come on. We can do it together.,1,7,1,1
grade1_profile28381_q1_LP_20251122_095026.mp3,together,0,Salman,28381,pre,Come on. We can do it together.,6,7,0,1
grade1_profile28381_q1_LP_20251122_095026.mp3,we,1,Salman,28381,pre,Come on. We can do it together.,2,7,1,1
grade1_profile28381_q1_QK_20251122_095622.mp3,can,1,Rehma,28381,post,Come on. We can do it together.,3,7,1,1
grade1_profile28381_q1_QK_20251122_095622.mp3,come,0,Rehma,28381,post,Come on. We can do it together.,0,7,0,1
grade1_profile28381_q1_QK_20251122_095622.mp3,do,1,Rehma,28381,post,Come on. We can do it together.,4,7,1,1
grade1_profile28381_q1_QK_20251122_095622.mp3,it,1,Rehma,28381,post,Come on. We can do it together.,5,7,1,1
grade1_profile28381_q1_QK_20251122_095622.mp3,on,0,Rehma,28381,post,Come on. We can do it together.,1,7,1,0
grade1_profile28381_q1_QK_20251122_095622.mp3,together,0,Rehma,28381,post,Come on. We can do it together.,6,7,1,0
grade1_profile28381_q1_QK_20251122_095622.mp3,we,1,Rehma,28381,post,Come on. We can do it together.,2,7,1,1
grade1_profile28381_q2_LP_20251122_100201.mp3,can,1,Amna,28381,pre,It's locked. I can open it.,3,6,1,1
grade1_profile28381_q2_LP_20251122_100201.mp3,i,1,Amna,28381,pre,It's locked. I can open it.,2,6,1,1
grade1_profile28381_q2_LP_20251122_100201.mp3,it,1,Amna,28381,pre,It's locked. I can open it.,5,6,1,1
grade1_profile28381_q2_LP_20251122_100201.mp3,it's,1,Amna,28381,pre,It's locked. I can open it.,0,6,1,1
grade1_profile28381_q2_LP_20251122_100201.mp3,locked,1,Amna,28381,pre,It's locked. I can open it.,1,6,1,1
grade1_profile28381_q2_LP_20251122_100201.mp3,open,1,Amna,28381,pre,It's locked. I can open it.,4,6,1,1
grade1_profile28381_q2_QK_20251122_100724.mp3,can,1,Amna,28381,post,It's locked. I can open it.,3,6,1,1
grade1_profile28381_q2_QK_20251122_100724.mp3,i,1,Amna,28381,post,It's locked. I can open it.,2,6,1,1
grade1_profile28381_q2_QK_20251122_100724.mp3,it,1,Amna,28381,post,It's locked. I can open it.,5,6,1,1
grade1_profile28381_q2_QK_20251122_100724.mp3,it's,1,Amna,28381,post,It's locked. I can open it.,0,6,1,1
grade1_profile28381_q2_QK_20251122_100724.mp3,locked,1,Amna,28381,post,It's locked. I can open it.,1,6,0,0
grade1_profile28381_q2_QK_20251122_100724.mp3,open,1,Amna,28381,post,It's locked. I can open it.,4,6,1,1
grade1_profile28381_q3_LP_20251122_101304.mp3,build,1,Rukhshan,28381,pre,This is Zara. She loves to draw. This is Faiz. He loves to build things.,13,15,1,1
grade1_profile28381_q3_LP_20251122_101304.mp3,draw,0,Rukhshan,28381,pre,This is Zara. She loves to draw. This is Faiz. He loves to build things.,6,15,1,0
grade1_profile28381_q3_LP_20251122_101304.mp3,faiz,1,Rukhshan,28381,pre,This is Zara. She loves to draw. This is Faiz. He loves to build things.,9,15,0,0
grade1_profile28381_q3_LP_20251122_101304.mp3,he,1,Rukhshan,28381,pre,This is Zara. She loves to draw. This is Faiz. He loves to build things.,10,15,1,1
grade1_profile28381_q3_LP_20251122_101304.mp3,is,1,Rukhshan,28381,pre,This is Zara. She loves to draw. This is Faiz. He loves to build things.,1,15,1,1
grade1_profile28381_q3_LP_20251122_101304.mp3,loves,1,Rukhshan,28381,pre,This is Zara. She loves to draw. This is Faiz. He loves to build things.,4,15,1,1
grade1_profile28381_q3_LP_20251122_101304.mp3,she,1,Rukhshan,28381,pre,This is Zara. She loves to draw. This is Faiz. He loves to build things.,3,15,1,1
grade1_profile28381_q3_LP_20251122_101304.mp3,things,1,Rukhshan,28381,pre,This is Zara. She loves to draw. This is Faiz. He loves to build things.,14,15,1,1
grade1_profile28381_q3_LP_20251122_101304.mp3,this,1,Rukhshan,28381,pre,This is Zara. She loves to draw. This is Faiz. He loves to build things.,0,15,1,1
grade1_profile28381_q3_LP_20251122_101304.mp3,to,1,Rukhshan,28381,pre,This is Zara. She loves to draw. This is Faiz. He loves to build things.,5,15,1,1
grade1_profile28381_q3_LP_20251122_101304.mp3,zara,1,Rukhshan,28381,pre,This is Zara. She loves to draw. This is Faiz. He loves to build things.,2,15,1,1
grade1_profile28381_q3_QK_20251122_101834.mp3,build,1,Dania,28381,post,This is Zara. She loves to draw. This is Faiz. He loves to build things.,13,15,1,1
grade1_profile28381_q3_QK_20251122_101834.mp3,draw,1,Dania,28381,post,This is Zara. She loves to draw. This is Faiz. He loves to build things.,6,15,1,1
grade1_profile28381_q3_QK_20251122_101834.mp3,faiz,1,Dania,28381,post,This is Zara. She loves to draw. This is Faiz. He loves to build things.,9,15,0,0
grade1_profile28381_q3_QK_20251122_101834.mp3,he,1,Dania,28381,post,This is Zara. She loves to draw. This is Faiz. He loves to build things.,10,15,1,1
grade1_profile28381_q3_QK_20251122_101834.mp3,is,1,Dania,28381,post,This is Zara. She loves to draw. This is Faiz. He loves to build things.,1,15,1,1
grade1_profile28381_q3_QK_20251122_101834.mp3,loves,1,Dania,28381,post,This is Zara. She loves to draw. This is Faiz. He loves to build things.,4,15,1,1
grade1_profile28381_q3_QK_20251122_101834.mp3,she,1,Dania,28381,post,This is Zara. She loves to draw. This is Faiz. He loves to build things.,3,15,1,1
grade1_profile28381_q3_QK_20251122_101834.mp3,things,1,Dania,28381,post,This is Zara. She loves to draw. This is Faiz. He loves to build things.,14,15,1,1
grade1_profile28381_q3_QK_20251122_101834.mp3,this,1,Dania,28381,post,This is Zara. She loves to draw. This is Faiz. He loves to build things.,0,15,1,1
grade1_profile28381_q3_QK_20251122_101834.mp3,to,1,Dania,28381,post,This is Zara. She loves to draw. This is Faiz. He loves to build things.,5,15,1,1
grade1_profile28381_q3_QK_20251122_101834.mp3,zara,1,Dania,28381,post,This is Zara. She loves to draw. This is Faiz. He loves to build things.,2,15,1,1
grade1_profile28382_q1_LP_20251122_095026.mp3,can,1,Semal,28382,pre,Come on. We can do it together.,3,7,1,1
grade1_profile28382_q1_LP_20251122_095026.mp3,come,1,Semal,28382,pre,Come on. We can do it together.,0,7,1,1
grade1_profile28382_q1_LP_20251122_095026.mp3,do,0,Semal,28382,pre,Come on. We can do it together.,4,7,1,0
grade1_profile28382_q1_LP_20251122_095026.mp3,it,0,Semal,28382,pre,Come on. We can do it together.,5,7,1,0
grade1_profile28382_q1_LP_20251122_095026.mp3,on,1,Semal,28382,pre,Come on. We can do it together.,1,7,1,1
grade1_profile28382_q1_LP_20251122_095026.mp3,together,1,Semal,28382,pre,Come on. We can do it together.,6,7,0,0
grade1_profile28382_q1_LP_20251122_095026.mp3,we,1,Semal,28382,pre,Come on. We can do it together.,2,7,1,1
grade1_profile28382_q1_QK_20251122_095622.mp3,can,1,Rukhshan,28382,post,Come on. We can do it together.,3,7,1,1
grade1_profile28382_q1_QK_20251122_095622.mp3,come,1,Rukhshan,28382,post,Come on. We can do it together.,0,7,1,1
grade1_profile28382_q1_QK_20251122_095622.mp3,do,1,Rukhshan,28382,post,Come on. We can do it together.,4,7,1,1
grade1_profile28382_q1_QK_20251122_095622.mp3,it,0,Rukhshan,28382,post,Come on. We can do it together.,5,7,1,0
grade1_profile28382_q1_QK_20251122_095622.mp3,on,0,Rukhshan,28382,post,Come on. We can do it together.,1,7,1,0
grade1_profile28382_q1_QK_20251122_095622.mp3,together,0,Rukhshan,28382,post,Come on. We can do it together.,6,7,1,0
grade1_profile28382_q1_QK_20251122_095622.mp3,we,1,Rukhshan,28382,post,Come on. We can do it together.,2,7,1,1
grade1_profile28382_q2_LP_20251122_100201.mp3,can,1,Amna,28382,pre,It's locked. I can open it.,3,6,1,1
grade1_profile28382_q2_LP_20251122_100201.mp3,i,1,Amna,28382,pre,It's locked. I can open it.,2,6,1,1
grade1_profile28382_q2_LP_20251122_100201.mp3,it,1,Amna,28382,pre,It's locked. I can open it.,5,6,1,1
grade1_profile28382_q2_LP_20251122_100201.mp3,it's,1,Amna,28382,pre,It's locked. I can open it.,0,6,1,1
grade1_profile28382_q2_LP_20251122_100201.mp3,locked,0,Amna,28382,pre,It's locked. I can open it.,1,6,0,1
grade1_profile28382_q2_LP_20251122_100201.mp3,open,1,Amna,28382,pre,It's locked. I can open it.,4,6,1,1
grade1_profile28382_q2_QK_20251122_100724.mp3,can,1,Amna,28382,post,It's locked. I can open it.,3,6,1,1
grade1_profile28382_q2_QK_20251122_100724.mp3,i,1,Amna,28382,post,It's locked. I can open it.,2,6,1,1
grade1_profile28382_q2_QK_20251122_100724.mp3,it,1,Amna,28382,post,It's locked. I can open it.,5,6,1,1
grade1_profile28382_q2_QK_20251122_100724.mp3,it's,0,Amna,28382,post,It's locked. I can open it.,0,6,1,0
grade1_profile28382_q2_QK_20251122_100724.mp3,locked,0,Amna,28382,post,It's locked. I can open it.,1,6,0,1
grade1_profile28382_q2_QK_20251122_100724.mp3,open,1,Amna,28382,post,It's locked. I can open it.,4,6,1,1
grade1_profile28382_q3_LP_20251122_101304.mp3,build,1,Amna,28382,pre,This is Zara. She loves to draw. This is Faiz. He loves to build things.,13,15,0,0
grade1_profile28382_q3_LP_20251122_101304.mp3,faiz,1,Amna,28382,pre,This is Zara. She loves to draw. This is Faiz. He loves to build things.,9,15,0,0
grade1_profile28382_q3_LP_20251122_101304.mp3,he,1,Amna,28382,pre,This is Zara. She loves to draw. This is Faiz. He loves to build things.,10,15,1,1
grade1_profile28382_q3_LP_20251122_101304.mp3,is,1,Amna,28382,pre,This is Zara. She loves to draw. This is Faiz. He loves to build things.,1,15,1,1
grade1_profile28382_q3_LP_20251122_101304.mp3,loves,0,Amna,28382,pre,This is Zara. She loves to draw. This is Faiz. He loves to build things.,4,15,1,0
grade1_profile28382_q3_LP_20251122_101304.mp3,she,1,Amna,28382,pre,This is Zara. She loves to draw. This is Faiz. He loves to build things.,3,15,1,1
grade1_profile28382_q3_LP_20251122_101304.mp3,things,0,Amna,28382,pre,This is Zara. She loves to draw. This is Faiz. He loves to build things.,14,15,0,1
grade1_profile28382_q3_LP_20251122_101304.mp3,this,1,Amna,28382,pre,This is Zara. She loves to draw. This is Faiz. He loves to build things.,0,15,1,1
grade1_profile28382_q3_LP_20251122_101304.mp3,to,1,Amna,28382,pre,This is Zara. She loves to draw. This is Faiz. He loves to build things.,5,15,1,1
grade1_profile28382_q3_LP_20251122_101304.mp3,zara,1,Amna,28382,pre,This is Zara. She loves to draw. This is Faiz. He loves to build things.,2,15,1,1
grade1_profile28382_q3_QK_20251122_101834.mp3,build,0,Semal,28382,post,This is Zara. She loves to draw. This is Faiz. He loves to build things.,13,15,1,0
grade1_profile28382_q3_QK_20251122_101834.mp3,draw,1,Semal,28382,post,This is Zara. She loves to draw. This is Faiz. He loves to build things.,6,15,1,1
grade1_profile28382_q3_QK_20251122_101834.mp3,faiz,1,Semal,28382,post,This is Zara. She loves to draw. This is Faiz. He loves to build things.,9,15,0,0
grade1_profile28382_q3_QK_20251122_101834.mp3,he,1,Semal,28382,post,This is Zara. She loves to draw. This is Faiz. He loves to build things.,10,15,1,1
grade1_profile28382_q3_QK_20251122_101834.mp3,is,1,Semal,28382,post,This is Zara. She loves to draw. This is Faiz. He loves to build things.,1,15,1,1
grade1_profile28382_q3_QK_20251122_101834.mp3,loves,0,Semal,28382,post,This is Zara. She loves to draw. This is Faiz. He loves to build things.,4,15,1,0
grade1_profile28382_q3_QK_20251122_101834.mp3,she,1,Semal,28382,post,This is Zara. She loves to draw. This is Faiz. He loves to build things.,3,15,1,1
grade1_profile28382_q3_QK_20251122_101834.mp3,things,0,Semal,28382,post,This is Zara. She loves to draw. This is Faiz. He loves to build things.,14,15,0,1
grade1_profile28382_q3_QK_20251122_101834.mp3,this,1,Semal,28382,post,This is Zara. She loves to draw. This is Faiz. He loves to build things.,0,15,1,1
grade1_profile28382_q3_QK_20251122_101834.mp3,to,1,Semal,28382,post,This is Zara. She loves to draw. This is Faiz. He loves to build things.,5,15,1,1
grade1_profile28382_q3_QK_20251122_101834.mp3,zara,1,Semal,28382,post,This is Zara. She loves to draw. This is Faiz. He loves to build things.,2,15,1,1
grade1_profile28385_q1_LP_20251122_095026.mp3,do,1,Rukhshan,28385,pre,Come on. We can do it together.,4,7,0,0
grade1_profile28385_q1_QK_20251122_095622.mp3,can,1,Rukhshan,28385,post,Come on. We can do it together.,3,7,1,1
grade1_profile28385_q1_QK_20251122_095622.mp3,come,1,Rukhshan,28385,post,Come on. We can do it together.,0,7,1,1
grade1_profile28385_q1_QK_20251122_095622.mp3,do,1,Rukhshan,28385,post,Come on. We can do it together.,4,7,1,1
grade1_profile28385_q1_QK_20251122_095622.mp3,it,1,Rukhshan,28385,post,Come on. We can do it together.,5,7,1,1
grade1_profile28385_q1_QK_20251122_095622.mp3,on,0,Rukhshan,28385,post,Come on. We can do it together.,1,7,1,0
grade1_profile28385_q1_QK_20251122_095622.mp3,together,0,Rukhshan,28385,post,Come on. We can do it together.,6,7,0,1
grade1_profile28385_q1_QK_20251122_095622.mp3,we,1,Rukhshan,28385,post,Come on. We can do it together.,2,7,1,1
grade1_profile28385_q2_QK_20251122_100724.mp3,can,1,Ali,28385,post,It's locked. I can open it.,3,6,1,1
grade1_profile28385_q2_QK_20251122_100724.mp3,i,1,Ali,28385,post,It's locked. I can open it.,2,6,1,1
grade1_profile28385_q2_QK_20251122_100724.mp3,it's,1,Ali,28385,post,It's locked. I can open it.,0,6,1,1
grade1_profile28385_q2_QK_20251122_100724.mp3,locked,0,Ali,28385,post,It's locked. I can open it.,1,6,0,1
grade1_profile28385_q2_QK_20251122_100724.mp3,open,1,Ali,28385,post,It's locked. I can open it.,4,6,0,0
grade1_profile28385_q3_LP_20251122_101304.mp3,is,0,Amna,28385,pre,This is Zara. She loves to draw. This is Faiz. He loves to build things.,1,15,0,1
grade1_profile28385_q3_LP_20251122_101304.mp3,loves,0,Amna,28385,pre,This is Zara. She loves to draw. This is Faiz. He loves to build things.,4,15,0,1
grade1_profile28385_q3_QK_20251122_101834.mp3,build,1,Semal,28385,post,This is Zara. She loves to draw. This is Faiz. He loves to build things.,13,15,1,1
grade1_profile28385_q3_QK_20251122_101834.mp3,draw,1,Semal,28385,post,This is Zara. She loves to draw. This is Faiz. He loves to build things.,6,15,0,0
grade1_profile28385_q3_QK_20251122_101834.mp3,faiz,1,Semal,28385,post,This is Zara. She loves to draw. This is Faiz. He loves to build things.,9,15,0,0
grade1_profile28385_q3_QK_20251122_101834.mp3,he,0,Semal,28385,post,This is Zara. She loves to draw. This is Faiz. He loves to build things.,10,15,1,0
grade1_profile28385_q3_QK_20251122_101834.mp3,is,1,Semal,28385,post,This is Zara. She loves to draw. This is Faiz. He loves to build things.,1,15,1,1
grade1_profile28385_q3_QK_20251122_101834.mp3,loves,1,Semal,28385,post,This is Zara. She loves to draw. This is Faiz. He loves to build things.,4,15,1,1
grade1_profile28385_q3_QK_20251122_101834.mp3,she,1,Semal,28385,post,This is Zara. She loves to draw. This is Faiz. He loves to build things.,3,15,1,1
grade1_profile28385_q3_QK_20251122_101834.mp3,things,1,Semal,28385,post,This is Zara. She loves to draw. This is Faiz. He loves to build things.,14,15,1,1
grade1_profile28385_q3_QK_20251122_101834.mp3,this,1,Semal,28385,post,This is Zara. She loves to draw. This is Faiz. He loves to build things.,0,15,1,1
grade1_profile28385_q3_QK_20251122_101834.mp3,to,1,Semal,28385,post,This is Zara. She loves to draw. This is Faiz. He loves to build things.,5,15,1,1
grade1_profile28385_q3_QK_20251122_101834.mp3,zara,1,Semal,28385,post,This is Zara. She loves to draw. This is Faiz. He loves to build things.,2,15,1,1
grade1_profile28387_q1_QK_20251122_095622.mp3,can,1,Rukhshan,28387,post,Come on. We can do it together.,3,7,1,1
grade1_profile28387_q1_QK_20251122_095622.mp3,come,1,Rukhshan,28387,post,Come on. We can do it together.,0,7,1,1
grade1_profile28387_q1_QK_20251122_095622.mp3,do,1,Rukhshan,28387,post,Come on. We can do it together.,4,7,1,1
grade1_profile28387_q1_QK_20251122_095622.mp3,it,1,Rukhshan,28387,post,Come on. We can do it together.,5,7,1,1
grade1_profile28387_q1_QK_20251122_095622.mp3,on,1,Rukhshan,28387,post,Come on. We can do it together.,1,7,1,1
grade1_profile28387_q1_QK_20251122_095622.mp3,together,0,Rukhshan,28387,post,Come on. We can do it together.,6,7,1,0
grade1_profile28387_q1_QK_20251122_095622.mp3,we,1,Rukhshan,28387,post,Come on. We can do it together.,2,7,1,1
grade1_profile28387_q2_LP_20251122_100201.mp3,can,1,Ali,28387,pre,It's locked. I can open it.,3,6,1,1
grade1_profile28387_q2_LP_20251122_100201.mp3,i,1,Ali,28387,pre,It's locked. I can open it.,2,6,1,1
grade1_profile28387_q2_LP_20251122_100201.mp3,it,1,Ali,28387,pre,It's locked. I can open it.,5,6,1,1
grade1_profile28387_q2_LP_20251122_100201.mp3,it's,1,Ali,28387,pre,It's locked. I can open it.,0,6,1,1
grade1_profile28387_q2_LP_20251122_100201.mp3,locked,1,Ali,28387,pre,It's locked. I can open it.,1,6,0,0
grade1_profile28387_q2_LP_20251122_100201.mp3,open,1,Ali,28387,pre,It's locked. I can open it.,4,6,1,1
grade1_profile28387_q2_QK_20251122_100724.mp3,can,1,Ali,28387,post,It's locked. I can open it.,3,6,1,1
grade1_profile28387_q2_QK_20251122_100724.mp3,i,1,Ali,28387,post,It's locked. I can open it.,2,6,1,1
grade1_profile28387_q2_QK_20251122_100724.mp3,it,1,Ali,28387,post,It's locked. I can open it.,5,6,1,1
grade1_profile28387_q2_QK_20251122_100724.mp3,it's,1,Ali,28387,post,It's locked. I can open it.,0,6,1,1
grade1_profile28387_q2_QK_20251122_100724.mp3,locked,1,Ali,28387,post,It's locked. I can open it.,1,6,1,1
grade1_profile28387_q2_QK_20251122_100724.mp3,open,1,Ali,28387,post,It's locked. I can open it.,4,6,1,1
grade1_profile28387_q3_LP_20251122_101304.mp3,faiz,1,Ali,28387,pre,This is Zara. She loves to draw. This is Faiz. He loves to build things.,9,15,0,0
grade1_profile28387_q3_LP_20251122_101304.mp3,he,1,Ali,28387,pre,This is Zara. She loves to draw. This is Faiz. He loves to build things.,10,15,1,1
grade1_profile28387_q3_LP_20251122_101304.mp3,is,1,Ali,28387,pre,This is Zara. She loves to draw. This is Faiz. He loves to build things.,1,15,0,0
grade1_profile28387_q3_LP_20251122_101304.mp3,loves,1,Ali,28387,pre,This is Zara. She loves to draw. This is Faiz. He loves to build things.,4,15,1,1
grade1_profile28387_q3_LP_20251122_101304.mp3,she,1,Ali,28387,pre,This is Zara. She loves to draw. This is Faiz. He loves to build things.,3,15,0,0
grade1_profile28387_q3_LP_20251122_101304.mp3,this,1,Ali,28387,pre,This is Zara. She loves to draw. This is Faiz. He loves to build things.,0,15,1,1
grade1_profile28387_q3_LP_20251122_101304.mp3,to,1,Ali,28387,pre,This is Zara. She loves to draw. This is Faiz. He loves to build things.,5,15,0,0
grade1_profile28387_q3_LP_20251122_101304.mp3,zara,1,Ali,28387,pre,This is Zara. She loves to draw. This is Faiz. He loves to build things.,2,15,0,0
grade1_profile28388_q1_LP_20251122_095026.mp3,can,0,Abdullah,28388,pre,Come on. We can do it together.,3,7,0,1
grade1_profile28388_q1_QK_20251122_095622.mp3,can,0,Semal,28388,post,Come on. We can do it together.,3,7,1,0
grade1_profile28388_q1_QK_20251122_095622.mp3,come,1,Semal,28388,post,Come on. We can do it together.,0,7,1,1
grade1_profile28388_q1_QK_20251122_095622.mp3,do,0,Semal,28388,post,Come on. We can do it together.,4,7,1,0
grade1_profile28388_q1_QK_20251122_095622.mp3,it,0,Semal,28388,post,Come on. We can do it together.,5,7,1,0
grade1_profile28388_q1_QK_20251122_095622.mp3,on,1,Semal,28388,post,Come on. We can do it together.,1,7,1,1
grade1_profile28388_q1_QK_20251122_095622.mp3,together,0,Semal,28388,post,Come on. We can do it together.,6,7,0,1
grade1_profile28388_q1_QK_20251122_095622.mp3,we,1,Semal,28388,post,Come on. We can do it together.,2,7,1,1
grade1_profile28388_q2_LP_20251122_100201.mp3,can,1,Rehma,28388,pre,It's locked. I can open it.,3,6,1,1
grade1_profile28388_q2_LP_20251122_100201.mp3,i,1,Rehma,28388,pre,It's locked. I can open it.,2,6,1,1
grade1_profile28388_q2_LP_20251122_100201.mp3,it,1,Rehma,28388,pre,It's locked. I can open it.,5,6,1,1
grade1_profile28388_q2_LP_20251122_100201.mp3,it's,1,Rehma,28388,pre,It's locked. I can open it.,0,6,1,1
grade1_profile28388_q2_LP_20251122_100201.mp3,locked,0,Rehma,28388,pre,It's locked. I can open it.,1,6,0,1
grade1_profile28388_q2_LP_20251122_100201.mp3,open,1,Rehma,28388,pre,It's locked. I can open it.,4,6,1,1
grade1_profile28388_q2_QK_20251122_100724.mp3,can,0,Semal,28388,post,It's locked. I can open it.,3,6,1,0
grade1_profile28388_q2_QK_20251122_100724.mp3,i,1,Semal,28388,post,It's locked. I can open it.,2,6,1,1
grade1_profile28388_q2_QK_20251122_100724.mp3,it,1,Semal,28388,post,It's locked. I can open it.,5,6,1,1
grade1_profile28388_q2_QK_20251122_100724.mp3,it's,1,Semal,28388,post,It's locked. I can open it.,0,6,1,1
grade1_profile28388_q2_QK_20251122_100724.mp3,locked,0,Semal,28388,post,It's locked. I can open it.,1,6,0,1
grade1_profile28388_q2_QK_20251122_100724.mp3,open,1,Semal,28388,post,It's locked. I can open it.,4,6,1,1
grade1_profile28388_q3_LP_20251122_101304.mp3,draw,1,Rukhshan,28388,pre,This is Zara. She loves to draw. This is Faiz. He loves to build things.,6,15,1,1
grade1_profile28388_q3_LP_20251122_101304.mp3,is,1,Rukhshan,28388,pre,This is Zara. She loves to draw. This is Faiz. He loves to build things.,1,15,1,1
grade1_profile28388_q3_LP_20251122_101304.mp3,loves,1,Rukhshan,28388,pre,This is Zara. She loves to draw. This is Faiz. He loves to build things.,4,15,1,1
grade1_profile28388_q3_LP_20251122_101304.mp3,she,1,Rukhshan,28388,pre,This is Zara. She loves to draw. This is Faiz. He loves to build things.,3,15,1,1
grade1_profile28388_q3_LP_20251122_101304.mp3,this,1,Rukhshan,28388,pre,This is Zara. She loves to draw. This is Faiz. He loves to build things.,0,15,1,1
grade1_profile28388_q3_LP_20251122_101304.mp3,to,1,Rukhshan,28388,pre,This is Zara. She loves to draw. This is Faiz. He loves to build things.,5,15,1,1
grade1_profile28388_q3_LP_20251122_101304.mp3,zara,1,Rukhshan,28388,pre,This is Zara. She loves to draw. This is Faiz. He loves to build things.,2,15,1,1
grade1_profile28388_q3_QK_20251122_101834.mp3,build,1,Salman,28388,post,This is Zara. She loves to draw. This is Faiz. He loves to build things.,13,15,1,1
grade1_profile28388_q3_QK_20251122_101834.mp3,draw,1,Salman,28388,post,This is Zara. She loves to draw. This is Faiz. He loves to build things.,6,15,1,1
grade1_profile28388_q3_QK_20251122_101834.mp3,faiz,1,Salman,28388,post,This is Zara. She loves to draw. This is Faiz. He loves to build things.,9,15,1,1
grade1_profile28388_q3_QK_20251122_101834.mp3,he,1,Salman,28388,post,This is Zara. She loves to draw. This is Faiz. He loves to build things.,10,15,1,1
grade1_profile28388_q3_QK_20251122_101834.mp3,is,1,Salman,28388,post,This is Zara. She loves to draw. This is Faiz. He loves to build things.,1,15,1,1
grade1_profile28388_q3_QK_20251122_101834.mp3,loves,1,Salman,28388,post,This is Zara. She loves to draw. This is Faiz. He loves to build things.,4,15,1,1
grade1_profile28388_q3_QK_20251122_101834.mp3,she,1,Salman,28388,post,This is Zara. She loves to draw. This is Faiz. He loves to build things.,3,15,1,1
grade1_profile28388_q3_QK_20251122_101834.mp3,things,1,Salman,28388,post,This is Zara. She loves to draw. This is Faiz. He loves to build things.,14,15,1,1
grade1_profile28388_q3_QK_20251122_101834.mp3,this,1,Salman,28388,post,This is Zara. She loves to draw. This is Faiz. He loves to build things.,0,15,1,1
grade1_profile28388_q3_QK_20251122_101834.mp3,to,1,Salman,28388,post,This is Zara. She loves to draw. This is Faiz. He loves to build things.,5,15,1,1
grade1_profile28388_q3_QK_20251122_101834.mp3,zara,1,Salman,28388,post,This is Zara. She loves to draw. This is Faiz. He loves to build things.,2,15,1,1
grade1_profile28389_q1_LP_20251122_095026.mp3,can,1,Rehma,28389,pre,Come on. We can do it together.,3,7,0,0
grade1_profile28389_q1_LP_20251122_095026.mp3,come,1,Rehma,28389,pre,Come on. We can do it together.,0,7,0,0
grade1_profile28389_q1_LP_20251122_095026.mp3,do,1,Rehma,28389,pre,Come on. We can do it together.,4,7,1,1
grade1_profile28389_q1_LP_20251122_095026.mp3,it,1,Rehma,28389,pre,Come on. We can do it together.,5,7,1,1
grade1_profile28389_q1_LP_20251122_095026.mp3,on,0,Rehma,28389,pre,Come on. We can do it together.,1,7,0,1
grade1_profile28389_q1_LP_20251122_095026.mp3,together,0,Rehma,28389,pre,Come on. We can do it together.,6,7,0,1
grade1_profile28389_q1_LP_20251122_095026.mp3,we,1,Rehma,28389,pre,Come on. We can do it together.,2,7,0,0
grade1_profile28389_q1_QK_20251122_095622.mp3,can,1,Semal,28389,post,Come on. We can do it together.,3,7,1,1
grade1_profile28389_q1_QK_20251122_095622.mp3,come,1,Semal,28389,post,Come on. We can do it together.,0,7,0,0
grade1_profile28389_q1_QK_20251122_095622.mp3,do,1,Semal,28389,post,Come on. We can do it together.,4,7,1,1
grade1_profile28389_q1_QK_20251122_095622.mp3,it,0,Semal,28389,post,Come on. We can do it together.,5,7,1,0
grade1_profile28389_q1_QK_20251122_095622.mp3,on,1,Semal,28389,post,Come on. We can do it together.,1,7,1,1
grade1_profile28389_q1_QK_20251122_095622.mp3,together,0,Semal,28389,post,Come on. We can do it together.,6,7,0,1
grade1_profile28389_q1_QK_20251122_095622.mp3,we,1,Semal,28389,post,Come on. We can do it together.,2,7,0,0
grade1_profile28389_q2_LP_20251122_100201.mp3,can,1,Rehma,28389,pre,It's locked. I can open it.,3,6,1,1
grade1_profile28389_q2_LP_20251122_100201.mp3,i,1,Rehma,28389,pre,It's locked. I can open it.,2,6,1,1
grade1_profile28389_q2_LP_20251122_100201.mp3,it,0,Rehma,28389,pre,It's locked. I can open it.,5,6,1,0
grade1_profile28389_q2_LP_20251122_100201.mp3,it's,1,Rehma,28389,pre,It's locked. I can open it.,0,6,1,1
grade1_profile28389_q2_LP_20251122_100201.mp3,locked,0,Rehma,28389,pre,It's locked. I can open it.,1,6,1,0
grade1_profile28389_q2_LP_20251122_100201.mp3,open,1,Rehma,28389,pre,It's locked. I can open it.,4,6,1,1
grade1_profile28389_q2_QK_20251122_100724.mp3,can,1,Rukhshan,28389,post,It's locked. I can open it.,3,6,1,1
grade1_profile28389_q2_QK_20251122_100724.mp3,i,1,Rukhshan,28389,post,It's locked. I can open it.,2,6,1,1
grade1_profile28389_q2_QK_20251122_100724.mp3,it,1,Rukhshan,28389,post,It's locked. I can open it.,5,6,1,1
grade1_profile28389_q2_QK_20251122_100724.mp3,it's,1,Rukhshan,28389,post,It's locked. I can open it.,0,6,1,1
grade1_profile28389_q2_QK_20251122_100724.mp3,locked,1,Rukhshan,28389,post,It's locked. I can open it.,1,6,0,0
grade1_profile28389_q2_QK_20251122_100724.mp3,open,1,Rukhshan,28389,post,It's locked. I can open it.,4,6,1,1
grade1_profile28389_q3_LP_20251122_101304.mp3,draw,1,Amna,28389,pre,This is Zara. She loves to draw. This is Faiz. He loves to build things.,6,15,1,1
grade1_profile28389_q3_LP_20251122_101304.mp3,faiz,1,Amna,28389,pre,This is Zara. She loves to draw. This is Faiz. He loves to build things.,9,15,0,0
grade1_profile28389_q3_LP_20251122_101304.mp3,he,1,Amna,28389,pre,This is Zara. She loves to draw. This is Faiz. He loves to build things.,10,15,1,1
grade1_profile28389_q3_LP_20251122_101304.mp3,is,1,Amna,28389,pre,This is Zara. She loves to draw. This is Faiz. He loves to build things.,1,15,1,1
grade1_profile28389_q3_LP_20251122_101304.mp3,loves,0,Amna,28389,pre,This is Zara. She loves to draw. This is Faiz. He loves to build things.,4,15,0,1
grade1_profile28389_q3_LP_20251122_101304.mp3,she,1,Amna,28389,pre,This is Zara. She loves to draw. This is Faiz. He loves to build things.,3,15,0,0
grade1_profile28389_q3_LP_20251122_101304.mp3,things,1,Amna,28389,pre,This is Zara. She loves to draw. This is Faiz. He loves to build things.,14,15,1,1
grade1_profile28389_q3_LP_20251122_101304.mp3,this,1,Amna,28389,pre,This is Zara. She loves to draw. This is Faiz. He loves to build things.,0,15,1,1
grade1_profile28389_q3_LP_20251122_101304.mp3,to,1,Amna,28389,pre,This is Zara. She loves to draw. This is Faiz. He loves to build things.,5,15,1,1
grade1_profile28389_q3_LP_20251122_101304.mp3,zara,1,Amna,28389,pre,This is Zara. She loves to draw. This is Faiz. He loves to build things.,2,15,0,0
grade1_profile28390_q1_LP_20251122_095026.mp3,can,1,Rehma,28390,pre,Come on. We can do it together.,3,7,0,0
grade1_profile28390_q1_LP_20251122_095026.mp3,come,1,Rehma,28390,pre,Come on. We can do it together.,0,7,1,1
grade1_profile28390_q1_LP_20251122_095026.mp3,do,1,Rehma,28390,pre,Come on. We can do it together.,4,7,1,1
grade1_profile28390_q1_LP_20251122_095026.mp3,it,1,Rehma,28390,pre,Come on. We can do it together.,5,7,1,1
grade1_profile28390_q1_LP_20251122_095026.mp3,on,1,Rehma,28390,pre,Come on. We can do it together.,1,7,0,0
grade1_profile28390_q1_LP_20251122_095026.mp3,together,1,Rehma,28390,pre,Come on. We can do it together.,6,7,1,1
grade1_profile28390_q1_LP_20251122_095026.mp3,we,1,Rehma,28390,pre,Come on. We can do it together.,2,7,0,0
grade1_profile28390_q1_QK_20251122_095622.mp3,can,1,Salman,28390,post,Come on. We can do it together.,3,7,1,1
grade1_profile28390_q1_QK_20251122_095622.mp3,come,1,Salman,28390,post,Come on. We can do it together.,0,7,1,1
grade1_profile28390_q1_QK_20251122_095622.mp3,do,1,Salman,28390,post,Come on. We can do it together.,4,7,1,1
grade1_profile28390_q1_QK_20251122_095622.mp3,it,1,Salman,28390,post,Come on. We can do it together.,5,7,1,1
grade1_profile28390_q1_QK_20251122_095622.mp3,on,1,Salman,28390,post,Come on. We can do it together.,1,7,1,1
grade1_profile28390_q1_QK_20251122_095622.mp3,together,1,Salman,28390,post,Come on. We can do it together.,6,7,1,1
grade1_profile28390_q1_QK_20251122_095622.mp3,we,1,Salman,28390,post,Come on. We can do it together.,2,7,1,1
grade1_profile28390_q2_LP_20251122_100201.mp3,can,1,Semal,28390,pre,It's locked. I can open it.,3,6,1,1
grade1_profile28390_q2_LP_20251122_100201.mp3,i,1,Semal,28390,pre,It's locked. I can open it.,2,6,1,1
grade1_profile28390_q2_LP_20251122_100201.mp3,it,1,Semal,28390,pre,It's locked. I can open it.,5,6,1,1
grade1_profile28390_q2_LP_20251122_100201.mp3,it's,0,Semal,28390,pre,It's locked. I can open it.,0,6,1,0
grade1_profile28390_q2_LP_20251122_100201.mp3,locked,1,Semal,28390,pre,It's locked. I can open it.,1,6,1,1
grade1_profile28390_q2_LP_20251122_100201.mp3,open,0,Semal,28390,pre,It's locked. I can open it.,4,6,1,0
grade1_profile28390_q2_QK_20251122_100724.mp3,can,1,Amna,28390,post,It's locked. I can open it.,3,6,1,1
grade1_profile28390_q2_QK_20251122_100724.mp3,i,1,Amna,28390,post,It's locked. I can open it.,2,6,1,1
grade1_profile28390_q2_QK_20251122_100724.mp3,it,1,Amna,28390,post,It's locked. I can open it.,5,6,1,1
grade1_profile28390_q2_QK_20251122_100724.mp3,open,1,Amna,28390,post,It's locked. I can open it.,4,6,1,1
grade1_profile28390_q3_LP_20251122_101304.mp3,build,0,Semal,28390,pre,This is Zara. She loves to draw. This is Faiz. He loves to build things.,13,15,0,1
grade1_profile28390_q3_LP_20251122_101304.mp3,draw,1,Semal,28390,pre,This is Zara. She loves to draw. This is Faiz. He loves to build things.,6,15,1,1
grade1_profile28390_q3_LP_20251122_101304.mp3,faiz,1,Semal,28390,pre,This is Zara. She loves to draw. This is Faiz. He loves to build things.,9,15,0,0
grade1_profile28390_q3_LP_20251122_101304.mp3,he,1,Semal,28390,pre,This is Zara. She loves to draw. This is Faiz. He loves to build things.,10,15,1,1
grade1_profile28390_q3_LP_20251122_101304.mp3,is,1,Semal,28390,pre,This is Zara. She loves to draw. This is Faiz. He loves to build things.,1,15,1,1
grade1_profile28390_q3_LP_20251122_101304.mp3,loves,1,Semal,28390,pre,This is Zara. She loves to draw. This is Faiz. He loves to build things.,4,15,1,1
grade1_profile28390_q3_LP_20251122_101304.mp3,she,1,Semal,28390,pre,This is Zara. She loves to draw. This is Faiz. He loves to build things.,3,15,1,1
grade1_profile28390_q3_LP_20251122_101304.mp3,things,1,Semal,28390,pre,This is Zara. She loves to draw. This is Faiz. He loves to build things.,14,15,0,0
grade1_profile28390_q3_LP_20251122_101304.mp3,this,1,Semal,28390,pre,This is Zara. She loves to draw. This is Faiz. He loves to build things.,0,15,1,1
grade1_profile28390_q3_LP_20251122_101304.mp3,to,1,Semal,28390,pre,This is Zara. She loves to draw. This is Faiz. He loves to build things.,5,15,1,1
grade1_profile28390_q3_LP_20251122_101304.mp3,zara,1,Semal,28390,pre,This is Zara. She loves to draw. This is Faiz. He loves to build things.,2,15,1,1
grade1_profile28390_q3_QK_20251122_101834.mp3,draw,0,Abdullah,28390,post,This is Zara. She loves to draw. This is Faiz. He loves to build things.,6,15,1,0
grade1_profile28390_q3_QK_20251122_101834.mp3,faiz,1,Abdullah,28390,post,This is Zara. She loves to draw. This is Faiz. He loves to build things.,9,15,0,0
grade1_profile28390_q3_QK_20251122_101834.mp3,he,1,Abdullah,28390,post,This is Zara. She loves to draw. This is Faiz. He loves to build things.,10,15,1,1
grade1_profile28390_q3_QK_20251122_101834.mp3,is,0,Abdullah,28390,post,This is Zara. She loves to draw. This is Faiz. He loves to build things.,1,15,1,0
grade1_profile28390_q3_QK_20251122_101834.mp3,loves,1,Abdullah,28390,post,This is Zara. She loves to draw. This is Faiz. He loves to build things.,4,15,1,1
grade1_profile28390_q3_QK_20251122_101834.mp3,she,1,Abdullah,28390,post,This is Zara. She loves to draw. This is Faiz. He loves to build things.,3,15,1,1
grade1_profile28390_q3_QK_20251122_101834.mp3,things,1,Abdullah,28390,post,This is Zara. She loves to draw. This is Faiz. He loves to build things.,14,15,1,1
grade1_profile28390_q3_QK_20251122_101834.mp3,this,0,Abdullah,28390,post,This is Zara. She loves to draw. This is Faiz. He loves to build things.,0,15,1,0
grade1_profile28390_q3_QK_20251122_101834.mp3,to,1,Abdullah,28390,post,This is Zara. She loves to draw. This is Faiz. He loves to build things.,5,15,1,1
grade1_profile28391_q1_LP_20251122_095026.mp3,can,1,Amna,28391,pre,Come on. We can do it together.,3,7,1,1
grade1_profile28391_q1_LP_20251122_095026.mp3,come,1,Amna,28391,pre,Come on. We can do it together.,0,7,1,1
grade1_profile28391_q1_LP_20251122_095026.mp3,do,1,Amna,28391,pre,Come on. We can do it together.,4,7,1,1
grade1_profile28391_q1_LP_20251122_095026.mp3,it,1,Amna,28391,pre,Come on. We can do it together.,5,7,1,1
grade1_profile28391_q1_LP_20251122_095026.mp3,on,1,Amna,28391,pre,Come on. We can do it together.,1,7,1,1
grade1_profile28391_q1_LP_20251122_095026.mp3,together,1,Amna,28391,pre,Come on. We can do it together.,6,7,1,1
grade1_profile28391_q1_LP_20251122_095026.mp3,we,1,Amna,28391,pre,Come on. We can do it together.,2,7,1,1
grade1_profile28391_q1_QK_20251122_095622.mp3,can,1,Semal,28391,post,Come on. We can do it together.,3,7,0,0
grade1_profile28391_q1_QK_20251122_095622.mp3,do,1,Semal,28391,post,Come on. We can do it together.,4,7,0,0
grade1_profile28391_q1_QK_20251122_095622.mp3,it,1,Semal,28391,post,Come on. We can do it together.,5,7,1,1
grade1_profile28391_q1_QK_20251122_095622.mp3,together,0,Semal,28391,post,Come on. We can do it together.,6,7,0,1
grade1_profile28391_q2_LP_20251122_100201.mp3,can,1,Ali,28391,pre,It's locked. I can open it.,3,6,1,1
grade1_profile28391_q2_LP_20251122_100201.mp3,i,1,Ali,28391,pre,It's locked. I can open it.,2,6,1,1
grade1_profile28391_q2_LP_20251122_100201.mp3,it,1,Ali,28391,pre,It's locked. I can open it.,5,6,1,1
grade1_profile28391_q2_LP_20251122_100201.mp3,it's,1,Ali,28391,pre,It's locked. I can open it.,0,6,1,1
grade1_profile28391_q2_LP_20251122_100201.mp3,locked,1,Ali,28391,pre,It's locked. I can open it.,1,6,1,1
grade1_profile28391_q2_LP_20251122_100201.mp3,open,1,Ali,28391,pre,It's locked. I can open it.,4,6,1,1
grade1_profile28391_q2_QK_20251122_100724.mp3,can,1,Semal,28391,post,It's locked. I can open it.,3,6,1,1
grade1_profile28391_q2_QK_20251122_100724.mp3,i,1,Semal,28391,post,It's locked. I can open it.,2,6,1,1
grade1_profile28391_q2_QK_20251122_100724.mp3,it,1,Semal,28391,post,It's locked. I can open it.,5,6,1,1
grade1_profile28391_q2_QK_20251122_100724.mp3,open,1,Semal,28391,post,It's locked. I can open it.,4,6,1,1
grade1_profile28391_q3_QK_20251122_101834.mp3,draw,0,Rukhshan,28391,post,This is Zara. She loves to draw. This is Faiz. He loves to build things.,6,15,0,1
grade1_profile28391_q3_QK_20251122_101834.mp3,he,1,Rukhshan,28391,post,This is Zara. She loves to draw. This is Faiz. He loves to build things.,10,15,1,1
grade1_profile28391_q3_QK_20251122_101834.mp3,is,1,Rukhshan,28391,post,This is Zara. She loves to draw. This is Faiz. He loves to build things.,1,15,1,1
grade1_profile28391_q3_QK_20251122_101834.mp3,loves,0,Rukhshan,28391,post,This is Zara. She loves to draw. This is Faiz. He loves to build things.,4,15,1,0
grade1_profile28391_q3_QK_20251122_101834.mp3,she,1,Rukhshan,28391,post,This is Zara. She loves to draw. This is Faiz. He loves to build things.,3,15,1,1
grade1_profile28391_q3_QK_20251122_101834.mp3,this,1,Rukhshan,28391,post,This is Zara. She loves to draw. This is Faiz. He loves to build things.,0,15,1,1
grade1_profile28391_q3_QK_20251122_101834.mp3,to,1,Rukhshan,28391,post,This is Zara. She loves to draw. This is Faiz. He loves to build things.,5,15,1,1
grade1_profile28392_q1_LP_20251122_095026.mp3,can,1,Rehma,28392,pre,Come on. We can do it together.,3,7,1,1
grade1_profile28392_q1_LP_20251122_095026.mp3,come,1,Rehma,28392,pre,Come on. We can do it together.,0,7,1,1
grade1_profile28392_q1_LP_20251122_095026.mp3,do,1,Rehma,28392,pre,Come on. We can do it together.,4,7,1,1
grade1_profile28392_q1_LP_20251122_095026.mp3,it,1,Rehma,28392,pre,Come on. We can do it together.,5,7,1,1
grade1_profile28392_q1_LP_20251122_095026.mp3,on,1,Rehma,28392,pre,Come on. We can do it together.,1,7,1,1
grade1_profile28392_q1_QK_20251122_095622.mp3,can,1,Amna,28392,post,Come on. We can do it together.,3,7,1,1
grade1_profile28392_q1_QK_20251122_095622.mp3,come,1,Amna,28392,post,Come on. We can do it together.,0,7,1,1
grade1_profile28392_q1_QK_20251122_095622.mp3,do,1,Amna,28392,post,Come on. We can do it together.,4,7,1,1
grade1_profile28392_q1_QK_20251122_095622.mp3,it,1,Amna,28392,post,Come on. We can do it together.,5,7,1,1
grade1_profile28392_q1_QK_20251122_095622.mp3,on,1,Amna,28392,post,Come on. We can do it together.,1,7,1,1
grade1_profile28392_q1_QK_20251122_095622.mp3,together,1,Amna,28392,post,Come on. We can do it together.,6,7,1,1
grade1_profile28392_q1_QK_20251122_095622.mp3,we,1,Amna,28392,post,Come on. We can do it together.,2,7,1,1
grade1_profile28392_q2_LP_20251122_100201.mp3,can,1,Semal,28392,pre,It's locked. I can open it.,3,6,0,0
grade1_profile28392_q2_LP_20251122_100201.mp3,it,1,Semal,28392,pre,It's locked. I can open it.,5,6,1,1
grade1_profile28392_q2_QK_20251122_100724.mp3,can,1,Rukhshan,28392,post,It's locked. I can open it.,3,6,1,1
grade1_profile28392_q2_QK_20251122_100724.mp3,i,1,Rukhshan,28392,post,It's locked. I can open it.,2,6,1,1
grade1_profile28392_q2_QK_20251122_100724.mp3,it,1,Rukhshan,28392,post,It's locked. I can open it.,5,6,1,1
grade1_profile28392_q2_QK_20251122_100724.mp3,it's,1,Rukhshan,28392,post,It's locked. I can open it.,0,6,1,1
grade1_profile28392_q2_QK_20251122_100724.mp3,locked,1,Rukhshan,28392,post,It's locked. I can open it.,1,6,0,0
grade1_profile28392_q2_QK_20251122_100724.mp3,open,1,Rukhshan,28392,post,It's locked. I can open it.,4,6,1,1
grade1_profile28392_q3_LP_20251122_101304.mp3,draw,1,Semal,28392,pre,This is Zara. She loves to draw. This is Faiz. He loves to build things.,6,15,1,1
grade1_profile28392_q3_LP_20251122_101304.mp3,is,1,Semal,28392,pre,This is Zara. She loves to draw. This is Faiz. He loves to build things.,1,15,1,1
grade1_profile28392_q3_LP_20251122_101304.mp3,loves,0,Semal,28392,pre,This is Zara. She loves to draw. This is Faiz. He loves to build things.,4,15,1,0
grade1_profile28392_q3_LP_20251122_101304.mp3,she,1,Semal,28392,pre,This is Zara. She loves to draw. This is Faiz. He loves to build things.,3,15,1,1
grade1_profile28392_q3_LP_20251122_101304.mp3,this,1,Semal,28392,pre,This is Zara. She loves to draw. This is Faiz. He loves to build things.,0,15,1,1
grade1_profile28392_q3_LP_20251122_101304.mp3,to,1,Semal,28392,pre,This is Zara. She loves to draw. This is Faiz. He loves to build things.,5,15,1,1
grade1_profile28392_q3_LP_20251122_101304.mp3,zara,1,Semal,28392,pre,This is Zara. She loves to draw. This is Faiz. He loves to build things.,2,15,1,1
grade1_profile28392_q3_QK_20251122_101834.mp3,build,1,Amna,28392,post,This is Zara. She loves to draw. This is Faiz. He loves to build things.,13,15,1,1
grade1_profile28392_q3_QK_20251122_101834.mp3,draw,1,Amna,28392,post,This is Zara. She loves to draw. This is Faiz. He loves to build things.,6,15,1,1
grade1_profile28392_q3_QK_20251122_101834.mp3,faiz,1,Amna,28392,post,This is Zara. She loves to draw. This is Faiz. He loves to build things.,9,15,1,1
grade1_profile28392_q3_QK_20251122_101834.mp3,he,1,Amna,28392,post,This is Zara. She loves to draw. This is Faiz. He loves to build things.,10,15,1,1
grade1_profile28392_q3_QK_20251122_101834.mp3,is,1,Amna,28392,post,This is Zara. She loves to draw. This is Faiz. He loves to build things.,1,15,1,1
grade1_profile28392_q3_QK_20251122_101834.mp3,loves,1,Amna,28392,post,This is Zara. She loves to draw. This is Faiz. He loves to build things.,4,15,1,1
grade1_profile28392_q3_QK_20251122_101834.mp3,she,1,Amna,28392,post,This is Zara. She loves to draw. This is Faiz. He loves to build things.,3,15,1,1
grade1_profile28392_q3_QK_20251122_101834.mp3,this,1,Amna,28392,post,This is Zara. She loves to draw. This is Faiz. He loves to build things.,0,15,1,1
grade1_profile28392_q3_QK_20251122_101834.mp3,to,1,Amna,28392,post,This is Zara. She loves to draw. This is Faiz. He loves to build things.,5,15,1,1
grade1_profile28392_q3_QK_20251122_101834.mp3,zara,1,Amna,28392,post,This is Zara. She loves to draw. This is Faiz. He loves to build things.,2,15,1,1
grade1_profile28395_q1_LP_20251122_095026.mp3,can,1,Semal,28395,pre,Come on. We can do it together.,3,7,0,0
grade1_profile28395_q1_LP_20251122_095026.mp3,we,1,Semal,28395,pre,Come on. We can do it together.,2,7,0,0
grade1_profile28395_q1_QK_20251122_095622.mp3,can,1,Rehma,28395,post,Come on. We can do it together.,3,7,0,0
grade1_profile28395_q1_QK_20251122_095622.mp3,come,1,Rehma,28395,post,Come on. We can do it together.,0,7,0,0
grade1_profile28395_q1_QK_20251122_095622.mp3,on,1,Rehma,28395,post,Come on. We can do it together.,1,7,0,0
grade1_profile28395_q1_QK_20251122_095622.mp3,we,1,Rehma,28395,post,Come on. We can do it together.,2,7,0,0
grade1_profile28395_q2_QK_20251122_100724.mp3,can,1,Semal,28395,post,It's locked. I can open it.,3,6,1,1
grade1_profile28395_q2_QK_20251122_100724.mp3,i,1,Semal,28395,post,It's locked. I can open it.,2,6,1,1
grade1_profile28395_q2_QK_20251122_100724.mp3,it,0,Semal,28395,post,It's locked. I can open it.,5,6,1,0
grade1_profile28395_q2_QK_20251122_100724.mp3,it's,0,Semal,28395,post,It's locked. I can open it.,0,6,0,1
grade1_profile28395_q2_QK_20251122_100724.mp3,locked,0,Semal,28395,post,It's locked. I can open it.,1,6,0,1
grade1_profile28395_q2_QK_20251122_100724.mp3,open,1,Semal,28395,post,It's locked. I can open it.,4,6,0,0
grade1_profile28395_q3_LP_20251122_101304.mp3,draw,0,Rukhshan,28395,pre,This is Zara. She loves to draw. This is Faiz. He loves to build things.,6,15,0,1
grade1_profile28395_q3_LP_20251122_101304.mp3,is,1,Rukhshan,28395,pre,This is Zara. She loves to draw. This is Faiz. He loves to build things.,1,15,1,1
grade1_profile28395_q3_LP_20251122_101304.mp3,loves,1,Rukhshan,28395,pre,This is Zara. She loves to draw. This is Faiz. He loves to build things.,4,15,1,1
grade1_profile28395_q3_LP_20251122_101304.mp3,she,1,Rukhshan,28395,pre,This is Zara. She loves to draw. This is Faiz. He loves to build things.,3,15,0,0
grade1_profile28395_q3_LP_20251122_101304.mp3,this,1,Rukhshan,28395,pre,This is Zara. She loves to draw. This is Faiz. He loves to build things.,0,15,1,1
grade1_profile28395_q3_LP_20251122_101304.mp3,to,1,Rukhshan,28395,pre,This is Zara. She loves to draw. This is Faiz. He loves to build things.,5,15,0,0
grade1_profile28395_q3_LP_20251122_101304.mp3,zara,1,Rukhshan,28395,pre,This is Zara. She loves to draw. This is Faiz. He loves to build things.,2,15,0,0
grade1_profile28395_q3_QK_20251122_101834.mp3,draw,1,Dania,28395,post,This is Zara. She loves to draw. This is Faiz. He loves to build things.,6,15,1,1
grade1_profile28395_q3_QK_20251122_101834.mp3,he,1,Dania,28395,post,This is Zara. She loves to draw. This is Faiz. He loves to build things.,10,15,1,1
grade1_profile28395_q3_QK_20251122_101834.mp3,is,1,Dania,28395,post,This is Zara. She loves to draw. This is Faiz. He loves to build things.,1,15,1,1
grade1_profile28395_q3_QK_20251122_101834.mp3,loves,1,Dania,28395,post,This is Zara. She loves to draw. This is Faiz. He loves to build things.,4,15,1,1
grade1_profile28395_q3_QK_20251122_101834.mp3,she,1,Dania,28395,post,This is Zara. She loves to draw. This is Faiz. He loves to build things.,3,15,0,0
grade1_profile28395_q3_QK_20251122_101834.mp3,this,1,Dania,28395,post,This is Zara. She loves to draw. This is Faiz. He loves to build things.,0,15,1,1
grade1_profile28395_q3_QK_20251122_101834.mp3,to,1,Dania,28395,post,This is Zara. She loves to draw. This is Faiz. He loves to build things.,5,15,1,1
grade1_profile28395_q3_QK_20251122_101834.mp3,zara,1,Dania,28395,post,This is Zara. She loves to draw. This is Faiz. He loves to build things.,2,15,0,0
grade1_profile28398_q1_LP_20251122_095026.mp3,can,1,Salman,28398,pre,Come on. We can do it together.,3,7,1,1
grade1_profile28398_q1_LP_20251122_095026.mp3,come,1,Salman,28398,pre,Come on. We can do it together.,0,7,1,1
grade1_profile28398_q1_LP_20251122_095026.mp3,do,1,Salman,28398,pre,Come on. We can do it together.,4,7,1,1
grade1_profile28398_q1_LP_20251122_095026.mp3,it,1,Salman,28398,pre,Come on. We can do it together.,5,7,1,1
grade1_profile28398_q1_LP_20251122_095026.mp3,on,1,Salman,28398,pre,Come on. We can do it together.,1,7,1,1
grade1_profile28398_q1_LP_20251122_095026.mp3,together,1,Salman,28398,pre,Come on. We can do it together.,6,7,1,1
grade1_profile28398_q1_LP_20251122_095026.mp3,we,1,Salman,28398,pre,Come on. We can do it together.,2,7,1,1
grade1_profile28398_q1_QK_20251122_095622.mp3,can,1,Amna,28398,post,Come on. We can do it together.,3,7,1,1
grade1_profile28398_q1_QK_20251122_095622.mp3,come,1,Amna,28398,post,Come on. We can do it together.,0,7,1,1
grade1_profile28398_q1_QK_20251122_095622.mp3,do,1,Amna,28398,post,Come on. We can do it together.,4,7,1,1
grade1_profile28398_q1_QK_20251122_095622.mp3,it,1,Amna,28398,post,Come on. We can do it together.,5,7,1,1
grade1_profile28398_q1_QK_20251122_095622.mp3,on,1,Amna,28398,post,Come on. We can do it together.,1,7,1,1
grade1_profile28398_q1_QK_20251122_095622.mp3,together,1,Amna,28398,post,Come on. We can do it together.,6,7,1,1
grade1_profile28398_q1_QK_20251122_095622.mp3,we,1,Amna,28398,post,Come on. We can do it together.,2,7,1,1
grade1_profile28398_q2_LP_20251122_100201.mp3,can,1,Rehma,28398,pre,It's locked. I can open it.,3,6,1,1
grade1_profile28398_q2_LP_20251122_100201.mp3,i,1,Rehma,28398,pre,It's locked. I can open it.,2,6,1,1
grade1_profile28398_q2_LP_20251122_100201.mp3,it,1,Rehma,28398,pre,It's locked. I can open it.,5,6,1,1
grade1_profile28398_q2_LP_20251122_100201.mp3,it's,1,Rehma,28398,pre,It's locked. I can open it.,0,6,1,1
grade1_profile28398_q2_LP_20251122_100201.mp3,locked,0,Rehma,28398,pre,It's locked. I can open it.,1,6,0,1
grade1_profile28398_q2_LP_20251122_100201.mp3,open,1,Rehma,28398,pre,It's locked. I can open it.,4,6,1,1
grade1_profile28398_q3_LP_20251122_101304.mp3,draw,1,Amna,28398,pre,This is Zara. She loves to draw. This is Faiz. He loves to build things.,6,15,1,1
grade1_profile28398_q3_LP_20251122_101304.mp3,is,1,Amna,28398,pre,This is Zara. She loves to draw. This is Faiz. He loves to build things.,1,15,1,1
grade1_profile28398_q3_LP_20251122_101304.mp3,loves,1,Amna,28398,pre,This is Zara. She loves to draw. This is Faiz. He loves to build things.,4,15,1,1
grade1_profile28398_q3_LP_20251122_101304.mp3,she,1,Amna,28398,pre,This is Zara. She loves to draw. This is Faiz. He loves to build things.,3,15,1,1
grade1_profile28398_q3_LP_20251122_101304.mp3,this,1,Amna,28398,pre,This is Zara. She loves to draw. This is Faiz. He loves to build things.,0,15,1,1
grade1_profile28398_q3_LP_20251122_101304.mp3,to,1,Amna,28398,pre,This is Zara. She loves to draw. This is Faiz. He loves to build things.,5,15,1,1
grade1_profile28398_q3_LP_20251122_101304.mp3,zara,1,Amna,28398,pre,This is Zara. She loves to draw. This is Faiz. He loves to build things.,2,15,0,0
grade1_profile28398_q3_QK_20251122_101834.mp3,build,0,Rehma,28398,post,This is Zara. She loves to draw. This is Faiz. He loves to build things.,13,15,0,1
grade1_profile28398_q3_QK_20251122_101834.mp3,draw,1,Rehma,28398,post,This is Zara. She loves to draw. This is Faiz. He loves to build things.,6,15,1,1
grade1_profile28398_q3_QK_20251122_101834.mp3,faiz,1,Rehma,28398,post,This is Zara. She loves to draw. This is Faiz. He loves to build things.,9,15,0,0
grade1_profile28398_q3_QK_20251122_101834.mp3,he,1,Rehma,28398,post,This is Zara. She loves to draw. This is Faiz. He loves to build things.,10,15,1,1
grade1_profile28398_q3_QK_20251122_101834.mp3,is,1,Rehma,28398,post,This is Zara. She loves to draw. This is Faiz. He loves to build things.,1,15,1,1
grade1_profile28398_q3_QK_20251122_101834.mp3,loves,1,Rehma,28398,post,This is Zara. She loves to draw. This is Faiz. He loves to build things.,4,15,1,1
grade1_profile28398_q3_QK_20251122_101834.mp3,she,1,Rehma,28398,post,This is Zara. She loves to draw. This is Faiz. He loves to build things.,3,15,1,1
grade1_profile28398_q3_QK_20251122_101834.mp3,things,1,Rehma,28398,post,This is Zara. She loves to draw. This is Faiz. He loves to build things.,14,15,0,0
grade1_profile28398_q3_QK_20251122_101834.mp3,this,1,Rehma,28398,post,This is Zara. She loves to draw. This is Faiz. He loves to build things.,0,15,1,1
grade1_profile28398_q3_QK_20251122_101834.mp3,to,1,Rehma,28398,post,This is Zara. She loves to draw. This is Faiz. He loves to build things.,5,15,1,1
grade1_profile28398_q3_QK_20251122_101834.mp3,zara,1,Rehma,28398,post,This is Zara. She loves to draw. This is Faiz. He loves to build things.,2,15,1,1
grade1_profile28399_q1_QK_20251122_095622.mp3,can,0,Dania,28399,post,Come on. We can do it together.,3,7,1,0
grade1_profile28399_q1_QK_20251122_095622.mp3,come,0,Dania,28399,post,Come on. We can do it together.,0,7,1,0
grade1_profile28399_q1_QK_20251122_095622.mp3,do,0,Dania,28399,post,Come on. We can do it together.,4,7,1,0
grade1_profile28399_q1_QK_20251122_095622.mp3,it,0,Dania,28399,post,Come on. We can do it together.,5,7,1,0
grade1_profile28399_q1_QK_20251122_095622.mp3,on,0,Dania,28399,post,Come on. We can do it together.,1,7,1,0
grade1_profile28399_q1_QK_20251122_095622.mp3,together,0,Dania,28399,post,Come on. We can do it together.,6,7,1,0
grade1_profile28399_q1_QK_20251122_095622.mp3,we,0,Dania,28399,post,Come on. We can do it together.,2,7,1,0
grade1_profile28399_q2_LP_20251122_100201.mp3,can,1,Semal,28399,pre,It's locked. I can open it.,3,6,1,1
grade1_profile28399_q2_LP_20251122_100201.mp3,i,1,Semal,28399,pre,It's locked. I can open it.,2,6,1,1
grade1_profile28399_q2_LP_20251122_100201.mp3,it,0,Semal,28399,pre,It's locked. I can open it.,5,6,1,0
grade1_profile28399_q2_LP_20251122_100201.mp3,it's,0,Semal,28399,pre,It's locked. I can open it.,0,6,1,0
grade1_profile28399_q2_LP_20251122_100201.mp3,locked,0,Semal,28399,pre,It's locked. I can open it.,1,6,0,1
grade1_profile28399_q2_LP_20251122_100201.mp3,open,1,Semal,28399,pre,It's locked. I can open it.,4,6,1,1
grade1_profile28399_q2_QK_20251122_100724.mp3,can,1,Semal,28399,post,It's locked. I can open it.,3,6,1,1
grade1_profile28399_q2_QK_20251122_100724.mp3,i,1,Semal,28399,post,It's locked. I can open it.,2,6,1,1
grade1_profile28399_q2_QK_20251122_100724.mp3,it,1,Semal,28399,post,It's locked. I can open it.,5,6,1,1
grade1_profile28399_q2_QK_20251122_100724.mp3,it's,1,Semal,28399,post,It's locked. I can open it.,0,6,1,1
grade1_profile28399_q2_QK_20251122_100724.mp3,locked,1,Semal,28399,post,It's locked. I can open it.,1,6,1,1
grade1_profile28399_q2_QK_20251122_100724.mp3,open,1,Semal,28399,post,It's locked. I can open it.,4,6,1,1
grade1_profile28399_q3_QK_20251122_101834.mp3,build,1,Rehma,28399,post,This is Zara. She loves to draw. This is Faiz. He loves to build things.,13,15,1,1
grade1_profile28399_q3_QK_20251122_101834.mp3,draw,1,Rehma,28399,post,This is Zara. She loves to draw. This is Faiz. He loves to build things.,6,15,1,1
grade1_profile28399_q3_QK_20251122_101834.mp3,faiz,1,Rehma,28399,post,This is Zara. She loves to draw. This is Faiz. He loves to build things.,9,15,1,1
grade1_profile28399_q3_QK_20251122_101834.mp3,he,1,Rehma,28399,post,This is Zara. She loves to draw. This is Faiz. He loves to build things.,10,15,1,1
grade1_profile28399_q3_QK_20251122_101834.mp3,is,0,Rehma,28399,post,This is Zara. She loves to draw. This is Faiz. He loves to build things.,1,15,1,0
grade1_profile28399_q3_QK_20251122_101834.mp3,loves,1,Rehma,28399,post,This is Zara. She loves to draw. This is Faiz. He loves to build things.,4,15,1,1
grade1_profile28399_q3_QK_20251122_101834.mp3,she,1,Rehma,28399,post,This is Zara. She loves to draw. This is Faiz. He loves to build things.,3,15,1,1
grade1_profile28399_q3_QK_20251122_101834.mp3,this,0,Rehma,28399,post,This is Zara. She loves to draw. This is Faiz. He loves to build things.,0,15,1,0
grade1_profile28399_q3_QK_20251122_101834.mp3,to,1,Rehma,28399,post,This is Zara. She loves to draw. This is Faiz. He loves to build things.,5,15,1,1
grade1_profile28399_q3_QK_20251122_101834.mp3,zara,1,Rehma,28399,post,This is Zara. She loves to draw. This is Faiz. He loves to build things.,2,15,0,0
grade1_profile28401_q1_LP_20251122_095026.mp3,can,1,Rehma,28401,pre,Come on. We can do it together.,3,7,1,1
grade1_profile28401_q1_LP_20251122_095026.mp3,come,1,Rehma,28401,pre,Come on. We can do it together.,0,7,0,0
grade1_profile28401_q1_LP_20251122_095026.mp3,do,1,Rehma,28401,pre,Come on. We can do it together.,4,7,1,1
grade1_profile28401_q1_LP_20251122_095026.mp3,it,1,Rehma,28401,pre,Come on. We can do it together.,5,7,1,1
grade1_profile28401_q1_LP_20251122_095026.mp3,on,1,Rehma,28401,pre,Come on. We can do it together.,1,7,0,0
grade1_profile28401_q1_LP_20251122_095026.mp3,together,1,Rehma,28401,pre,Come on. We can do it together.,6,7,0,0
grade1_profile28401_q1_LP_20251122_095026.mp3,we,1,Rehma,28401,pre,Come on. We can do it together.,2,7,1,1
grade1_profile28401_q1_QK_20251122_095622.mp3,can,1,Semal,28401,post,Come on. We can do it together.,3,7,1,1
grade1_profile28401_q1_QK_20251122_095622.mp3,come,1,Semal,28401,post,Come on. We can do it together.,0,7,1,1
grade1_profile28401_q1_QK_20251122_095622.mp3,do,1,Semal,28401,post,Come on. We can do it together.,4,7,1,1
grade1_profile28401_q1_QK_20251122_095622.mp3,it,1,Semal,28401,post,Come on. We can do it together.,5,7,1,1
grade1_profile28401_q1_QK_20251122_095622.mp3,on,0,Semal,28401,post,Come on. We can do it together.,1,7,1,0
grade1_profile28401_q1_QK_20251122_095622.mp3,together,0,Semal,28401,post,Come on. We can do it together.,6,7,0,1
grade1_profile28401_q1_QK_20251122_095622.mp3,we,1,Semal,28401,post,Come on. We can do it together.,2,7,1,1
grade1_profile28401_q2_LP_20251122_100201.mp3,can,1,Semal,28401,pre,It's locked. I can open it.,3,6,1,1
grade1_profile28401_q2_LP_20251122_100201.mp3,i,1,Semal,28401,pre,It's locked. I can open it.,2,6,1,1
grade1_profile28401_q2_LP_20251122_100201.mp3,it,1,Semal,28401,pre,It's locked. I can open it.,5,6,1,1
grade1_profile28401_q2_LP_20251122_100201.mp3,it's,0,Semal,28401,pre,It's locked. I can open it.,0,6,1,0
grade1_profile28401_q2_LP_20251122_100201.mp3,locked,0,Semal,28401,pre,It's locked. I can open it.,1,6,0,1
grade1_profile28401_q2_LP_20251122_100201.mp3,open,1,Semal,28401,pre,It's locked. I can open it.,4,6,1,1
grade1_profile28401_q2_QK_20251122_100724.mp3,can,1,Semal,28401,post,It's locked. I can open it.,3,6,1,1
grade1_profile28401_q2_QK_20251122_100724.mp3,i,1,Semal,28401,post,It's locked. I can open it.,2,6,1,1
grade1_profile28401_q2_QK_20251122_100724.mp3,it,1,Semal,28401,post,It's locked. I can open it.,5,6,1,1
grade1_profile28401_q2_QK_20251122_100724.mp3,it's,0,Semal,28401,post,It's locked. I can open it.,0,6,1,0
grade1_profile28401_q2_QK_20251122_100724.mp3,locked,1,Semal,28401,post,It's locked. I can open it.,1,6,1,1
grade1_profile28401_q2_QK_20251122_100724.mp3,open,1,Semal,28401,post,It's locked. I can open it.,4,6,1,1
grade1_profile28401_q3_LP_20251122_101304.mp3,build,1,Semal,28401,pre,This is Zara. She loves to draw. This is Faiz. He loves to build things.,13,15,1,1
grade1_profile28401_q3_LP_20251122_101304.mp3,draw,1,Semal,28401,pre,This is Zara. She loves to draw. This is Faiz. He loves to build things.,6,15,0,0
grade1_profile28401_q3_LP_20251122_101304.mp3,faiz,1,Semal,28401,pre,This is Zara. She loves to draw. This is Faiz. He loves to build things.,9,15,1,1
grade1_profile28401_q3_LP_20251122_101304.mp3,he,1,Semal,28401,pre,This is Zara. She loves to draw. This is Faiz. He loves to build things.,10,15,1,1
grade1_profile28401_q3_LP_20251122_101304.mp3,is,1,Semal,28401,pre,This is Zara. She loves to draw. This is Faiz. He loves to build things.,1,15,1,1
grade1_profile28401_q3_LP_20251122_101304.mp3,loves,1,Semal,28401,pre,This is Zara. She loves to draw. This is Faiz. He loves to build things.,4,15,1,1
grade1_profile28401_q3_LP_20251122_101304.mp3,she,1,Semal,28401,pre,This is Zara. She loves to draw. This is Faiz. He loves to build things.,3,15,0,0
grade1_profile28401_q3_LP_20251122_101304.mp3,things,1,Semal,28401,pre,This is Zara. She loves to draw. This is Faiz. He loves to build things.,14,15,1,1
grade1_profile28401_q3_LP_20251122_101304.mp3,this,1,Semal,28401,pre,This is Zara. She loves to draw. This is Faiz. He loves to build things.,0,15,1,1
grade1_profile28401_q3_LP_20251122_101304.mp3,to,1,Semal,28401,pre,This is Zara. She loves to draw. This is Faiz. He loves to build things.,5,15,1,1
grade1_profile28401_q3_LP_20251122_101304.mp3,zara,1,Semal,28401,pre,This is Zara. She loves to draw. This is Faiz. He loves to build things.,2,15,1,1
grade1_profile28401_q3_QK_20251122_101834.mp3,build,1,Semal,28401,post,This is Zara. She loves to draw. This is Faiz. He loves to build things.,13,15,1,1
grade1_profile28401_q3_QK_20251122_101834.mp3,draw,1,Semal,28401,post,This is Zara. She loves to draw. This is Faiz. He loves to build things.,6,15,1,1
grade1_profile28401_q3_QK_20251122_101834.mp3,faiz,1,Semal,28401,post,This is Zara. She loves to draw. This is Faiz. He loves to build things.,9,15,0,0
grade1_profile28401_q3_QK_20251122_101834.mp3,he,1,Semal,28401,post,This is Zara. She loves to draw. This is Faiz. He loves to build things.,10,15,1,1
grade1_profile28401_q3_QK_20251122_101834.mp3,is,1,Semal,28401,post,This is Zara. She loves to draw. This is Faiz. He loves to build things.,1,15,1,1
grade1_profile28401_q3_QK_20251122_101834.mp3,loves,1,Semal,28401,post,This is Zara. She loves to draw. This is Faiz. He loves to build things.,4,15,1,1
grade1_profile28401_q3_QK_20251122_101834.mp3,she,1,Semal,28401,post,This is Zara. She loves to draw. This is Faiz. He loves to build things.,3,15,1,1
grade1_profile28401_q3_QK_20251122_101834.mp3,things,1,Semal,28401,post,This is Zara. She loves to draw. This is Faiz. He loves to build things.,14,15,1,1
grade1_profile28401_q3_QK_20251122_101834.mp3,this,1,Semal,28401,post,This is Zara. She loves to draw. This is Faiz. He loves to build things.,0,15,1,1
grade1_profile28401_q3_QK_20251122_101834.mp3,to,1,Semal,28401,post,This is Zara. She loves to draw. This is Faiz. He loves to build things.,5,15,1,1
grade1_profile28401_q3_QK_20251122_101834.mp3,zara,1,Semal,28401,post,This is Zara. She loves to draw. This is Faiz. He loves to build things.,2,15,1,1
grade1_profile28402_q1_LP_20251122_095026.mp3,come,1,Rehma,28402,pre,Come on. We can do it together.,0,7,0,0
grade1_profile28402_q1_LP_20251122_095026.mp3,do,1,Rehma,28402,pre,Come on. We can do it together.,4,7,1,1
grade1_profile28402_q1_LP_20251122_095026.mp3,it,1,Rehma,28402,pre,Come on. We can do it together.,5,7,1,1
grade1_profile28402_q1_LP_20251122_095026.mp3,on,0,Rehma,28402,pre,Come on. We can do it together.,1,7,0,1
grade1_profile28402_q1_LP_20251122_095026.mp3,together,0,Rehma,28402,pre,Come on. We can do it together.,6,7,0,1
grade1_profile28402_q1_QK_20251122_095622.mp3,can,1,Ali,28402,post,Come on. We can do it together.,3,7,0,0
grade1_profile28402_q1_QK_20251122_095622.mp3,come,1,Ali,28402,post,Come on. We can do it together.,0,7,0,0
grade1_profile28402_q1_QK_20251122_095622.mp3,do,1,Ali,28402,post,Come on. We can do it together.,4,7,1,1
grade1_profile28402_q1_QK_20251122_095622.mp3,it,1,Ali,28402,post,Come on. We can do it together.,5,7,1,1
grade1_profile28402_q1_QK_20251122_095622.mp3,on,1,Ali,28402,post,Come on. We can do it together.,1,7,1,1
grade1_profile28402_q1_QK_20251122_095622.mp3,we,1,Ali,28402,post,Come on. We can do it together.,2,7,0,0
grade1_profile28402_q2_LP_20251122_100201.mp3,can,1,Amna,28402,pre,It's locked. I can open it.,3,6,1,1
grade1_profile28402_q2_LP_20251122_100201.mp3,i,1,Amna,28402,pre,It's locked. I can open it.,2,6,1,1
grade1_profile28402_q2_LP_20251122_100201.mp3,it,1,Amna,28402,pre,It's locked. I can open it.,5,6,1,1
grade1_profile28402_q2_LP_20251122_100201.mp3,open,1,Amna,28402,pre,It's locked. I can open it.,4,6,1,1
grade1_profile28402_q2_QK_20251122_100724.mp3,can,1,Ali,28402,post,It's locked. I can open it.,3,6,1,1
grade1_profile28402_q2_QK_20251122_100724.mp3,i,1,Ali,28402,post,It's locked. I can open it.,2,6,1,1
grade1_profile28402_q2_QK_20251122_100724.mp3,it's,1,Ali,28402,post,It's locked. I can open it.,0,6,0,0
grade1_profile28402_q2_QK_20251122_100724.mp3,locked,0,Ali,28402,post,It's locked. I can open it.,1,6,0,1
grade1_profile28402_q2_QK_20251122_100724.mp3,open,1,Ali,28402,post,It's locked. I can open it.,4,6,0,0
grade1_profile28402_q3_LP_20251122_101304.mp3,build,0,Semal,28402,pre,This is Zara. She loves to draw. This is Faiz. He loves to build things.,13,15,0,1
grade1_profile28402_q3_LP_20251122_101304.mp3,draw,0,Semal,28402,pre,This is Zara. She loves to draw. This is Faiz. He loves to build things.,6,15,0,1
grade1_profile28402_q3_LP_20251122_101304.mp3,he,1,Semal,28402,pre,This is Zara. She loves to draw. This is Faiz. He loves to build things.,10,15,1,1
grade1_profile28402_q3_LP_20251122_101304.mp3,is,1,Semal,28402,pre,This is Zara. She loves to draw. This is Faiz. He loves to build things.,1,15,1,1
grade1_profile28402_q3_LP_20251122_101304.mp3,loves,0,Semal,28402,pre,This is Zara. She loves to draw. This is Faiz. He loves to build things.,4,15,1,0
grade1_profile28402_q3_LP_20251122_101304.mp3,she,1,Semal,28402,pre,This is Zara. She loves to draw. This is Faiz. He loves to build things.,3,15,0,0
grade1_profile28402_q3_LP_20251122_101304.mp3,things,1,Semal,28402,pre,This is Zara. She loves to draw. This is Faiz. He loves to build things.,14,15,1,1
grade1_profile28402_q3_LP_20251122_101304.mp3,this,1,Semal,28402,pre,This is Zara. She loves to draw. This is Faiz. He loves to build things.,0,15,0,0
grade1_profile28402_q3_LP_20251122_101304.mp3,to,1,Semal,28402,pre,This is Zara. She loves to draw. This is Faiz. He loves to build things.,5,15,1,1
grade1_profile28402_q3_LP_20251122_101304.mp3,zara,1,Semal,28402,pre,This is Zara. She loves to draw. This is Faiz. He loves to build things.,2,15,0,0
grade1_profile28402_q3_QK_20251122_101834.mp3,draw,1,Rukhshan,28402,post,This is Zara. She loves to draw. This is Faiz. He loves to build things.,6,15,0,0
grade1_profile28402_q3_QK_20251122_101834.mp3,faiz,0,Rukhshan,28402,post,This is Zara. She loves to draw. This is Faiz. He loves to build things.,9,15,0,1
grade1_profile28402_q3_QK_20251122_101834.mp3,he,1,Rukhshan,28402,post,This is Zara. She loves to draw. This is Faiz. He loves to build things.,10,15,1,1
grade1_profile28402_q3_QK_20251122_101834.mp3,is,1,Rukhshan,28402,post,This is Zara. She loves to draw. This is Faiz. He loves to build things.,1,15,1,1
grade1_profile28402_q3_QK_20251122_101834.mp3,loves,0,Rukhshan,28402,post,This is Zara. She loves to draw. This is Faiz. He loves to build things.,4,15,1,0
grade1_profile28402_q3_QK_20251122_101834.mp3,she,1,Rukhshan,28402,post,This is Zara. She loves to draw. This is Faiz. He loves to build things.,3,15,0,0
grade1_profile28402_q3_QK_20251122_101834.mp3,this,1,Rukhshan,28402,post,This is Zara. She loves to draw. This is Faiz. He loves to build things.,0,15,1,1
grade1_profile28402_q3_QK_20251122_101834.mp3,to,1,Rukhshan,28402,post,This is Zara. She loves to draw. This is Faiz. He loves to build things.,5,15,1,1
grade1_profile28402_q3_QK_20251122_101834.mp3,zara,1,Rukhshan,28402,post,This is Zara. She loves to draw. This is Faiz. He loves to build things.,2,15,0,0
grade1_profile28403_q1_LP_20251122_095026.mp3,can,1,Salman,28403,pre,Come on. We can do it together.,3,7,0,0
grade1_profile28403_q1_LP_20251122_095026.mp3,come,1,Salman,28403,pre,Come on. We can do it together.,0,7,0,0
grade1_profile28403_q1_LP_20251122_095026.mp3,do,1,Salman,28403,pre,Come on. We can do it together.,4,7,1,1
grade1_profile28403_q1_LP_20251122_095026.mp3,it,1,Salman,28403,pre,Come on. We can do it together.,5,7,1,1
grade1_profile28403_q1_LP_20251122_095026.mp3,on,1,Salman,28403,pre,Come on. We can do it together.,1,7,1,1
grade1_profile28403_q1_LP_20251122_095026.mp3,together,0,Salman,28403,pre,Come on. We can do it together.,6,7,0,1
grade1_profile28403_q1_LP_20251122_095026.mp3,we,1,Salman,28403,pre,Come on. We can do it together.,2,7,0,0
grade1_profile28403_q1_QK_20251122_095622.mp3,can,1,Salman,28403,post,Come on. We can do it together.,3,7,1,1
grade1_profile28403_q1_QK_20251122_095622.mp3,come,1,Salman,28403,post,Come on. We can do it together.,0,7,1,1
grade1_profile28403_q1_QK_20251122_095622.mp3,do,1,Salman,28403,post,Come on. We can do it together.,4,7,1,1
grade1_profile28403_q1_QK_20251122_095622.mp3,it,1,Salman,28403,post,Come on. We can do it together.,5,7,1,1
grade1_profile28403_q1_QK_20251122_095622.mp3,on,1,Salman,28403,post,Come on. We can do it together.,1,7,1,1
grade1_profile28403_q1_QK_20251122_095622.mp3,together,1,Salman,28403,post,Come on. We can do it together.,6,7,0,0
grade1_profile28403_q1_QK_20251122_095622.mp3,we,1,Salman,28403,post,Come on. We can do it together.,2,7,1,1
grade1_profile28403_q2_LP_20251122_100201.mp3,can,1,Dania,28403,pre,It's locked. I can open it.,3,6,1,1
grade1_profile28403_q2_LP_20251122_100201.mp3,i,1,Dania,28403,pre,It's locked. I can open it.,2,6,1,1
grade1_profile28403_q2_LP_20251122_100201.mp3,it,1,Dania,28403,pre,It's locked. I can open it.,5,6,1,1
grade1_profile28403_q2_LP_20251122_100201.mp3,it's,1,Dania,28403,pre,It's locked. I can open it.,0,6,1,1
grade1_profile28403_q2_LP_20251122_100201.mp3,locked,0,Dania,28403,pre,It's locked. I can open it.,1,6,0,1
grade1_profile28403_q2_LP_20251122_100201.mp3,open,1,Dania,28403,pre,It's locked. I can open it.,4,6,1,1
grade1_profile28403_q3_LP_20251122_101304.mp3,build,1,Ali,28403,pre,This is Zara. She loves to draw. This is Faiz. He loves to build things.,13,15,0,0
grade1_profile28403_q3_LP_20251122_101304.mp3,draw,1,Ali,28403,pre,This is Zara. She loves to draw. This is Faiz. He loves to build things.,6,15,0,0
grade1_profile28403_q3_LP_20251122_101304.mp3,faiz,1,Ali,28403,pre,This is Zara. She loves to draw. This is Faiz. He loves to build things.,9,15,0,0
grade1_profile28403_q3_LP_20251122_101304.mp3,is,1,Ali,28403,pre,This is Zara. She loves to draw. This is Faiz. He loves to build things.,1,15,0,0
grade1_profile28403_q3_LP_20251122_101304.mp3,loves,1,Ali,28403,pre,This is Zara. She loves to draw. This is Faiz. He loves to build things.,4,15,1,1
grade1_profile28403_q3_LP_20251122_101304.mp3,she,1,Ali,28403,pre,This is Zara. She loves to draw. This is Faiz. He loves to build things.,3,15,0,0
grade1_profile28403_q3_LP_20251122_101304.mp3,things,1,Ali,28403,pre,This is Zara. She loves to draw. This is Faiz. He loves to build things.,14,15,1,1
grade1_profile28403_q3_LP_20251122_101304.mp3,this,1,Ali,28403,pre,This is Zara. She loves to draw. This is Faiz. He loves to build things.,0,15,0,0
grade1_profile28403_q3_LP_20251122_101304.mp3,to,1,Ali,28403,pre,This is Zara. She loves to draw. This is Faiz. He loves to build things.,5,15,1,1
grade1_profile28403_q3_LP_20251122_101304.mp3,zara,1,Ali,28403,pre,This is Zara. She loves to draw. This is Faiz. He loves to build things.,2,15,0,0
grade1_profile28403_q3_QK_20251122_101834.mp3,build,1,Dania,28403,post,This is Zara. She loves to draw. This is Faiz. He loves to build things.,13,15,0,0
grade1_profile28403_q3_QK_20251122_101834.mp3,draw,1,Dania,28403,post,This is Zara. She loves to draw. This is Faiz. He loves to build things.,6,15,1,1
grade1_profile28403_q3_QK_20251122_101834.mp3,faiz,1,Dania,28403,post,This is Zara. She loves to draw. This is Faiz. He loves to build things.,9,15,0,0
grade1_profile28403_q3_QK_20251122_101834.mp3,he,1,Dania,28403,post,This is Zara. She loves to draw. This is Faiz. He loves to build things.,10,15,1,1
grade1_profile28403_q3_QK_20251122_101834.mp3,is,1,Dania,28403,post,This is Zara. She loves to draw. This is Faiz. He loves to build things.,1,15,1,1
grade1_profile28403_q3_QK_20251122_101834.mp3,loves,1,Dania,28403,post,This is Zara. She loves to draw. This is Faiz. He loves to build things.,4,15,1,1
grade1_profile28403_q3_QK_20251122_101834.mp3,she,1,Dania,28403,post,This is Zara. She loves to draw. This is Faiz. He loves to build things.,3,15,1,1
grade1_profile28403_q3_QK_20251122_101834.mp3,things,1,Dania,28403,post,This is Zara. She loves to draw. This is Faiz. He loves to build things.,14,15,0,0
grade1_profile28403_q3_QK_20251122_101834.mp3,this,1,Dania,28403,post,This is Zara. She loves to draw. This is Faiz. He loves to build things.,0,15,1,1
grade1_profile28403_q3_QK_20251122_101834.mp3,to,1,Dania,28403,post,This is Zara. She loves to draw. This is Faiz. He loves to build things.,5,15,1,1
grade1_profile28403_q3_QK_20251122_101834.mp3,zara,1,Dania,28403,post,This is Zara. She loves to draw. This is Faiz. He loves to build things.,2,15,1,1
grade1_profile28417_q1_LP_20251122_095026.mp3,can,0,Semal,28417,pre,Come on. We can do it together.,3,7,1,0
grade1_profile28417_q1_LP_20251122_095026.mp3,come,0,Semal,28417,pre,Come on. We can do it together.,0,7,0,1
grade1_profile28417_q1_LP_20251122_095026.mp3,do,1,Semal,28417,pre,Come on. We can do it together.,4,7,1,1
grade1_profile28417_q1_LP_20251122_095026.mp3,it,1,Semal,28417,pre,Come on. We can do it together.,5,7,1,1
grade1_profile28417_q1_LP_20251122_095026.mp3,on,1,Semal,28417,pre,Come on. We can do it together.,1,7,1,1
grade1_profile28417_q1_LP_20251122_095026.mp3,together,1,Semal,28417,pre,Come on. We can do it together.,6,7,0,0
grade1_profile28417_q1_LP_20251122_095026.mp3,we,1,Semal,28417,pre,Come on. We can do it together.,2,7,1,1
grade1_profile28417_q1_QK_20251122_095622.mp3,can,1,Semal,28417,post,Come on. We can do it together.,3,7,1,1
grade1_profile28417_q1_QK_20251122_095622.mp3,come,1,Semal,28417,post,Come on. We can do it together.,0,7,1,1
grade1_profile28417_q1_QK_20251122_095622.mp3,do,1,Semal,28417,post,Come on. We can do it together.,4,7,1,1
grade1_profile28417_q1_QK_20251122_095622.mp3,it,1,Semal,28417,post,Come on. We can do it together.,5,7,1,1
grade1_profile28417_q1_QK_20251122_095622.mp3,on,1,Semal,28417,post,Come on. We can do it together.,1,7,1,1
grade1_profile28417_q1_QK_20251122_095622.mp3,together,0,Semal,28417,post,Come on. We can do it together.,6,7,0,1
grade1_profile28417_q1_QK_20251122_095622.mp3,we,1,Semal,28417,post,Come on. We can do it together.,2,7,1,1
grade1_profile28417_q2_LP_20251122_100201.mp3,can,1,Rehma,28417,pre,It's locked. I can open it.,3,6,1,1
grade1_profile28417_q2_LP_20251122_100201.mp3,i,1,Rehma,28417,pre,It's locked. I can open it.,2,6,1,1
grade1_profile28417_q2_LP_20251122_100201.mp3,it,1,Rehma,28417,pre,It's locked. I can open it.,5,6,1,1
grade1_profile28417_q2_LP_20251122_100201.mp3,it's,1,Rehma,28417,pre,It's locked. I can open it.,0,6,1,1
grade1_profile28417_q2_LP_20251122_100201.mp3,locked,1,Rehma,28417,pre,It's locked. I can open it.,1,6,0,0
grade1_profile28417_q2_LP_20251122_100201.mp3,open,1,Rehma,28417,pre,It's locked. I can open it.,4,6,1,1
grade1_profile28417_q2_QK_20251122_100724.mp3,can,1,Ali,28417,post,It's locked. I can open it.,3,6,1,1
grade1_profile28417_q2_QK_20251122_100724.mp3,i,1,Ali,28417,post,It's locked. I can open it.,2,6,1,1
grade1_profile28417_q2_QK_20251122_100724.mp3,it,1,Ali,28417,post,It's locked. I can open it.,5,6,1,1
grade1_profile28417_q2_QK_20251122_100724.mp3,it's,0,Ali,28417,post,It's locked. I can open it.,0,6,0,1
grade1_profile28417_q2_QK_20251122_100724.mp3,locked,1,Ali,28417,post,It's locked. I can open it.,1,6,0,0
grade1_profile28417_q2_QK_20251122_100724.mp3,open,1,Ali,28417,post,It's locked. I can open it.,4,6,1,1
grade1_profile28417_q3_LP_20251122_101304.mp3,build,0,Semal,28417,pre,This is Zara. She loves to draw. This is Faiz. He loves to build things.,13,15,1,0
grade1_profile28417_q3_LP_20251122_101304.mp3,draw,1,Semal,28417,pre,This is Zara. She loves to draw. This is Faiz. He loves to build things.,6,15,0,0
grade1_profile28417_q3_LP_20251122_101304.mp3,faiz,1,Semal,28417,pre,This is Zara. She loves to draw. This is Faiz. He loves to build things.,9,15,0,0
grade1_profile28417_q3_LP_20251122_101304.mp3,he,1,Semal,28417,pre,This is Zara. She loves to draw. This is Faiz. He loves to build things.,10,15,1,1
grade1_profile28417_q3_LP_20251122_101304.mp3,is,1,Semal,28417,pre,This is Zara. She loves to draw. This is Faiz. He loves to build things.,1,15,1,1
grade1_profile28417_q3_LP_20251122_101304.mp3,loves,0,Semal,28417,pre,This is Zara. She loves to draw. This is Faiz. He loves to build things.,4,15,0,1
grade1_profile28417_q3_LP_20251122_101304.mp3,things,1,Semal,28417,pre,This is Zara. She loves to draw. This is Faiz. He loves to build things.,14,15,1,1
grade1_profile28417_q3_LP_20251122_101304.mp3,this,1,Semal,28417,pre,This is Zara. She loves to draw. This is Faiz. He loves to build things.,0,15,0,0
grade1_profile28417_q3_LP_20251122_101304.mp3,to,1,Semal,28417,pre,This is Zara. She loves to draw. This is Faiz. He loves to build things.,5,15,0,0
grade1_profile28417_q3_LP_20251122_101304.mp3,zara,1,Semal,28417,pre,This is Zara. She loves to draw. This is Faiz. He loves to build things.,2,15,1,1
grade1_profile28417_q3_QK_20251122_101834.mp3,build,1,Amna,28417,post,This is Zara. She loves to draw. This is Faiz. He loves to build things.,13,15,1,1
grade1_profile28417_q3_QK_20251122_101834.mp3,draw,1,Amna,28417,post,This is Zara. She loves to draw. This is Faiz. He loves to build things.,6,15,1,1
grade1_profile28417_q3_QK_20251122_101834.mp3,faiz,1,Amna,28417,post,This is Zara. She loves to draw. This is Faiz. He loves to build things.,9,15,0,0
grade1_profile28417_q3_QK_20251122_101834.mp3,he,1,Amna,28417,post,This is Zara. She loves to draw. This is Faiz. He loves to build things.,10,15,1,1
grade1_profile28417_q3_QK_20251122_101834.mp3,is,1,Amna,28417,post,This is Zara. She loves to draw. This is Faiz. He loves to build things.,1,15,1,1
grade1_profile28417_q3_QK_20251122_101834.mp3,loves,1,Amna,28417,post,This is Zara. She loves to draw. This is Faiz. He loves to build things.,4,15,1,1
grade1_profile28417_q3_QK_20251122_101834.mp3,she,1,Amna,28417,post,This is Zara. She loves to draw. This is Faiz. He loves to build things.,3,15,0,0
grade1_profile28417_q3_QK_20251122_101834.mp3,things,1,Amna,28417,post,This is Zara. She loves to draw. This is Faiz. He loves to build things.,14,15,1,1
grade1_profile28417_q3_QK_20251122_101834.mp3,this,1,Amna,28417,post,This is Zara. She loves to draw. This is Faiz. He loves to build things.,0,15,1,1
grade1_profile28417_q3_QK_20251122_101834.mp3,to,1,Amna,28417,post,This is Zara. She loves to draw. This is Faiz. He loves to build things.,5,15,0,0
grade1_profile28417_q3_QK_20251122_101834.mp3,zara,1,Amna,28417,post,This is Zara. She loves to draw. This is Faiz. He loves to build things.,2,15,0,0
grade1_profile28421_q1_LP_20251122_095026.mp3,can,0,Rehma,28421,pre,Come on. We can do it together.,3,7,1,0
grade1_profile28421_q1_LP_20251122_095026.mp3,come,1,Rehma,28421,pre,Come on. We can do it together.,0,7,0,0
grade1_profile28421_q1_LP_20251122_095026.mp3,do,0,Rehma,28421,pre,Come on. We can do it together.,4,7,1,0
grade1_profile28421_q1_LP_20251122_095026.mp3,it,1,Rehma,28421,pre,Come on. We can do it together.,5,7,1,1
grade1_profile28421_q1_LP_20251122_095026.mp3,on,1,Rehma,28421,pre,Come on. We can do it together.,1,7,1,1
grade1_profile28421_q1_LP_20251122_095026.mp3,together,0,Rehma,28421,pre,Come on. We can do it together.,6,7,0,1
grade1_profile28421_q1_LP_20251122_095026.mp3,we,0,Rehma,28421,pre,Come on. We can do it together.,2,7,0,1
grade1_profile28421_q1_QK_20251122_095622.mp3,can,1,Rehma,28421,post,Come on. We can do it together.,3,7,1,1
grade1_profile28421_q1_QK_20251122_095622.mp3,come,1,Rehma,28421,post,Come on. We can do it together.,0,7,1,1
grade1_profile28421_q1_QK_20251122_095622.mp3,do,1,Rehma,28421,post,Come on. We can do it together.,4,7,1,1
grade1_profile28421_q1_QK_20251122_095622.mp3,it,1,Rehma,28421,post,Come on. We can do it together.,5,7,1,1
grade1_profile28421_q1_QK_20251122_095622.mp3,on,1,Rehma,28421,post,Come on. We can do it together.,1,7,1,1
grade1_profile28421_q1_QK_20251122_095622.mp3,together,0,Rehma,28421,post,Come on. We can do it together.,6,7,0,1
grade1_profile28421_q1_QK_20251122_095622.mp3,we,1,Rehma,28421,post,Come on. We can do it together.,2,7,1,1
grade1_profile28421_q2_LP_20251122_100201.mp3,can,1,Rehma,28421,pre,It's locked. I can open it.,3,6,1,1
grade1_profile28421_q2_LP_20251122_100201.mp3,i,1,Rehma,28421,pre,It's locked. I can open it.,2,6,1,1
grade1_profile28421_q2_LP_20251122_100201.mp3,it,0,Rehma,28421,pre,It's locked. I can open it.,5,6,1,0
grade1_profile28421_q2_LP_20251122_100201.mp3,it's,1,Rehma,28421,pre,It's locked. I can open it.,0,6,1,1
grade1_profile28421_q2_LP_20251122_100201.mp3,locked,0,Rehma,28421,pre,It's locked. I can open it.,1,6,0,1
grade1_profile28421_q2_LP_20251122_100201.mp3,open,1,Rehma,28421,pre,It's locked. I can open it.,4,6,1,1
grade1_profile28421_q2_QK_20251122_100724.mp3,can,1,Semal,28421,post,It's locked. I can open it.,3,6,1,1
grade1_profile28421_q2_QK_20251122_100724.mp3,i,1,Semal,28421,post,It's locked. I can open it.,2,6,1,1
grade1_profile28421_q2_QK_20251122_100724.mp3,it,1,Semal,28421,post,It's locked. I can open it.,5,6,1,1
grade1_profile28421_q2_QK_20251122_100724.mp3,it's,1,Semal,28421,post,It's locked. I can open it.,0,6,1,1
grade1_profile28421_q2_QK_20251122_100724.mp3,locked,1,Semal,28421,post,It's locked. I can open it.,1,6,0,0
grade1_profile28421_q2_QK_20251122_100724.mp3,open,1,Semal,28421,post,It's locked. I can open it.,4,6,1,1
grade1_profile28421_q3_LP_20251122_101304.mp3,build,1,Rukhshan,28421,pre,This is Zara. She loves to draw. This is Faiz. He loves to build things.,13,15,1,1
grade1_profile28421_q3_LP_20251122_101304.mp3,draw,0,Rukhshan,28421,pre,This is Zara. She loves to draw. This is Faiz. He loves to build things.,6,15,0,1
grade1_profile28421_q3_LP_20251122_101304.mp3,faiz,0,Rukhshan,28421,pre,This is Zara. She loves to draw. This is Faiz. He loves to build things.,9,15,0,1
grade1_profile28421_q3_LP_20251122_101304.mp3,he,1,Rukhshan,28421,pre,This is Zara. She loves to draw. This is Faiz. He loves to build things.,10,15,0,0
grade1_profile28421_q3_LP_20251122_101304.mp3,is,1,Rukhshan,28421,pre,This is Zara. She loves to draw. This is Faiz. He loves to build things.,1,15,1,1
grade1_profile28421_q3_LP_20251122_101304.mp3,loves,1,Rukhshan,28421,pre,This is Zara. She loves to draw. This is Faiz. He loves to build things.,4,15,1,1
grade1_profile28421_q3_LP_20251122_101304.mp3,she,1,Rukhshan,28421,pre,This is Zara. She loves to draw. This is Faiz. He loves to build things.,3,15,0,0
grade1_profile28421_q3_LP_20251122_101304.mp3,things,1,Rukhshan,28421,pre,This is Zara. She loves to draw. This is Faiz. He loves to build things.,14,15,0,0
grade1_profile28421_q3_LP_20251122_101304.mp3,this,1,Rukhshan,28421,pre,This is Zara. She loves to draw. This is Faiz. He loves to build things.,0,15,1,1
grade1_profile28421_q3_LP_20251122_101304.mp3,to,1,Rukhshan,28421,pre,This is Zara. She loves to draw. This is Faiz. He loves to build things.,5,15,1,1
grade1_profile28421_q3_LP_20251122_101304.mp3,zara,0,Rukhshan,28421,pre,This is Zara. She loves to draw. This is Faiz. He loves to build things.,2,15,0,1
grade1_profile28421_q3_QK_20251122_101834.mp3,build,1,Dania,28421,post,This is Zara. She loves to draw. This is Faiz. He loves to build things.,13,15,1,1
grade1_profile28421_q3_QK_20251122_101834.mp3,draw,1,Dania,28421,post,This is Zara. She loves to draw. This is Faiz. He loves to build things.,6,15,0,0
grade1_profile28421_q3_QK_20251122_101834.mp3,is,1,Dania,28421,post,This is Zara. She loves to draw. This is Faiz. He loves to build things.,1,15,1,1
grade1_profile28421_q3_QK_20251122_101834.mp3,loves,1,Dania,28421,post,This is Zara. She loves to draw. This is Faiz. He loves to build things.,4,15,1,1
grade1_profile28421_q3_QK_20251122_101834.mp3,she,1,Dania,28421,post,This is Zara. She loves to draw. This is Faiz. He loves to build things.,3,15,0,0
grade1_profile28421_q3_QK_20251122_101834.mp3,things,1,Dania,28421,post,This is Zara. She loves to draw. This is Faiz. He loves to build things.,14,15,0,0
grade1_profile28421_q3_QK_20251122_101834.mp3,this,1,Dania,28421,post,This is Zara. She loves to draw. This is Faiz. He loves to build things.,0,15,1,1
grade1_profile28421_q3_QK_20251122_101834.mp3,to,1,Dania,28421,post,This is Zara. She loves to draw. This is Faiz. He loves to build things.,5,15,1,1
grade1_profile28421_q3_QK_20251122_101834.mp3,zara,1,Dania,28421,post,This is Zara. She loves to draw. This is Faiz. He loves to build things.,2,15,0,0
grade1_profile28423_q1_LP_20251122_095026.mp3,can,1,Rukhshan,28423,pre,Come on. We can do it together.,3,7,1,1
grade1_profile28423_q1_LP_20251122_095026.mp3,come,1,Rukhshan,28423,pre,Come on. We can do it together.,0,7,1,1
grade1_profile28423_q1_LP_20251122_095026.mp3,do,1,Rukhshan,28423,pre,Come on. We can do it together.,4,7,1,1
grade1_profile28423_q1_LP_20251122_095026.mp3,it,1,Rukhshan,28423,pre,Come on. We can do it together.,5,7,1,1
grade1_profile28423_q1_LP_20251122_095026.mp3,on,1,Rukhshan,28423,pre,Come on. We can do it together.,1,7,1,1
grade1_profile28423_q1_LP_20251122_095026.mp3,together,0,Rukhshan,28423,pre,Come on. We can do it together.,6,7,1,0
grade1_profile28423_q1_LP_20251122_095026.mp3,we,1,Rukhshan,28423,pre,Come on. We can do it together.,2,7,1,1
grade1_profile28423_q1_QK_20251122_095622.mp3,can,1,Amna,28423,post,Come on. We can do it together.,3,7,1,1
grade1_profile28423_q1_QK_20251122_095622.mp3,come,1,Amna,28423,post,Come on. We can do it together.,0,7,1,1
grade1_profile28423_q1_QK_20251122_095622.mp3,do,1,Amna,28423,post,Come on. We can do it together.,4,7,1,1
grade1_profile28423_q1_QK_20251122_095622.mp3,it,1,Amna,28423,post,Come on. We can do it together.,5,7,1,1
grade1_profile28423_q1_QK_20251122_095622.mp3,on,1,Amna,28423,post,Come on. We can do it together.,1,7,1,1
grade1_profile28423_q1_QK_20251122_095622.mp3,together,1,Amna,28423,post,Come on. We can do it together.,6,7,0,0
grade1_profile28423_q1_QK_20251122_095622.mp3,we,1,Amna,28423,post,Come on. We can do it together.,2,7,1,1
grade1_profile28423_q2_LP_20251122_100201.mp3,can,1,Semal,28423,pre,It's locked. I can open it.,3,6,1,1
grade1_profile28423_q2_LP_20251122_100201.mp3,i,1,Semal,28423,pre,It's locked. I can open it.,2,6,1,1
grade1_profile28423_q2_LP_20251122_100201.mp3,it,1,Semal,28423,pre,It's locked. I can open it.,5,6,1,1
grade1_profile28423_q2_LP_20251122_100201.mp3,it's,0,Semal,28423,pre,It's locked. I can open it.,0,6,1,0
grade1_profile28423_q2_LP_20251122_100201.mp3,locked,1,Semal,28423,pre,It's locked. I can open it.,1,6,1,1
grade1_profile28423_q2_LP_20251122_100201.mp3,open,1,Semal,28423,pre,It's locked. I can open it.,4,6,1,1
grade1_profile28423_q2_QK_20251122_100724.mp3,can,1,Ali,28423,post,It's locked. I can open it.,3,6,1,1
grade1_profile28423_q2_QK_20251122_100724.mp3,i,1,Ali,28423,post,It's locked. I can open it.,2,6,1,1
grade1_profile28423_q2_QK_20251122_100724.mp3,it,1,Ali,28423,post,It's locked. I can open it.,5,6,1,1
grade1_profile28423_q2_QK_20251122_100724.mp3,it's,1,Ali,28423,post,It's locked. I can open it.,0,6,1,1
grade1_profile28423_q2_QK_20251122_100724.mp3,locked,1,Ali,28423,post,It's locked. I can open it.,1,6,1,1
grade1_profile28423_q2_QK_20251122_100724.mp3,open,1,Ali,28423,post,It's locked. I can open it.,4,6,1,1
grade1_profile28423_q3_LP_20251122_101304.mp3,build,1,Rukhshan,28423,pre,This is Zara. She loves to draw. This is Faiz. He loves to build things.,13,15,1,1
grade1_profile28423_q3_LP_20251122_101304.mp3,draw,1,Rukhshan,28423,pre,This is Zara. She loves to draw. This is Faiz. He loves to build things.,6,15,1,1
grade1_profile28423_q3_LP_20251122_101304.mp3,faiz,1,Rukhshan,28423,pre,This is Zara. She loves to draw. This is Faiz. He loves to build things.,9,15,0,0
grade1_profile28423_q3_LP_20251122_101304.mp3,he,1,Rukhshan,28423,pre,This is Zara. She loves to draw. This is Faiz. He loves to build things.,10,15,1,1
grade1_profile28423_q3_LP_20251122_101304.mp3,is,1,Rukhshan,28423,pre,This is Zara. She loves to draw. This is Faiz. He loves to build things.,1,15,1,1
grade1_profile28423_q3_LP_20251122_101304.mp3,loves,1,Rukhshan,28423,pre,This is Zara. She loves to draw. This is Faiz. He loves to build things.,4,15,1,1
grade1_profile28423_q3_LP_20251122_101304.mp3,she,1,Rukhshan,28423,pre,This is Zara. She loves to draw. This is Faiz. He loves to build things.,3,15,1,1
grade1_profile28423_q3_LP_20251122_101304.mp3,things,1,Rukhshan,28423,pre,This is Zara. She loves to draw. This is Faiz. He loves to build things.,14,15,0,0
grade1_profile28423_q3_LP_20251122_101304.mp3,this,1,Rukhshan,28423,pre,This is Zara. She loves to draw. This is Faiz. He loves to build things.,0,15,1,1
grade1_profile28423_q3_LP_20251122_101304.mp3,to,1,Rukhshan,28423,pre,This is Zara. She loves to draw. This is Faiz. He loves to build things.,5,15,1,1
grade1_profile28423_q3_LP_20251122_101304.mp3,zara,1,Rukhshan,28423,pre,This is Zara. She loves to draw. This is Faiz. He loves to build things.,2,15,1,1
grade1_profile28423_q3_QK_20251122_101834.mp3,build,1,Semal,28423,post,This is Zara. She loves to draw. This is Faiz. He loves to build things.,13,15,1,1
grade1_profile28423_q3_QK_20251122_101834.mp3,draw,1,Semal,28423,post,This is Zara. She loves to draw. This is Faiz. He loves to build things.,6,15,1,1
grade1_profile28423_q3_QK_20251122_101834.mp3,faiz,1,Semal,28423,post,This is Zara. She loves to draw. This is Faiz. He loves to build things.,9,15,0,0
grade1_profile28423_q3_QK_20251122_101834.mp3,he,1,Semal,28423,post,This is Zara. She loves to draw. This is Faiz. He loves to build things.,10,15,1,1
grade1_profile28423_q3_QK_20251122_101834.mp3,is,1,Semal,28423,post,This is Zara. She loves to draw. This is Faiz. He loves to build things.,1,15,1,1
grade1_profile28423_q3_QK_20251122_101834.mp3,loves,1,Semal,28423,post,This is Zara. She loves to draw. This is Faiz. He loves to build things.,4,15,1,1
grade1_profile28423_q3_QK_20251122_101834.mp3,she,1,Semal,28423,post,This is Zara. She loves to draw. This is Faiz. He loves to build things.,3,15,1,1
grade1_profile28423_q3_QK_20251122_101834.mp3,things,1,Semal,28423,post,This is Zara. She loves to draw. This is Faiz. He loves to build things.,14,15,1,1
grade1_profile28423_q3_QK_20251122_101834.mp3,this,1,Semal,28423,post,This is Zara. She loves to draw. This is Faiz. He loves to build things.,0,15,1,1
grade1_profile28423_q3_QK_20251122_101834.mp3,to,1,Semal,28423,post,This is Zara. She loves to draw. This is Faiz. He loves to build things.,5,15,1,1
grade1_profile28423_q3_QK_20251122_101834.mp3,zara,1,Semal,28423,post,This is Zara. She loves to draw. This is Faiz. He loves to build things.,2,15,1,1
grade1_profile28425_q1_LP_20251122_095026.mp3,can,0,Rehma,28425,pre,Come on. We can do it together.,3,7,1,0
grade1_profile28425_q1_LP_20251122_095026.mp3,come,1,Rehma,28425,pre,Come on. We can do it together.,0,7,1,1
grade1_profile28425_q1_LP_20251122_095026.mp3,do,1,Rehma,28425,pre,Come on. We can do it together.,4,7,1,1
grade1_profile28425_q1_LP_20251122_095026.mp3,it,1,Rehma,28425,pre,Come on. We can do it together.,5,7,1,1
grade1_profile28425_q1_LP_20251122_095026.mp3,on,1,Rehma,28425,pre,Come on. We can do it together.,1,7,1,1
grade1_profile28425_q1_LP_20251122_095026.mp3,together,1,Rehma,28425,pre,Come on. We can do it together.,6,7,0,0
grade1_profile28425_q1_LP_20251122_095026.mp3,we,1,Rehma,28425,pre,Come on. We can do it together.,2,7,1,1
grade1_profile28425_q1_QK_20251122_095622.mp3,can,1,Rehma,28425,post,Come on. We can do it together.,3,7,0,0
grade1_profile28425_q1_QK_20251122_095622.mp3,come,0,Rehma,28425,post,Come on. We can do it together.,0,7,1,0
grade1_profile28425_q1_QK_20251122_095622.mp3,do,1,Rehma,28425,post,Come on. We can do it together.,4,7,1,1
grade1_profile28425_q1_QK_20251122_095622.mp3,it,1,Rehma,28425,post,Come on. We can do it together.,5,7,1,1
grade1_profile28425_q1_QK_20251122_095622.mp3,on,0,Rehma,28425,post,Come on. We can do it together.,1,7,1,0
grade1_profile28425_q1_QK_20251122_095622.mp3,together,1,Rehma,28425,post,Come on. We can do it together.,6,7,0,0
grade1_profile28425_q1_QK_20251122_095622.mp3,we,1,Rehma,28425,post,Come on. We can do it together.,2,7,0,0
grade1_profile28425_q2_LP_20251122_100201.mp3,can,1,Semal,28425,pre,It's locked. I can open it.,3,6,1,1
grade1_profile28425_q2_LP_20251122_100201.mp3,i,1,Semal,28425,pre,It's locked. I can open it.,2,6,1,1
grade1_profile28425_q2_LP_20251122_100201.mp3,it,1,Semal,28425,pre,It's locked. I can open it.,5,6,1,1
grade1_profile28425_q2_LP_20251122_100201.mp3,it's,0,Semal,28425,pre,It's locked. I can open it.,0,6,1,0
grade1_profile28425_q2_LP_20251122_100201.mp3,locked,0,Semal,28425,pre,It's locked. I can open it.,1,6,0,1
grade1_profile28425_q2_LP_20251122_100201.mp3,open,1,Semal,28425,pre,It's locked. I can open it.,4,6,1,1
grade1_profile28425_q2_QK_20251122_100724.mp3,can,1,Semal,28425,post,It's locked. I can open it.,3,6,1,1
grade1_profile28425_q2_QK_20251122_100724.mp3,i,1,Semal,28425,post,It's locked. I can open it.,2,6,1,1
grade1_profile28425_q2_QK_20251122_100724.mp3,it,1,Semal,28425,post,It's locked. I can open it.,5,6,1,1
grade1_profile28425_q2_QK_20251122_100724.mp3,it's,1,Semal,28425,post,It's locked. I can open it.,0,6,0,0
grade1_profile28425_q2_QK_20251122_100724.mp3,open,1,Semal,28425,post,It's locked. I can open it.,4,6,1,1
grade1_profile28425_q3_LP_20251122_101304.mp3,build,1,Salman,28425,pre,This is Zara. She loves to draw. This is Faiz. He loves to build things.,13,15,1,1
grade1_profile28425_q3_LP_20251122_101304.mp3,draw,1,Salman,28425,pre,This is Zara. She loves to draw. This is Faiz. He loves to build things.,6,15,0,0
grade1_profile28425_q3_LP_20251122_101304.mp3,faiz,1,Salman,28425,pre,This is Zara. She loves to draw. This is Faiz. He loves to build things.,9,15,0,0
grade1_profile28425_q3_LP_20251122_101304.mp3,he,1,Salman,28425,pre,This is Zara. She loves to draw. This is Faiz. He loves to build things.,10,15,0,0
grade1_profile28425_q3_LP_20251122_101304.mp3,is,1,Salman,28425,pre,This is Zara. She loves to draw. This is Faiz. He loves to build things.,1,15,1,1
grade1_profile28425_q3_LP_20251122_101304.mp3,loves,1,Salman,28425,pre,This is Zara. She loves to draw. This is Faiz. He loves to build things.,4,15,0,0
grade1_profile28425_q3_LP_20251122_101304.mp3,she,1,Salman,28425,pre,This is Zara. She loves to draw. This is Faiz. He loves to build things.,3,15,0,0
grade1_profile28425_q3_LP_20251122_101304.mp3,things,1,Salman,28425,pre,This is Zara. She loves to draw. This is Faiz. He loves to build things.,14,15,1,1
grade1_profile28425_q3_LP_20251122_101304.mp3,this,1,Salman,28425,pre,This is Zara. She loves to draw. This is Faiz. He loves to build things.,0,15,1,1
grade1_profile28425_q3_LP_20251122_101304.mp3,to,1,Salman,28425,pre,This is Zara. She loves to draw. This is Faiz. He loves to build things.,5,15,1,1
grade1_profile28425_q3_LP_20251122_101304.mp3,zara,1,Salman,28425,pre,This is Zara. She loves to draw. This is Faiz. He loves to build things.,2,15,0,0
grade1_profile28425_q3_QK_20251122_101834.mp3,build,1,Amna,28425,post,This is Zara. She loves to draw. This is Faiz. He loves to build things.,13,15,1,1
grade1_profile28425_q3_QK_20251122_101834.mp3,draw,1,Amna,28425,post,This is Zara. She loves to draw. This is Faiz. He loves to build things.,6,15,0,0
grade1_profile28425_q3_QK_20251122_101834.mp3,faiz,1,Amna,28425,post,This is Zara. She loves to draw. This is Faiz. He loves to build things.,9,15,0,0
grade1_profile28425_q3_QK_20251122_101834.mp3,he,1,Amna,28425,post,This is Zara. She loves to draw. This is Faiz. He loves to build things.,10,15,1,1
grade1_profile28425_q3_QK_20251122_101834.mp3,is,1,Amna,28425,post,This is Zara. She loves to draw. This is Faiz. He loves to build things.,1,15,1,1
grade1_profile28425_q3_QK_20251122_101834.mp3,loves,0,Amna,28425,post,This is Zara. She loves to draw. This is Faiz. He loves to build things.,4,15,1,0
grade1_profile28425_q3_QK_20251122_101834.mp3,she,1,Amna,28425,post,This is Zara. She loves to draw. This is Faiz. He loves to build things.,3,15,0,0
grade1_profile28425_q3_QK_20251122_101834.mp3,things,1,Amna,28425,post,This is Zara. She loves to draw. This is Faiz. He loves to build things.,14,15,0,0
grade1_profile28425_q3_QK_20251122_101834.mp3,this,1,Amna,28425,post,This is Zara. She loves to draw. This is Faiz. He loves to build things.,0,15,1,1
grade1_profile28425_q3_QK_20251122_101834.mp3,to,1,Amna,28425,post,This is Zara. She loves to draw. This is Faiz. He loves to build things.,5,15,1,1
grade1_profile28425_q3_QK_20251122_101834.mp3,zara,1,Amna,28425,post,This is Zara. She loves to draw. This is Faiz. He loves to build things.,2,15,0,0
grade1_profile28428_q1_QK_20251122_095622.mp3,can,1,Ali,28428,post,Come on. We can do it together.,3,7,1,1
grade1_profile28428_q1_QK_20251122_095622.mp3,come,1,Ali,28428,post,Come on. We can do it together.,0,7,0,0
grade1_profile28428_q1_QK_20251122_095622.mp3,do,1,Ali,28428,post,Come on. We can do it together.,4,7,1,1
grade1_profile28428_q1_QK_20251122_095622.mp3,it,1,Ali,28428,post,Come on. We can do it together.,5,7,1,1
grade1_profile28428_q1_QK_20251122_095622.mp3,on,1,Ali,28428,post,Come on. We can do it together.,1,7,1,1
grade1_profile28428_q1_QK_20251122_095622.mp3,together,1,Ali,28428,post,Come on. We can do it together.,6,7,0,0
grade1_profile28428_q1_QK_20251122_095622.mp3,we,1,Ali,28428,post,Come on. We can do it together.,2,7,1,1
grade1_profile28428_q2_LP_20251122_100201.mp3,can,1,Semal,28428,pre,It's locked. I can open it.,3,6,1,1
grade1_profile28428_q2_LP_20251122_100201.mp3,i,1,Semal,28428,pre,It's locked. I can open it.,2,6,1,1
grade1_profile28428_q2_LP_20251122_100201.mp3,it,1,Semal,28428,pre,It's locked. I can open it.,5,6,1,1
grade1_profile28428_q2_LP_20251122_100201.mp3,open,1,Semal,28428,pre,It's locked. I can open it.,4,6,1,1
grade1_profile28428_q2_QK_20251122_100724.mp3,can,1,Amna,28428,post,It's locked. I can open it.,3,6,1,1
grade1_profile28428_q2_QK_20251122_100724.mp3,i,1,Amna,28428,post,It's locked. I can open it.,2,6,1,1
grade1_profile28428_q2_QK_20251122_100724.mp3,it,1,Amna,28428,post,It's locked. I can open it.,5,6,1,1
grade1_profile28428_q2_QK_20251122_100724.mp3,it's,1,Amna,28428,post,It's locked. I can open it.,0,6,1,1
grade1_profile28428_q2_QK_20251122_100724.mp3,locked,1,Amna,28428,post,It's locked. I can open it.,1,6,0,0
grade1_profile28428_q2_QK_20251122_100724.mp3,open,1,Amna,28428,post,It's locked. I can open it.,4,6,1,1
grade1_profile28428_q3_LP_20251122_101304.mp3,build,1,Dania,28428,pre,This is Zara. She loves to draw. This is Faiz. He loves to build things.,13,15,0,0
grade1_profile28428_q3_LP_20251122_101304.mp3,draw,1,Dania,28428,pre,This is Zara. She loves to draw. This is Faiz. He loves to build things.,6,15,1,1
grade1_profile28428_q3_LP_20251122_101304.mp3,faiz,1,Dania,28428,pre,This is Zara. She loves to draw. This is Faiz. He loves to build things.,9,15,0,0
grade1_profile28428_q3_LP_20251122_101304.mp3,he,1,Dania,28428,pre,This is Zara. She loves to draw. This is Faiz. He loves to build things.,10,15,1,1
grade1_profile28428_q3_LP_20251122_101304.mp3,is,1,Dania,28428,pre,This is Zara. She loves to draw. This is Faiz. He loves to build things.,1,15,1,1
grade1_profile28428_q3_LP_20251122_101304.mp3,loves,1,Dania,28428,pre,This is Zara. She loves to draw. This is Faiz. He loves to build things.,4,15,1,1
grade1_profile28428_q3_LP_20251122_101304.mp3,she,1,Dania,28428,pre,This is Zara. She loves to draw. This is Faiz. He loves to build things.,3,15,1,1
grade1_profile28428_q3_LP_20251122_101304.mp3,things,1,Dania,28428,pre,This is Zara. She loves to draw. This is Faiz. He loves to build things.,14,15,0,0
grade1_profile28428_q3_LP_20251122_101304.mp3,this,1,Dania,28428,pre,This is Zara. She loves to draw. This is Faiz. He loves to build things.,0,15,1,1
grade1_profile28428_q3_LP_20251122_101304.mp3,to,1,Dania,28428,pre,This is Zara. She loves to draw. This is Faiz. He loves to build things.,5,15,1,1
grade1_profile28428_q3_LP_20251122_101304.mp3,zara,1,Dania,28428,pre,This is Zara. She loves to draw. This is Faiz. He loves to build things.,2,15,0,0
grade1_profile28428_q3_QK_20251122_101834.mp3,build,0,Dania,28428,post,This is Zara. She loves to draw. This is Faiz. He loves to build things.,13,15,1,0
grade1_profile28428_q3_QK_20251122_101834.mp3,draw,1,Dania,28428,post,This is Zara. She loves to draw. This is Faiz. He loves to build things.,6,15,1,1
grade1_profile28428_q3_QK_20251122_101834.mp3,faiz,1,Dania,28428,post,This is Zara. She loves to draw. This is Faiz. He loves to build things.,9,15,0,0
grade1_profile28428_q3_QK_20251122_101834.mp3,he,1,Dania,28428,post,This is Zara. She loves to draw. This is Faiz. He loves to build things.,10,15,1,1
grade1_profile28428_q3_QK_20251122_101834.mp3,is,1,Dania,28428,post,This is Zara. She loves to draw. This is Faiz. He loves to build things.,1,15,1,1
grade1_profile28428_q3_QK_20251122_101834.mp3,loves,1,Dania,28428,post,This is Zara. She loves to draw. This is Faiz. He loves to build things.,4,15,1,1
grade1_profile28428_q3_QK_20251122_101834.mp3,she,1,Dania,28428,post,This is Zara. She loves to draw. This is Faiz. He loves to build things.,3,15,1,1
grade1_profile28428_q3_QK_20251122_101834.mp3,things,1,Dania,28428,post,This is Zara. She loves to draw. This is Faiz. He loves to build things.,14,15,1,1
grade1_profile28428_q3_QK_20251122_101834.mp3,this,1,Dania,28428,post,This is Zara. She loves to draw. This is Faiz. He loves to build things.,0,15,1,1
grade1_profile28428_q3_QK_20251122_101834.mp3,to,1,Dania,28428,post,This is Zara. She loves to draw. This is Faiz. He loves to build things.,5,15,1,1
grade1_profile28428_q3_QK_20251122_101834.mp3,zara,1,Dania,28428,post,This is Zara. She loves to draw. This is Faiz. He loves to build things.,2,15,1,1
grade1_profile28429_q1_LP_20251122_095026.mp3,can,1,Semal,28429,pre,Come on. We can do it together.,3,7,1,1
grade1_profile28429_q1_LP_20251122_095026.mp3,come,1,Semal,28429,pre,Come on. We can do it together.,0,7,1,1
grade1_profile28429_q1_LP_20251122_095026.mp3,do,1,Semal,28429,pre,Come on. We can do it together.,4,7,1,1
grade1_profile28429_q1_LP_20251122_095026.mp3,it,1,Semal,28429,pre,Come on. We can do it together.,5,7,1,1
grade1_profile28429_q1_LP_20251122_095026.mp3,on,1,Semal,28429,pre,Come on. We can do it together.,1,7,0,0
grade1_profile28429_q1_LP_20251122_095026.mp3,together,0,Semal,28429,pre,Come on. We can do it together.,6,7,0,1
grade1_profile28429_q1_LP_20251122_095026.mp3,we,1,Semal,28429,pre,Come on. We can do it together.,2,7,1,1
grade1_profile28429_q1_QK_20251122_095622.mp3,can,1,Rehma,28429,post,Come on. We can do it together.,3,7,1,1
grade1_profile28429_q1_QK_20251122_095622.mp3,come,1,Rehma,28429,post,Come on. We can do it together.,0,7,1,1
grade1_profile28429_q1_QK_20251122_095622.mp3,do,1,Rehma,28429,post,Come on. We can do it together.,4,7,1,1
grade1_profile28429_q1_QK_20251122_095622.mp3,it,1,Rehma,28429,post,Come on. We can do it together.,5,7,1,1
grade1_profile28429_q1_QK_20251122_095622.mp3,on,0,Rehma,28429,post,Come on. We can do it together.,1,7,1,0
grade1_profile28429_q1_QK_20251122_095622.mp3,together,0,Rehma,28429,post,Come on. We can do it together.,6,7,0,1
grade1_profile28429_q1_QK_20251122_095622.mp3,we,1,Rehma,28429,post,Come on. We can do it together.,2,7,1,1
grade1_profile28429_q2_LP_20251122_100201.mp3,can,1,Ali,28429,pre,It's locked. I can open it.,3,6,1,1
grade1_profile28429_q2_LP_20251122_100201.mp3,i,1,Ali,28429,pre,It's locked. I can open it.,2,6,1,1
grade1_profile28429_q2_LP_20251122_100201.mp3,it,1,Ali,28429,pre,It's locked. I can open it.,5,6,1,1
grade1_profile28429_q2_LP_20251122_100201.mp3,it's,1,Ali,28429,pre,It's locked. I can open it.,0,6,1,1
grade1_profile28429_q2_LP_20251122_100201.mp3,locked,1,Ali,28429,pre,It's locked. I can open it.,1,6,1,1
grade1_profile28429_q2_LP_20251122_100201.mp3,open,1,Ali,28429,pre,It's locked. I can open it.,4,6,1,1
grade1_profile28429_q2_QK_20251122_100724.mp3,can,1,Abdullah,28429,post,It's locked. I can open it.,3,6,1,1
grade1_profile28429_q2_QK_20251122_100724.mp3,i,1,Abdullah,28429,post,It's locked. I can open it.,2,6,1,1
grade1_profile28429_q2_QK_20251122_100724.mp3,it,1,Abdullah,28429,post,It's locked. I can open it.,5,6,1,1
grade1_profile28429_q2_QK_20251122_100724.mp3,it's,0,Abdullah,28429,post,It's locked. I can open it.,0,6,1,0
grade1_profile28429_q2_QK_20251122_100724.mp3,locked,0,Abdullah,28429,post,It's locked. I can open it.,1,6,0,1
grade1_profile28429_q2_QK_20251122_100724.mp3,open,1,Abdullah,28429,post,It's locked. I can open it.,4,6,1,1
grade1_profile28429_q3_LP_20251122_101304.mp3,build,1,Amna,28429,pre,This is Zara. She loves to draw. This is Faiz. He loves to build things.,13,15,0,0
grade1_profile28429_q3_LP_20251122_101304.mp3,draw,1,Amna,28429,pre,This is Zara. She loves to draw. This is Faiz. He loves to build things.,6,15,1,1
grade1_profile28429_q3_LP_20251122_101304.mp3,faiz,1,Amna,28429,pre,This is Zara. She loves to draw. This is Faiz. He loves to build things.,9,15,0,0
grade1_profile28429_q3_LP_20251122_101304.mp3,he,1,Amna,28429,pre,This is Zara. She loves to draw. This is Faiz. He loves to build things.,10,15,1,1
grade1_profile28429_q3_LP_20251122_101304.mp3,is,1,Amna,28429,pre,This is Zara. She loves to draw. This is Faiz. He loves to build things.,1,15,1,1
grade1_profile28429_q3_LP_20251122_101304.mp3,loves,1,Amna,28429,pre,This is Zara. She loves to draw. This is Faiz. He loves to build things.,4,15,1,1
grade1_profile28429_q3_LP_20251122_101304.mp3,she,1,Amna,28429,pre,This is Zara. She loves to draw. This is Faiz. He loves to build things.,3,15,1,1
grade1_profile28429_q3_LP_20251122_101304.mp3,things,1,Amna,28429,pre,This is Zara. She loves to draw. This is Faiz. He loves to build things.,14,15,1,1
grade1_profile28429_q3_LP_20251122_101304.mp3,this,1,Amna,28429,pre,This is Zara. She loves to draw. This is Faiz. He loves to build things.,0,15,1,1
grade1_profile28429_q3_LP_20251122_101304.mp3,to,1,Amna,28429,pre,This is Zara. She loves to draw. This is Faiz. He loves to build things.,5,15,1,1
grade1_profile28429_q3_LP_20251122_101304.mp3,zara,1,Amna,28429,pre,This is Zara. She loves to draw. This is Faiz. He loves to build things.,2,15,1,1
grade1_profile28429_q3_QK_20251122_101834.mp3,build,1,Rehma,28429,post,This is Zara. She loves to draw. This is Faiz. He loves to build things.,13,15,1,1
grade1_profile28429_q3_QK_20251122_101834.mp3,draw,1,Rehma,28429,post,This is Zara. She loves to draw. This is Faiz. He loves to build things.,6,15,1,1
grade1_profile28429_q3_QK_20251122_101834.mp3,faiz,1,Rehma,28429,post,This is Zara. She loves to draw. This is Faiz. He loves to build things.,9,15,0,0
grade1_profile28429_q3_QK_20251122_101834.mp3,he,1,Rehma,28429,post,This is Zara. She loves to draw. This is Faiz. He loves to build things.,10,15,1,1
grade1_profile28429_q3_QK_20251122_101834.mp3,is,1,Rehma,28429,post,This is Zara. She loves to draw. This is Faiz. He loves to build things.,1,15,1,1
grade1_profile28429_q3_QK_20251122_101834.mp3,loves,1,Rehma,28429,post,This is Zara. She loves to draw. This is Faiz. He loves to build things.,4,15,1,1
grade1_profile28429_q3_QK_20251122_101834.mp3,she,1,Rehma,28429,post,This is Zara. She loves to draw. This is Faiz. He loves to build things.,3,15,1,1
grade1_profile28429_q3_QK_20251122_101834.mp3,things,1,Rehma,28429,post,This is Zara. She loves to draw. This is Faiz. He loves to build things.,14,15,0,0
grade1_profile28429_q3_QK_20251122_101834.mp3,this,1,Rehma,28429,post,This is Zara. She loves to draw. This is Faiz. He loves to build things.,0,15,1,1
grade1_profile28429_q3_QK_20251122_101834.mp3,to,1,Rehma,28429,post,This is Zara. She loves to draw. This is Faiz. He loves to build things.,5,15,1,1
grade1_profile28429_q3_QK_20251122_101834.mp3,zara,1,Rehma,28429,post,This is Zara. She loves to draw. This is Faiz. He loves to build things.,2,15,1,1
grade1_profile28431_q1_LP_20251122_095026.mp3,can,1,Semal,28431,pre,Come on. We can do it together.,3,7,1,1
grade1_profile28431_q1_LP_20251122_095026.mp3,come,1,Semal,28431,pre,Come on. We can do it together.,0,7,1,1
grade1_profile28431_q1_LP_20251122_095026.mp3,do,0,Semal,28431,pre,Come on. We can do it together.,4,7,1,0
grade1_profile28431_q1_LP_20251122_095026.mp3,it,0,Semal,28431,pre,Come on. We can do it together.,5,7,1,0
grade1_profile28431_q1_LP_20251122_095026.mp3,on,1,Semal,28431,pre,Come on. We can do it together.,1,7,0,0
grade1_profile28431_q1_LP_20251122_095026.mp3,together,1,Semal,28431,pre,Come on. We can do it together.,6,7,0,0
grade1_profile28431_q1_LP_20251122_095026.mp3,we,1,Semal,28431,pre,Come on. We can do it together.,2,7,1,1
grade1_profile28431_q1_QK_20251122_095622.mp3,can,0,Rukhshan,28431,post,Come on. We can do it together.,3,7,0,1
grade1_profile28431_q1_QK_20251122_095622.mp3,come,1,Rukhshan,28431,post,Come on. We can do it together.,0,7,0,0
grade1_profile28431_q1_QK_20251122_095622.mp3,do,0,Rukhshan,28431,post,Come on. We can do it together.,4,7,0,1
grade1_profile28431_q1_QK_20251122_095622.mp3,it,0,Rukhshan,28431,post,Come on. We can do it together.,5,7,1,0
grade1_profile28431_q1_QK_20251122_095622.mp3,on,1,Rukhshan,28431,post,Come on. We can do it together.,1,7,0,0
grade1_profile28431_q1_QK_20251122_095622.mp3,together,0,Rukhshan,28431,post,Come on. We can do it together.,6,7,0,1
grade1_profile28431_q1_QK_20251122_095622.mp3,we,0,Rukhshan,28431,post,Come on. We can do it together.,2,7,0,1
grade1_profile28431_q2_QK_20251122_100724.mp3,can,1,Rehma,28431,post,It's locked. I can open it.,3,6,1,1
grade1_profile28431_q2_QK_20251122_100724.mp3,i,1,Rehma,28431,post,It's locked. I can open it.,2,6,1,1
grade1_profile28431_q2_QK_20251122_100724.mp3,it,1,Rehma,28431,post,It's locked. I can open it.,5,6,1,1
grade1_profile28431_q2_QK_20251122_100724.mp3,open,1,Rehma,28431,post,It's locked. I can open it.,4,6,1,1
grade1_profile28431_q3_LP_20251122_101304.mp3,is,1,Amna,28431,pre,This is Zara. She loves to draw. This is Faiz. He loves to build things.,1,15,1,1
grade1_profile28431_q3_LP_20251122_101304.mp3,loves,0,Amna,28431,pre,This is Zara. She loves to draw. This is Faiz. He loves to build things.,4,15,1,0
grade1_profile28431_q3_LP_20251122_101304.mp3,she,1,Amna,28431,pre,This is Zara. She loves to draw. This is Faiz. He loves to build things.,3,15,1,1
grade1_profile28431_q3_LP_20251122_101304.mp3,this,1,Amna,28431,pre,This is Zara. She loves to draw. This is Faiz. He loves to build things.,0,15,1,1
grade1_profile28431_q3_LP_20251122_101304.mp3,to,1,Amna,28431,pre,This is Zara. She loves to draw. This is Faiz. He loves to build things.,5,15,0,0
grade1_profile28431_q3_LP_20251122_101304.mp3,zara,1,Amna,28431,pre,This is Zara. She loves to draw. This is Faiz. He loves to build things.,2,15,1,1
grade1_profile28431_q3_QK_20251122_101834.mp3,build,0,Abdullah,28431,post,This is Zara. She loves to draw. This is Faiz. He loves to build things.,13,15,1,0
grade1_profile28431_q3_QK_20251122_101834.mp3,draw,0,Abdullah,28431,post,This is Zara. She loves to draw. This is Faiz. He loves to build things.,6,15,0,1
grade1_profile28431_q3_QK_20251122_101834.mp3,he,1,Abdullah,28431,post,This is Zara. She loves to draw. This is Faiz. He loves to build things.,10,15,1,1
grade1_profile28431_q3_QK_20251122_101834.mp3,is,0,Abdullah,28431,post,This is Zara. She loves to draw. This is Faiz. He loves to build things.,1,15,1,0
grade1_profile28431_q3_QK_20251122_101834.mp3,loves,0,Abdullah,28431,post,This is Zara. She loves to draw. This is Faiz. He loves to build things.,4,15,1,0
grade1_profile28431_q3_QK_20251122_101834.mp3,she,1,Abdullah,28431,post,This is Zara. She loves to draw. This is Faiz. He loves to build things.,3,15,1,1
grade1_profile28431_q3_QK_20251122_101834.mp3,things,1,Abdullah,28431,post,This is Zara. She loves to draw. This is Faiz. He loves to build things.,14,15,0,0
grade1_profile28431_q3_QK_20251122_101834.mp3,this,0,Abdullah,28431,post,This is Zara. She loves to draw. This is Faiz. He loves to build things.,0,15,1,0
grade1_profile28431_q3_QK_20251122_101834.mp3,to,1,Abdullah,28431,post,This is Zara. She loves to draw. This is Faiz. He loves to build things.,5,15,1,1
grade1_profile28431_q3_QK_20251122_101834.mp3,zara,1,Abdullah,28431,post,This is Zara. She loves to draw. This is Faiz. He loves to build things.,2,15,0,0
grade1_profile28432_q1_LP_20251122_095026.mp3,can,1,Rukhshan,28432,pre,Come on. We can do it together.,3,7,1,1
grade1_profile28432_q1_LP_20251122_095026.mp3,come,1,Rukhshan,28432,pre,Come on. We can do it together.,0,7,1,1
grade1_profile28432_q1_LP_20251122_095026.mp3,do,1,Rukhshan,28432,pre,Come on. We can do it together.,4,7,1,1
grade1_profile28432_q1_LP_20251122_095026.mp3,it,1,Rukhshan,28432,pre,Come on. We can do it together.,5,7,1,1
grade1_profile28432_q1_LP_20251122_095026.mp3,on,1,Rukhshan,28432,pre,Come on. We can do it together.,1,7,1,1
grade1_profile28432_q1_LP_20251122_095026.mp3,together,1,Rukhshan,28432,pre,Come on. We can do it together.,6,7,1,1
grade1_profile28432_q1_LP_20251122_095026.mp3,we,0,Rukhshan,28432,pre,Come on. We can do it together.,2,7,1,0
grade1_profile28432_q1_QK_20251122_095622.mp3,can,1,Amna,28432,post,Come on. We can do it together.,3,7,1,1
grade1_profile28432_q1_QK_20251122_095622.mp3,come,1,Amna,28432,post,Come on. We can do it together.,0,7,0,0
grade1_profile28432_q1_QK_20251122_095622.mp3,do,1,Amna,28432,post,Come on. We can do it together.,4,7,1,1
grade1_profile28432_q1_QK_20251122_095622.mp3,it,1,Amna,28432,post,Come on. We can do it together.,5,7,1,1
grade1_profile28432_q1_QK_20251122_095622.mp3,on,1,Amna,28432,post,Come on. We can do it together.,1,7,1,1
grade1_profile28432_q1_QK_20251122_095622.mp3,together,1,Amna,28432,post,Come on. We can do it together.,6,7,0,0
grade1_profile28432_q1_QK_20251122_095622.mp3,we,1,Amna,28432,post,Come on. We can do it together.,2,7,1,1
grade1_profile28432_q2_LP_20251122_100201.mp3,can,1,Semal,28432,pre,It's locked. I can open it.,3,6,1,1
grade1_profile28432_q2_LP_20251122_100201.mp3,i,1,Semal,28432,pre,It's locked. I can open it.,2,6,1,1
grade1_profile28432_q2_LP_20251122_100201.mp3,it,1,Semal,28432,pre,It's locked. I can open it.,5,6,1,1
grade1_profile28432_q2_LP_20251122_100201.mp3,it's,1,Semal,28432,pre,It's locked. I can open it.,0,6,1,1
grade1_profile28432_q2_LP_20251122_100201.mp3,locked,1,Semal,28432,pre,It's locked. I can open it.,1,6,1,1
grade1_profile28432_q2_LP_20251122_100201.mp3,open,1,Semal,28432,pre,It's locked. I can open it.,4,6,1,1
grade1_profile28432_q2_QK_20251122_100724.mp3,can,1,Amna,28432,post,It's locked. I can open it.,3,6,1,1
grade1_profile28432_q2_QK_20251122_100724.mp3,i,1,Amna,28432,post,It's locked. I can open it.,2,6,1,1
grade1_profile28432_q2_QK_20251122_100724.mp3,it,1,Amna,28432,post,It's locked. I can open it.,5,6,1,1
grade1_profile28432_q2_QK_20251122_100724.mp3,it's,1,Amna,28432,post,It's locked. I can open it.,0,6,0,0
grade1_profile28432_q2_QK_20251122_100724.mp3,locked,0,Amna,28432,post,It's locked. I can open it.,1,6,0,1
grade1_profile28432_q2_QK_20251122_100724.mp3,open,1,Amna,28432,post,It's locked. I can open it.,4,6,1,1
grade1_profile28432_q3_LP_20251122_101304.mp3,build,1,Rehma,28432,pre,This is Zara. She loves to draw. This is Faiz. He loves to build things.,13,15,1,1
grade1_profile28432_q3_LP_20251122_101304.mp3,draw,1,Rehma,28432,pre,This is Zara. She loves to draw. This is Faiz. He loves to build things.,6,15,1,1
grade1_profile28432_q3_LP_20251122_101304.mp3,faiz,1,Rehma,28432,pre,This is Zara. She loves to draw. This is Faiz. He loves to build things.,9,15,0,0
grade1_profile28432_q3_LP_20251122_101304.mp3,he,1,Rehma,28432,pre,This is Zara. She loves to draw. This is Faiz. He loves to build things.,10,15,1,1
grade1_profile28432_q3_LP_20251122_101304.mp3,is,1,Rehma,28432,pre,This is Zara. She loves to draw. This is Faiz. He loves to build things.,1,15,1,1
grade1_profile28432_q3_LP_20251122_101304.mp3,loves,1,Rehma,28432,pre,This is Zara. She loves to draw. This is Faiz. He loves to build things.,4,15,1,1
grade1_profile28432_q3_LP_20251122_101304.mp3,she,1,Rehma,28432,pre,This is Zara. She loves to draw. This is Faiz. He loves to build things.,3,15,1,1
grade1_profile28432_q3_LP_20251122_101304.mp3,things,1,Rehma,28432,pre,This is Zara. She loves to draw. This is Faiz. He loves to build things.,14,15,1,1
grade1_profile28432_q3_LP_20251122_101304.mp3,this,1,Rehma,28432,pre,This is Zara. She loves to draw. This is Faiz. He loves to build things.,0,15,1,1
grade1_profile28432_q3_LP_20251122_101304.mp3,to,1,Rehma,28432,pre,This is Zara. She loves to draw. This is Faiz. He loves to build things.,5,15,1,1
grade1_profile28432_q3_LP_20251122_101304.mp3,zara,1,Rehma,28432,pre,This is Zara. She loves to draw. This is Faiz. He loves to build things.,2,15,1,1
grade1_profile28432_q3_QK_20251122_101834.mp3,build,1,Rukhshan,28432,post,This is Zara. She loves to draw. This is Faiz. He loves to build things.,13,15,1,1
grade1_profile28432_q3_QK_20251122_101834.mp3,draw,1,Rukhshan,28432,post,This is Zara. She loves to draw. This is Faiz. He loves to build things.,6,15,1,1
grade1_profile28432_q3_QK_20251122_101834.mp3,faiz,1,Rukhshan,28432,post,This is Zara. She loves to draw. This is Faiz. He loves to build things.,9,15,0,0
grade1_profile28432_q3_QK_20251122_101834.mp3,he,1,Rukhshan,28432,post,This is Zara. She loves to draw. This is Faiz. He loves to build things.,10,15,1,1
grade1_profile28432_q3_QK_20251122_101834.mp3,is,1,Rukhshan,28432,post,This is Zara. She loves to draw. This is Faiz. He loves to build things.,1,15,1,1
grade1_profile28432_q3_QK_20251122_101834.mp3,loves,1,Rukhshan,28432,post,This is Zara. She loves to draw. This is Faiz. He loves to build things.,4,15,1,1
grade1_profile28432_q3_QK_20251122_101834.mp3,she,1,Rukhshan,28432,post,This is Zara. She loves to draw. This is Faiz. He loves to build things.,3,15,1,1
grade1_profile28432_q3_QK_20251122_101834.mp3,things,1,Rukhshan,28432,post,This is Zara. She loves to draw. This is Faiz. He loves to build things.,14,15,1,1
grade1_profile28432_q3_QK_20251122_101834.mp3,this,1,Rukhshan,28432,post,This is Zara. She loves to draw. This is Faiz. He loves to build things.,0,15,1,1
grade1_profile28432_q3_QK_20251122_101834.mp3,to,1,Rukhshan,28432,post,This is Zara. She loves to draw. This is Faiz. He loves to build things.,5,15,1,1
grade1_profile28432_q3_QK_20251122_101834.mp3,zara,1,Rukhshan,28432,post,This is Zara. She loves to draw. This is Faiz. He loves to build things.,2,15,1,1
grade1_profile28438_q1_LP_20251122_095026.mp3,can,1,Rukhshan,28438,pre,Come on. We can do it together.,3,7,1,1
grade1_profile28438_q1_LP_20251122_095026.mp3,come,1,Rukhshan,28438,pre,Come on. We can do it together.,0,7,1,1
grade1_profile28438_q1_LP_20251122_095026.mp3,do,1,Rukhshan,28438,pre,Come on. We can do it together.,4,7,1,1
grade1_profile28438_q1_LP_20251122_095026.mp3,it,1,Rukhshan,28438,pre,Come on. We can do it together.,5,7,1,1
grade1_profile28438_q1_LP_20251122_095026.mp3,on,1,Rukhshan,28438,pre,Come on. We can do it together.,1,7,1,1
grade1_profile28438_q1_LP_20251122_095026.mp3,together,1,Rukhshan,28438,pre,Come on. We can do it together.,6,7,0,0
grade1_profile28438_q1_LP_20251122_095026.mp3,we,1,Rukhshan,28438,pre,Come on. We can do it together.,2,7,1,1
grade1_profile28438_q1_QK_20251122_095622.mp3,can,1,Rehma,28438,post,Come on. We can do it together.,3,7,1,1
grade1_profile28438_q1_QK_20251122_095622.mp3,come,1,Rehma,28438,post,Come on. We can do it together.,0,7,0,0
grade1_profile28438_q1_QK_20251122_095622.mp3,do,1,Rehma,28438,post,Come on. We can do it together.,4,7,1,1
grade1_profile28438_q1_QK_20251122_095622.mp3,it,1,Rehma,28438,post,Come on. We can do it together.,5,7,1,1
grade1_profile28438_q1_QK_20251122_095622.mp3,on,1,Rehma,28438,post,Come on. We can do it together.,1,7,0,0
grade1_profile28438_q1_QK_20251122_095622.mp3,together,1,Rehma,28438,post,Come on. We can do it together.,6,7,0,0
grade1_profile28438_q1_QK_20251122_095622.mp3,we,1,Rehma,28438,post,Come on. We can do it together.,2,7,1,1
grade1_profile28438_q2_LP_20251122_100201.mp3,can,1,Amna,28438,pre,It's locked. I can open it.,3,6,1,1
grade1_profile28438_q2_LP_20251122_100201.mp3,i,1,Amna,28438,pre,It's locked. I can open it.,2,6,1,1
grade1_profile28438_q2_LP_20251122_100201.mp3,it,1,Amna,28438,pre,It's locked. I can open it.,5,6,1,1
grade1_profile28438_q2_LP_20251122_100201.mp3,it's,1,Amna,28438,pre,It's locked. I can open it.,0,6,0,0
grade1_profile28438_q2_LP_20251122_100201.mp3,locked,1,Amna,28438,pre,It's locked. I can open it.,1,6,1,1
grade1_profile28438_q2_LP_20251122_100201.mp3,open,1,Amna,28438,pre,It's locked. I can open it.,4,6,1,1
grade1_profile28438_q2_QK_20251122_100724.mp3,can,1,Amna,28438,post,It's locked. I can open it.,3,6,1,1
grade1_profile28438_q2_QK_20251122_100724.mp3,i,1,Amna,28438,post,It's locked. I can open it.,2,6,1,1
grade1_profile28438_q2_QK_20251122_100724.mp3,it,1,Amna,28438,post,It's locked. I can open it.,5,6,1,1
grade1_profile28438_q2_QK_20251122_100724.mp3,it's,1,Amna,28438,post,It's locked. I can open it.,0,6,1,1
grade1_profile28438_q2_QK_20251122_100724.mp3,locked,1,Amna,28438,post,It's locked. I can open it.,1,6,1,1
grade1_profile28438_q2_QK_20251122_100724.mp3,open,1,Amna,28438,post,It's locked. I can open it.,4,6,1,1
grade1_profile28438_q3_QK_20251122_101834.mp3,build,1,Semal,28438,post,This is Zara. She loves to draw. This is Faiz. He loves to build things.,13,15,1,1
grade1_profile28438_q3_QK_20251122_101834.mp3,draw,1,Semal,28438,post,This is Zara. She loves to draw. This is Faiz. He loves to build things.,6,15,1,1
grade1_profile28438_q3_QK_20251122_101834.mp3,faiz,1,Semal,28438,post,This is Zara. She loves to draw. This is Faiz. He loves to build things.,9,15,0,0
grade1_profile28438_q3_QK_20251122_101834.mp3,he,1,Semal,28438,post,This is Zara. She loves to draw. This is Faiz. He loves to build things.,10,15,1,1
grade1_profile28438_q3_QK_20251122_101834.mp3,is,1,Semal,28438,post,This is Zara. She loves to draw. This is Faiz. He loves to build things.,1,15,1,1
grade1_profile28438_q3_QK_20251122_101834.mp3,loves,1,Semal,28438,post,This is Zara. She loves to draw. This is Faiz. He loves to build things.,4,15,1,1
grade1_profile28438_q3_QK_20251122_101834.mp3,she,1,Semal,28438,post,This is Zara. She loves to draw. This is Faiz. He loves to build things.,3,15,1,1
grade1_profile28438_q3_QK_20251122_101834.mp3,things,1,Semal,28438,post,This is Zara. She loves to draw. This is Faiz. He loves to build things.,14,15,0,0
grade1_profile28438_q3_QK_20251122_101834.mp3,this,1,Semal,28438,post,This is Zara. She loves to draw. This is Faiz. He loves to build things.,0,15,1,1
grade1_profile28438_q3_QK_20251122_101834.mp3,to,1,Semal,28438,post,This is Zara. She loves to draw. This is Faiz. He loves to build things.,5,15,1,1
grade1_profile28438_q3_QK_20251122_101834.mp3,zara,1,Semal,28438,post,This is Zara. She loves to draw. This is Faiz. He loves to build things.,2,15,1,1
grade1_profile28441_q1_LP_20251122_095026.mp3,can,1,Salman,28441,pre,Come on. We can do it together.,3,7,0,0
grade1_profile28441_q1_LP_20251122_095026.mp3,come,1,Salman,28441,pre,Come on. We can do it together.,0,7,0,0
grade1_profile28441_q1_LP_20251122_095026.mp3,do,0,Salman,28441,pre,Come on. We can do it together.,4,7,0,1
grade1_profile28441_q1_LP_20251122_095026.mp3,it,0,Salman,28441,pre,Come on. We can do it together.,5,7,1,0
grade1_profile28441_q1_LP_20251122_095026.mp3,on,1,Salman,28441,pre,Come on. We can do it together.,1,7,0,0
grade1_profile28441_q1_LP_20251122_095026.mp3,together,1,Salman,28441,pre,Come on. We can do it together.,6,7,0,0
grade1_profile28441_q1_LP_20251122_095026.mp3,we,1,Salman,28441,pre,Come on. We can do it together.,2,7,0,0
grade1_profile28441_q2_LP_20251122_100201.mp3,can,1,Rukhshan,28441,pre,It's locked. I can open it.,3,6,1,1
grade1_profile28441_q2_LP_20251122_100201.mp3,i,1,Rukhshan,28441,pre,It's locked. I can open it.,2,6,1,1
grade1_profile28441_q2_LP_20251122_100201.mp3,it,1,Rukhshan,28441,pre,It's locked. I can open it.,5,6,1,1
grade1_profile28441_q2_LP_20251122_100201.mp3,it's,1,Rukhshan,28441,pre,It's locked. I can open it.,0,6,1,1
grade1_profile28441_q2_LP_20251122_100201.mp3,locked,0,Rukhshan,28441,pre,It's locked. I can open it.,1,6,0,1
grade1_profile28441_q2_LP_20251122_100201.mp3,open,0,Rukhshan,28441,pre,It's locked. I can open it.,4,6,1,0
grade1_profile28441_q2_QK_20251122_100724.mp3,can,1,Rukhshan,28441,post,It's locked. I can open it.,3,6,1,1
grade1_profile28441_q2_QK_20251122_100724.mp3,i,1,Rukhshan,28441,post,It's locked. I can open it.,2,6,1,1
grade1_profile28441_q2_QK_20251122_100724.mp3,it,1,Rukhshan,28441,post,It's locked. I can open it.,5,6,1,1
grade1_profile28441_q2_QK_20251122_100724.mp3,it's,1,Rukhshan,28441,post,It's locked. I can open it.,0,6,1,1
grade1_profile28441_q2_QK_20251122_100724.mp3,locked,1,Rukhshan,28441,post,It's locked. I can open it.,1,6,0,0
grade1_profile28441_q2_QK_20251122_100724.mp3,open,1,Rukhshan,28441,post,It's locked. I can open it.,4,6,1,1
grade1_profile28441_q3_LP_20251122_101304.mp3,build,1,Semal,28441,pre,This is Zara. She loves to draw. This is Faiz. He loves to build things.,13,15,1,1
grade1_profile28441_q3_LP_20251122_101304.mp3,draw,1,Semal,28441,pre,This is Zara. She loves to draw. This is Faiz. He loves to build things.,6,15,0,0
grade1_profile28441_q3_LP_20251122_101304.mp3,faiz,1,Semal,28441,pre,This is Zara. She loves to draw. This is Faiz. He loves to build things.,9,15,0,0
grade1_profile28441_q3_LP_20251122_101304.mp3,he,1,Semal,28441,pre,This is Zara. She loves to draw. This is Faiz. He loves to build things.,10,15,0,0
grade1_profile28441_q3_LP_20251122_101304.mp3,is,0,Semal,28441,pre,This is Zara. She loves to draw. This is Faiz. He loves to build things.,1,15,0,1
grade1_profile28441_q3_LP_20251122_101304.mp3,loves,1,Semal,28441,pre,This is Zara. She loves to draw. This is Faiz. He loves to build things.,4,15,1,1
grade1_profile28441_q3_LP_20251122_101304.mp3,she,1,Semal,28441,pre,This is Zara. She loves to draw. This is Faiz. He loves to build things.,3,15,1,1
grade1_profile28441_q3_LP_20251122_101304.mp3,things,1,Semal,28441,pre,This is Zara. She loves to draw. This is Faiz. He loves to build things.,14,15,0,0
grade1_profile28441_q3_LP_20251122_101304.mp3,this,0,Semal,28441,pre,This is Zara. She loves to draw. This is Faiz. He loves to build things.,0,15,1,0
grade1_profile28441_q3_LP_20251122_101304.mp3,to,1,Semal,28441,pre,This is Zara. She loves to draw. This is Faiz. He loves to build things.,5,15,1,1
grade1_profile28441_q3_LP_20251122_101304.mp3,zara,1,Semal,28441,pre,This is Zara. She loves to draw. This is Faiz. He loves to build things.,2,15,0,0
grade1_profile28441_q3_QK_20251122_101834.mp3,build,1,Semal,28441,post,This is Zara. She loves to draw. This is Faiz. He loves to build things.,13,15,1,1
grade1_profile28441_q3_QK_20251122_101834.mp3,draw,1,Semal,28441,post,This is Zara. She loves to draw. This is Faiz. He loves to build things.,6,15,1,1
grade1_profile28441_q3_QK_20251122_101834.mp3,faiz,1,Semal,28441,post,This is Zara. She loves to draw. This is Faiz. He loves to build things.,9,15,0,0
grade1_profile28441_q3_QK_20251122_101834.mp3,he,1,Semal,28441,post,This is Zara. She loves to draw. This is Faiz. He loves to build things.,10,15,1,1
grade1_profile28441_q3_QK_20251122_101834.mp3,is,1,Semal,28441,post,This is Zara. She loves to draw. This is Faiz. He loves to build things.,1,15,1,1
grade1_profile28441_q3_QK_20251122_101834.mp3,loves,1,Semal,28441,post,This is Zara. She loves to draw. This is Faiz. He loves to build things.,4,15,1,1
grade1_profile28441_q3_QK_20251122_101834.mp3,she,1,Semal,28441,post,This is Zara. She loves to draw. This is Faiz. He loves to build things.,3,15,1,1
grade1_profile28441_q3_QK_20251122_101834.mp3,things,0,Semal,28441,post,This is Zara. She loves to draw. This is Faiz. He loves to build things.,14,15,0,1
grade1_profile28441_q3_QK_20251122_101834.mp3,this,1,Semal,28441,post,This is Zara. She loves to draw. This is Faiz. He loves to build things.,0,15,1,1
grade1_profile28441_q3_QK_20251122_101834.mp3,to,1,Semal,28441,post,This is Zara. She loves to draw. This is Faiz. He loves to build things.,5,15,0,0
grade1_profile28441_q3_QK_20251122_101834.mp3,zara,1,Semal,28441,post,This is Zara. She loves to draw. This is Faiz. He loves to build things.,2,15,1,1
grade1_profile28443_q1_LP_20251122_095026.mp3,can,1,Semal,28443,pre,Come on. We can do it together.,3,7,1,1
grade1_profile28443_q1_LP_20251122_095026.mp3,come,1,Semal,28443,pre,Come on. We can do it together.,0,7,1,1
grade1_profile28443_q1_LP_20251122_095026.mp3,do,1,Semal,28443,pre,Come on. We can do it together.,4,7,1,1
grade1_profile28443_q1_LP_20251122_095026.mp3,it,1,Semal,28443,pre,Come on. We can do it together.,5,7,1,1
grade1_profile28443_q1_LP_20251122_095026.mp3,on,1,Semal,28443,pre,Come on. We can do it together.,1,7,1,1
grade1_profile28443_q1_LP_20251122_095026.mp3,together,1,Semal,28443,pre,Come on. We can do it together.,6,7,1,1
grade1_profile28443_q1_LP_20251122_095026.mp3,we,1,Semal,28443,pre,Come on. We can do it together.,2,7,1,1
grade1_profile28443_q1_QK_20251122_095622.mp3,can,1,Rehma,28443,post,Come on. We can do it together.,3,7,1,1
grade1_profile28443_q1_QK_20251122_095622.mp3,come,1,Rehma,28443,post,Come on. We can do it together.,0,7,1,1
grade1_profile28443_q1_QK_20251122_095622.mp3,do,1,Rehma,28443,post,Come on. We can do it together.,4,7,1,1
grade1_profile28443_q1_QK_20251122_095622.mp3,it,1,Rehma,28443,post,Come on. We can do it together.,5,7,1,1
grade1_profile28443_q1_QK_20251122_095622.mp3,on,1,Rehma,28443,post,Come on. We can do it together.,1,7,1,1
grade1_profile28443_q1_QK_20251122_095622.mp3,together,1,Rehma,28443,post,Come on. We can do it together.,6,7,1,1
grade1_profile28443_q1_QK_20251122_095622.mp3,we,1,Rehma,28443,post,Come on. We can do it together.,2,7,1,1
grade1_profile28443_q2_LP_20251122_100201.mp3,can,1,Rehma,28443,pre,It's locked. I can open it.,3,6,1,1
grade1_profile28443_q2_LP_20251122_100201.mp3,i,1,Rehma,28443,pre,It's locked. I can open it.,2,6,1,1
grade1_profile28443_q2_LP_20251122_100201.mp3,it,1,Rehma,28443,pre,It's locked. I can open it.,5,6,1,1
grade1_profile28443_q2_LP_20251122_100201.mp3,it's,1,Rehma,28443,pre,It's locked. I can open it.,0,6,1,1
grade1_profile28443_q2_LP_20251122_100201.mp3,locked,0,Rehma,28443,pre,It's locked. I can open it.,1,6,1,0
grade1_profile28443_q2_LP_20251122_100201.mp3,open,1,Rehma,28443,pre,It's locked. I can open it.,4,6,1,1
grade1_profile28443_q2_QK_20251122_100724.mp3,can,1,Semal,28443,post,It's locked. I can open it.,3,6,1,1
grade1_profile28443_q2_QK_20251122_100724.mp3,i,1,Semal,28443,post,It's locked. I can open it.,2,6,1,1
grade1_profile28443_q2_QK_20251122_100724.mp3,it,1,Semal,28443,post,It's locked. I can open it.,5,6,1,1
grade1_profile28443_q2_QK_20251122_100724.mp3,it's,0,Semal,28443,post,It's locked. I can open it.,0,6,1,0
grade1_profile28443_q2_QK_20251122_100724.mp3,locked,1,Semal,28443,post,It's locked. I can open it.,1,6,1,1
grade1_profile28443_q2_QK_20251122_100724.mp3,open,1,Semal,28443,post,It's locked. I can open it.,4,6,1,1
grade1_profile28443_q3_LP_20251122_101304.mp3,build,0,Rehma,28443,pre,This is Zara. She loves to draw. This is Faiz. He loves to build things.,13,15,0,1
grade1_profile28443_q3_LP_20251122_101304.mp3,draw,1,Rehma,28443,pre,This is Zara. She loves to draw. This is Faiz. He loves to build things.,6,15,1,1
grade1_profile28443_q3_LP_20251122_101304.mp3,faiz,1,Rehma,28443,pre,This is Zara. She loves to draw. This is Faiz. He loves to build things.,9,15,0,0
grade1_profile28443_q3_LP_20251122_101304.mp3,he,1,Rehma,28443,pre,This is Zara. She loves to draw. This is Faiz. He loves to build things.,10,15,1,1
grade1_profile28443_q3_LP_20251122_101304.mp3,is,1,Rehma,28443,pre,This is Zara. She loves to draw. This is Faiz. He loves to build things.,1,15,1,1
grade1_profile28443_q3_LP_20251122_101304.mp3,loves,1,Rehma,28443,pre,This is Zara. She loves to draw. This is Faiz. He loves to build things.,4,15,1,1
grade1_profile28443_q3_LP_20251122_101304.mp3,she,1,Rehma,28443,pre,This is Zara. She loves to draw. This is Faiz. He loves to build things.,3,15,1,1
grade1_profile28443_q3_LP_20251122_101304.mp3,things,1,Rehma,28443,pre,This is Zara. She loves to draw. This is Faiz. He loves to build things.,14,15,0,0
grade1_profile28443_q3_LP_20251122_101304.mp3,this,1,Rehma,28443,pre,This is Zara. She loves to draw. This is Faiz. He loves to build things.,0,15,1,1
grade1_profile28443_q3_LP_20251122_101304.mp3,to,1,Rehma,28443,pre,This is Zara. She loves to draw. This is Faiz. He loves to build things.,5,15,1,1
grade1_profile28443_q3_LP_20251122_101304.mp3,zara,1,Rehma,28443,pre,This is Zara. She loves to draw. This is Faiz. He loves to build things.,2,15,1,1
grade1_profile28443_q3_QK_20251122_101834.mp3,faiz,0,Ali,28443,post,This is Zara. She loves to draw. This is Faiz. He loves to build things.,9,15,0,1
grade1_profile28444_q1_LP_20251122_095026.mp3,can,1,Salman,28444,pre,Come on. We can do it together.,3,7,0,0
grade1_profile28444_q1_LP_20251122_095026.mp3,come,1,Salman,28444,pre,Come on. We can do it together.,0,7,1,1
grade1_profile28444_q1_LP_20251122_095026.mp3,do,1,Salman,28444,pre,Come on. We can do it together.,4,7,0,0
grade1_profile28444_q1_LP_20251122_095026.mp3,it,1,Salman,28444,pre,Come on. We can do it together.,5,7,1,1
grade1_profile28444_q1_LP_20251122_095026.mp3,on,1,Salman,28444,pre,Come on. We can do it together.,1,7,1,1
grade1_profile28444_q1_LP_20251122_095026.mp3,together,0,Salman,28444,pre,Come on. We can do it together.,6,7,0,1
grade1_profile28444_q1_LP_20251122_095026.mp3,we,1,Salman,28444,pre,Come on. We can do it together.,2,7,1,1
grade1_profile28444_q1_QK_20251122_095622.mp3,can,1,Rukhshan,28444,post,Come on. We can do it together.,3,7,0,0
grade1_profile28444_q1_QK_20251122_095622.mp3,come,1,Rukhshan,28444,post,Come on. We can do it together.,0,7,0,0
grade1_profile28444_q1_QK_20251122_095622.mp3,do,1,Rukhshan,28444,post,Come on. We can do it together.,4,7,1,1
grade1_profile28444_q1_QK_20251122_095622.mp3,it,1,Rukhshan,28444,post,Come on. We can do it together.,5,7,1,1
grade1_profile28444_q1_QK_20251122_095622.mp3,on,1,Rukhshan,28444,post,Come on. We can do it together.,1,7,0,0
grade1_profile28444_q1_QK_20251122_095622.mp3,together,1,Rukhshan,28444,post,Come on. We can do it together.,6,7,0,0
grade1_profile28444_q1_QK_20251122_095622.mp3,we,1,Rukhshan,28444,post,Come on. We can do it together.,2,7,0,0
grade1_profile28444_q2_LP_20251122_100201.mp3,can,1,Amna,28444,pre,It's locked. I can open it.,3,6,1,1
grade1_profile28444_q2_LP_20251122_100201.mp3,i,1,Amna,28444,pre,It's locked. I can open it.,2,6,1,1
grade1_profile28444_q2_LP_20251122_100201.mp3,it,1,Amna,28444,pre,It's locked. I can open it.,5,6,1,1
grade1_profile28444_q2_LP_20251122_100201.mp3,it's,1,Amna,28444,pre,It's locked. I can open it.,0,6,1,1
grade1_profile28444_q2_LP_20251122_100201.mp3,locked,0,Amna,28444,pre,It's locked. I can open it.,1,6,0,1
grade1_profile28444_q2_LP_20251122_100201.mp3,open,1,Amna,28444,pre,It's locked. I can open it.,4,6,1,1
grade1_profile28444_q3_LP_20251122_101304.mp3,draw,1,Rehma,28444,pre,This is Zara. She loves to draw. This is Faiz. He loves to build things.,6,15,1,1
grade1_profile28444_q3_LP_20251122_101304.mp3,faiz,0,Rehma,28444,pre,This is Zara. She loves to draw. This is Faiz. He loves to build things.,9,15,0,1
grade1_profile28444_q3_LP_20251122_101304.mp3,he,1,Rehma,28444,pre,This is Zara. She loves to draw. This is Faiz. He loves to build things.,10,15,1,1
grade1_profile28444_q3_LP_20251122_101304.mp3,is,1,Rehma,28444,pre,This is Zara. She loves to draw. This is Faiz. He loves to build things.,1,15,1,1
grade1_profile28444_q3_LP_20251122_101304.mp3,loves,1,Rehma,28444,pre,This is Zara. She loves to draw. This is Faiz. He loves to build things.,4,15,1,1
grade1_profile28444_q3_LP_20251122_101304.mp3,she,1,Rehma,28444,pre,This is Zara. She loves to draw. This is Faiz. He loves to build things.,3,15,1,1
grade1_profile28444_q3_LP_20251122_101304.mp3,things,1,Rehma,28444,pre,This is Zara. She loves to draw. This is Faiz. He loves to build things.,14,15,1,1
grade1_profile28444_q3_LP_20251122_101304.mp3,this,1,Rehma,28444,pre,This is Zara. She loves to draw. This is Faiz. He loves to build things.,0,15,1,1
grade1_profile28444_q3_LP_20251122_101304.mp3,to,1,Rehma,28444,pre,This is Zara. She loves to draw. This is Faiz. He loves to build things.,5,15,1,1
grade1_profile28444_q3_LP_20251122_101304.mp3,zara,1,Rehma,28444,pre,This is Zara. She loves to draw. This is Faiz. He loves to build things.,2,15,0,0
grade1_profile28444_q3_QK_20251122_101834.mp3,build,1,Amna,28444,post,This is Zara. She loves to draw. This is Faiz. He loves to build things.,13,15,1,1
grade1_profile28444_q3_QK_20251122_101834.mp3,draw,1,Amna,28444,post,This is Zara. She loves to draw. This is Faiz. He loves to build things.,6,15,0,0
grade1_profile28444_q3_QK_20251122_101834.mp3,faiz,1,Amna,28444,post,This is Zara. She loves to draw. This is Faiz. He loves to build things.,9,15,0,0
grade1_profile28444_q3_QK_20251122_101834.mp3,he,1,Amna,28444,post,This is Zara. She loves to draw. This is Faiz. He loves to build things.,10,15,1,1
grade1_profile28444_q3_QK_20251122_101834.mp3,is,1,Amna,28444,post,This is Zara. She loves to draw. This is Faiz. He loves to build things.,1,15,1,1
grade1_profile28444_q3_QK_20251122_101834.mp3,loves,1,Amna,28444,post,This is Zara. She loves to draw. This is Faiz. He loves to build things.,4,15,1,1
grade1_profile28444_q3_QK_20251122_101834.mp3,she,1,Amna,28444,post,This is Zara. She loves to draw. This is Faiz. He loves to build things.,3,15,1,1
grade1_profile28444_q3_QK_20251122_101834.mp3,things,0,Amna,28444,post,This is Zara. She loves to draw. This is Faiz. He loves to build things.,14,15,0,1
grade1_profile28444_q3_QK_20251122_101834.mp3,this,1,Amna,28444,post,This is Zara. She loves to draw. This is Faiz. He loves to build things.,0,15,1,1
grade1_profile28444_q3_QK_20251122_101834.mp3,to,1,Amna,28444,post,This is Zara. She loves to draw. This is Faiz. He loves to build things.,5,15,1,1
grade1_profile28444_q3_QK_20251122_101834.mp3,zara,1,Amna,28444,post,This is Zara. She loves to draw. This is Faiz. He loves to build things.,2,15,0,0
grade1_profile28446_q1_LP_20251122_095026.mp3,can,1,Rehma,28446,pre,Come on. We can do it together.,3,7,1,1
grade1_profile28446_q1_LP_20251122_095026.mp3,come,1,Rehma,28446,pre,Come on. We can do it together.,0,7,1,1
grade1_profile28446_q1_LP_20251122_095026.mp3,do,1,Rehma,28446,pre,Come on. We can do it together.,4,7,1,1
grade1_profile28446_q1_LP_20251122_095026.mp3,it,1,Rehma,28446,pre,Come on. We can do it together.,5,7,1,1
grade1_profile28446_q1_LP_20251122_095026.mp3,on,1,Rehma,28446,pre,Come on. We can do it together.,1,7,1,1
grade1_profile28446_q1_LP_20251122_095026.mp3,together,0,Rehma,28446,pre,Come on. We can do it together.,6,7,1,0
grade1_profile28446_q1_LP_20251122_095026.mp3,we,1,Rehma,28446,pre,Come on. We can do it together.,2,7,1,1
grade1_profile28446_q1_QK_20251122_095622.mp3,can,1,Semal,28446,post,Come on. We can do it together.,3,7,1,1
grade1_profile28446_q1_QK_20251122_095622.mp3,come,1,Semal,28446,post,Come on. We can do it together.,0,7,1,1
grade1_profile28446_q1_QK_20251122_095622.mp3,do,1,Semal,28446,post,Come on. We can do it together.,4,7,1,1
grade1_profile28446_q1_QK_20251122_095622.mp3,it,1,Semal,28446,post,Come on. We can do it together.,5,7,1,1
grade1_profile28446_q1_QK_20251122_095622.mp3,on,1,Semal,28446,post,Come on. We can do it together.,1,7,1,1
grade1_profile28446_q1_QK_20251122_095622.mp3,together,0,Semal,28446,post,Come on. We can do it together.,6,7,1,0
grade1_profile28446_q1_QK_20251122_095622.mp3,we,1,Semal,28446,post,Come on. We can do it together.,2,7,1,1
grade1_profile28446_q2_LP_20251122_100201.mp3,can,1,Dania,28446,pre,It's locked. I can open it.,3,6,1,1
grade1_profile28446_q2_LP_20251122_100201.mp3,i,1,Dania,28446,pre,It's locked. I can open it.,2,6,1,1
grade1_profile28446_q2_LP_20251122_100201.mp3,it,1,Dania,28446,pre,It's locked. I can open it.,5,6,1,1
grade1_profile28446_q2_LP_20251122_100201.mp3,it's,1,Dania,28446,pre,It's locked. I can open it.,0,6,1,1
grade1_profile28446_q2_LP_20251122_100201.mp3,locked,0,Dania,28446,pre,It's locked. I can open it.,1,6,1,0
grade1_profile28446_q2_LP_20251122_100201.mp3,open,1,Dania,28446,pre,It's locked. I can open it.,4,6,1,1
grade1_profile28446_q2_QK_20251122_100724.mp3,can,1,Rehma,28446,post,It's locked. I can open it.,3,6,1,1
grade1_profile28446_q2_QK_20251122_100724.mp3,i,1,Rehma,28446,post,It's locked. I can open it.,2,6,1,1
grade1_profile28446_q2_QK_20251122_100724.mp3,it,1,Rehma,28446,post,It's locked. I can open it.,5,6,1,1
grade1_profile28446_q2_QK_20251122_100724.mp3,it's,0,Rehma,28446,post,It's locked. I can open it.,0,6,1,0
grade1_profile28446_q2_QK_20251122_100724.mp3,locked,1,Rehma,28446,post,It's locked. I can open it.,1,6,1,1
grade1_profile28446_q2_QK_20251122_100724.mp3,open,1,Rehma,28446,post,It's locked. I can open it.,4,6,1,1
grade1_profile28446_q3_LP_20251122_101304.mp3,build,1,Dania,28446,pre,This is Zara. She loves to draw. This is Faiz. He loves to build things.,13,15,0,0
grade1_profile28446_q3_LP_20251122_101304.mp3,draw,1,Dania,28446,pre,This is Zara. She loves to draw. This is Faiz. He loves to build things.,6,15,1,1
grade1_profile28446_q3_LP_20251122_101304.mp3,faiz,1,Dania,28446,pre,This is Zara. She loves to draw. This is Faiz. He loves to build things.,9,15,0,0
grade1_profile28446_q3_LP_20251122_101304.mp3,he,1,Dania,28446,pre,This is Zara. She loves to draw. This is Faiz. He loves to build things.,10,15,1,1
grade1_profile28446_q3_LP_20251122_101304.mp3,is,1,Dania,28446,pre,This is Zara. She loves to draw. This is Faiz. He loves to build things.,1,15,1,1
grade1_profile28446_q3_LP_20251122_101304.mp3,loves,1,Dania,28446,pre,This is Zara. She loves to draw. This is Faiz. He loves to build things.,4,15,1,1
grade1_profile28446_q3_LP_20251122_101304.mp3,she,1,Dania,28446,pre,This is Zara. She loves to draw. This is Faiz. He loves to build things.,3,15,1,1
grade1_profile28446_q3_LP_20251122_101304.mp3,things,1,Dania,28446,pre,This is Zara. She loves to draw. This is Faiz. He loves to build things.,14,15,1,1
grade1_profile28446_q3_LP_20251122_101304.mp3,this,1,Dania,28446,pre,This is Zara. She loves to draw. This is Faiz. He loves to build things.,0,15,1,1
grade1_profile28446_q3_LP_20251122_101304.mp3,to,1,Dania,28446,pre,This is Zara. She loves to draw. This is Faiz. He loves to build things.,5,15,1,1
grade1_profile28446_q3_LP_20251122_101304.mp3,zara,1,Dania,28446,pre,This is Zara. She loves to draw. This is Faiz. He loves to build things.,2,15,1,1
grade1_profile28446_q3_QK_20251122_101834.mp3,build,1,Amna,28446,post,This is Zara. She loves to draw. This is Faiz. He loves to build things.,13,15,1,1
grade1_profile28446_q3_QK_20251122_101834.mp3,draw,1,Amna,28446,post,This is Zara. She loves to draw. This is Faiz. He loves to build things.,6,15,1,1
grade1_profile28446_q3_QK_20251122_101834.mp3,faiz,1,Amna,28446,post,This is Zara. She loves to draw. This is Faiz. He loves to build things.,9,15,1,1
grade1_profile28446_q3_QK_20251122_101834.mp3,he,1,Amna,28446,post,This is Zara. She loves to draw. This is Faiz. He loves to build things.,10,15,1,1
grade1_profile28446_q3_QK_20251122_101834.mp3,is,1,Amna,28446,post,This is Zara. She loves to draw. This is Faiz. He loves to build things.,1,15,1,1
grade1_profile28446_q3_QK_20251122_101834.mp3,loves,1,Amna,28446,post,This is Zara. She loves to draw. This is Faiz. He loves to build things.,4,15,1,1
grade1_profile28446_q3_QK_20251122_101834.mp3,she,1,Amna,28446,post,This is Zara. She loves to draw. This is Faiz. He loves to build things.,3,15,1,1
grade1_profile28446_q3_QK_20251122_101834.mp3,things,0,Amna,28446,post,This is Zara. She loves to draw. This is Faiz. He loves to build things.,14,15,0,1
grade1_profile28446_q3_QK_20251122_101834.mp3,this,1,Amna,28446,post,This is Zara. She loves to draw. This is Faiz. He loves to build things.,0,15,1,1
grade1_profile28446_q3_QK_20251122_101834.mp3,to,1,Amna,28446,post,This is Zara. She loves to draw. This is Faiz. He loves to build things.,5,15,1,1
grade1_profile28446_q3_QK_20251122_101834.mp3,zara,1,Amna,28446,post,This is Zara. She loves to draw. This is Faiz. He loves to build things.,2,15,1,1
grade1_profile28448_q1_QK_20251122_095622.mp3,can,1,Rehma,28448,post,Come on. We can do it together.,3,7,1,1
grade1_profile28448_q1_QK_20251122_095622.mp3,come,1,Rehma,28448,post,Come on. We can do it together.,0,7,0,0
grade1_profile28448_q1_QK_20251122_095622.mp3,do,1,Rehma,28448,post,Come on. We can do it together.,4,7,1,1
grade1_profile28448_q1_QK_20251122_095622.mp3,it,1,Rehma,28448,post,Come on. We can do it together.,5,7,1,1
grade1_profile28448_q1_QK_20251122_095622.mp3,on,1,Rehma,28448,post,Come on. We can do it together.,1,7,1,1
grade1_profile28448_q1_QK_20251122_095622.mp3,together,1,Rehma,28448,post,Come on. We can do it together.,6,7,1,1
grade1_profile28448_q1_QK_20251122_095622.mp3,we,1,Rehma,28448,post,Come on. We can do it together.,2,7,1,1
grade1_profile28448_q2_LP_20251122_100201.mp3,can,1,Semal,28448,pre,It's locked. I can open it.,3,6,1,1
grade1_profile28448_q2_LP_20251122_100201.mp3,i,1,Semal,28448,pre,It's locked. I can open it.,2,6,1,1
grade1_profile28448_q2_LP_20251122_100201.mp3,it,1,Semal,28448,pre,It's locked. I can open it.,5,6,1,1
grade1_profile28448_q2_LP_20251122_100201.mp3,it's,1,Semal,28448,pre,It's locked. I can open it.,0,6,1,1
grade1_profile28448_q2_LP_20251122_100201.mp3,locked,0,Semal,28448,pre,It's locked. I can open it.,1,6,0,1
grade1_profile28448_q2_LP_20251122_100201.mp3,open,1,Semal,28448,pre,It's locked. I can open it.,4,6,1,1
grade1_profile28448_q2_QK_20251122_100724.mp3,can,1,Amna,28448,post,It's locked. I can open it.,3,6,1,1
grade1_profile28448_q2_QK_20251122_100724.mp3,i,1,Amna,28448,post,It's locked. I can open it.,2,6,1,1
grade1_profile28448_q2_QK_20251122_100724.mp3,it,1,Amna,28448,post,It's locked. I can open it.,5,6,1,1
grade1_profile28448_q2_QK_20251122_100724.mp3,it's,1,Amna,28448,post,It's locked. I can open it.,0,6,1,1
grade1_profile28448_q2_QK_20251122_100724.mp3,locked,1,Amna,28448,post,It's locked. I can open it.,1,6,0,0
grade1_profile28448_q2_QK_20251122_100724.mp3,open,1,Amna,28448,post,It's locked. I can open it.,4,6,1,1
grade1_profile28448_q3_LP_20251122_101304.mp3,build,1,Amna,28448,pre,This is Zara. She loves to draw. This is Faiz. He loves to build things.,13,15,1,1
grade1_profile28448_q3_LP_20251122_101304.mp3,draw,1,Amna,28448,pre,This is Zara. She loves to draw. This is Faiz. He loves to build things.,6,15,1,1
grade1_profile28448_q3_LP_20251122_101304.mp3,faiz,1,Amna,28448,pre,This is Zara. She loves to draw. This is Faiz. He loves to build things.,9,15,0,0
grade1_profile28448_q3_LP_20251122_101304.mp3,he,1,Amna,28448,pre,This is Zara. She loves to draw. This is Faiz. He loves to build things.,10,15,1,1
grade1_profile28448_q3_LP_20251122_101304.mp3,is,1,Amna,28448,pre,This is Zara. She loves to draw. This is Faiz. He loves to build things.,1,15,1,1
grade1_profile28448_q3_LP_20251122_101304.mp3,loves,1,Amna,28448,pre,This is Zara. She loves to draw. This is Faiz. He loves to build things.,4,15,1,1
grade1_profile28448_q3_LP_20251122_101304.mp3,things,1,Amna,28448,pre,This is Zara. She loves to draw. This is Faiz. He loves to build things.,14,15,1,1
grade1_profile28448_q3_LP_20251122_101304.mp3,this,1,Amna,28448,pre,This is Zara. She loves to draw. This is Faiz. He loves to build things.,0,15,1,1
grade1_profile28448_q3_LP_20251122_101304.mp3,to,1,Amna,28448,pre,This is Zara. She loves to draw. This is Faiz. He loves to build things.,5,15,1,1
grade1_profile28448_q3_LP_20251122_101304.mp3,zara,1,Amna,28448,pre,This is Zara. She loves to draw. This is Faiz. He loves to build things.,2,15,1,1
grade1_profile28448_q3_QK_20251122_101834.mp3,build,1,Semal,28448,post,This is Zara. She loves to draw. This is Faiz. He loves to build things.,13,15,1,1
grade1_profile28448_q3_QK_20251122_101834.mp3,draw,1,Semal,28448,post,This is Zara. She loves to draw. This is Faiz. He loves to build things.,6,15,1,1
grade1_profile28448_q3_QK_20251122_101834.mp3,faiz,1,Semal,28448,post,This is Zara. She loves to draw. This is Faiz. He loves to build things.,9,15,0,0
grade1_profile28448_q3_QK_20251122_101834.mp3,he,1,Semal,28448,post,This is Zara. She loves to draw. This is Faiz. He loves to build things.,10,15,1,1
grade1_profile28448_q3_QK_20251122_101834.mp3,is,1,Semal,28448,post,This is Zara. She loves to draw. This is Faiz. He loves to build things.,1,15,1,1
grade1_profile28448_q3_QK_20251122_101834.mp3,loves,0,Semal,28448,post,This is Zara. She loves to draw. This is Faiz. He loves to build things.,4,15,1,0
grade1_profile28448_q3_QK_20251122_101834.mp3,things,1,Semal,28448,post,This is Zara. She loves to draw. This is Faiz. He loves to build things.,14,15,1,1
grade1_profile28448_q3_QK_20251122_101834.mp3,this,1,Semal,28448,post,This is Zara. She loves to draw. This is Faiz. He loves to build things.,0,15,1,1
grade1_profile28448_q3_QK_20251122_101834.mp3,to,1,Semal,28448,post,This is Zara. She loves to draw. This is Faiz. He loves to build things.,5,15,1,1
grade1_profile28448_q3_QK_20251122_101834.mp3,zara,1,Semal,28448,post,This is Zara. She loves to draw. This is Faiz. He loves to build things.,2,15,1,1
grade1_profile28450_q1_LP_20251122_095026.mp3,can,1,Semal,28450,pre,Come on. We can do it together.,3,7,1,1
grade1_profile28450_q1_LP_20251122_095026.mp3,come,1,Semal,28450,pre,Come on. We can do it together.,0,7,1,1
grade1_profile28450_q1_LP_20251122_095026.mp3,do,1,Semal,28450,pre,Come on. We can do it together.,4,7,1,1
grade1_profile28450_q1_LP_20251122_095026.mp3,it,1,Semal,28450,pre,Come on. We can do it together.,5,7,1,1
grade1_profile28450_q1_LP_20251122_095026.mp3,on,1,Semal,28450,pre,Come on. We can do it together.,1,7,1,1
grade1_profile28450_q1_LP_20251122_095026.mp3,together,1,Semal,28450,pre,Come on. We can do it together.,6,7,1,1
grade1_profile28450_q1_LP_20251122_095026.mp3,we,1,Semal,28450,pre,Come on. We can do it together.,2,7,1,1
grade1_profile28450_q1_QK_20251122_095622.mp3,can,1,Rehma,28450,post,Come on. We can do it together.,3,7,1,1
grade1_profile28450_q1_QK_20251122_095622.mp3,come,1,Rehma,28450,post,Come on. We can do it together.,0,7,1,1
grade1_profile28450_q1_QK_20251122_095622.mp3,do,1,Rehma,28450,post,Come on. We can do it together.,4,7,1,1
grade1_profile28450_q1_QK_20251122_095622.mp3,it,1,Rehma,28450,post,Come on. We can do it together.,5,7,1,1
grade1_profile28450_q1_QK_20251122_095622.mp3,on,1,Rehma,28450,post,Come on. We can do it together.,1,7,1,1
grade1_profile28450_q1_QK_20251122_095622.mp3,together,1,Rehma,28450,post,Come on. We can do it together.,6,7,1,1
grade1_profile28450_q1_QK_20251122_095622.mp3,we,1,Rehma,28450,post,Come on. We can do it together.,2,7,1,1
grade1_profile28450_q2_LP_20251122_100201.mp3,can,1,Rehma,28450,pre,It's locked. I can open it.,3,6,1,1
grade1_profile28450_q2_LP_20251122_100201.mp3,i,1,Rehma,28450,pre,It's locked. I can open it.,2,6,1,1
grade1_profile28450_q2_LP_20251122_100201.mp3,it,1,Rehma,28450,pre,It's locked. I can open it.,5,6,1,1
grade1_profile28450_q2_LP_20251122_100201.mp3,it's,1,Rehma,28450,pre,It's locked. I can open it.,0,6,1,1
grade1_profile28450_q2_LP_20251122_100201.mp3,locked,1,Rehma,28450,pre,It's locked. I can open it.,1,6,1,1
grade1_profile28450_q2_LP_20251122_100201.mp3,open,1,Rehma,28450,pre,It's locked. I can open it.,4,6,1,1
grade1_profile28450_q2_QK_20251122_100724.mp3,can,0,Dania,28450,post,It's locked. I can open it.,3,6,1,0
grade1_profile28450_q2_QK_20251122_100724.mp3,i,0,Dania,28450,post,It's locked. I can open it.,2,6,1,0
grade1_profile28450_q2_QK_20251122_100724.mp3,it,0,Dania,28450,post,It's locked. I can open it.,5,6,1,0
grade1_profile28450_q2_QK_20251122_100724.mp3,it's,0,Dania,28450,post,It's locked. I can open it.,0,6,1,0
grade1_profile28450_q2_QK_20251122_100724.mp3,locked,0,Dania,28450,post,It's locked. I can open it.,1,6,1,0
grade1_profile28450_q2_QK_20251122_100724.mp3,open,0,Dania,28450,post,It's locked. I can open it.,4,6,1,0
grade1_profile28450_q3_LP_20251122_101304.mp3,build,1,Amna,28450,pre,This is Zara. She loves to draw. This is Faiz. He loves to build things.,13,15,1,1
grade1_profile28450_q3_LP_20251122_101304.mp3,draw,1,Amna,28450,pre,This is Zara. She loves to draw. This is Faiz. He loves to build things.,6,15,0,0
grade1_profile28450_q3_LP_20251122_101304.mp3,faiz,0,Amna,28450,pre,This is Zara. She loves to draw. This is Faiz. He loves to build things.,9,15,1,0
grade1_profile28450_q3_LP_20251122_101304.mp3,he,0,Amna,28450,pre,This is Zara. She loves to draw. This is Faiz. He loves to build things.,10,15,1,0
grade1_profile28450_q3_LP_20251122_101304.mp3,is,1,Amna,28450,pre,This is Zara. She loves to draw. This is Faiz. He loves to build things.,1,15,1,1
grade1_profile28450_q3_LP_20251122_101304.mp3,loves,0,Amna,28450,pre,This is Zara. She loves to draw. This is Faiz. He loves to build things.,4,15,1,0
grade1_profile28450_q3_LP_20251122_101304.mp3,she,1,Amna,28450,pre,This is Zara. She loves to draw. This is Faiz. He loves to build things.,3,15,0,0
grade1_profile28450_q3_LP_20251122_101304.mp3,things,1,Amna,28450,pre,This is Zara. She loves to draw. This is Faiz. He loves to build things.,14,15,0,0
grade1_profile28450_q3_LP_20251122_101304.mp3,this,1,Amna,28450,pre,This is Zara. She loves to draw. This is Faiz. He loves to build things.,0,15,1,1
grade1_profile28450_q3_LP_20251122_101304.mp3,to,1,Amna,28450,pre,This is Zara. She loves to draw. This is Faiz. He loves to build things.,5,15,1,1
grade1_profile28450_q3_QK_20251122_101834.mp3,build,1,Salman,28450,post,This is Zara. She loves to draw. This is Faiz. He loves to build things.,13,15,1,1
grade1_profile28450_q3_QK_20251122_101834.mp3,draw,1,Salman,28450,post,This is Zara. She loves to draw. This is Faiz. He loves to build things.,6,15,1,1
grade1_profile28450_q3_QK_20251122_101834.mp3,faiz,1,Salman,28450,post,This is Zara. She loves to draw. This is Faiz. He loves to build things.,9,15,1,1
grade1_profile28450_q3_QK_20251122_101834.mp3,he,1,Salman,28450,post,This is Zara. She loves to draw. This is Faiz. He loves to build things.,10,15,1,1
grade1_profile28450_q3_QK_20251122_101834.mp3,is,1,Salman,28450,post,This is Zara. She loves to draw. This is Faiz. He loves to build things.,1,15,1,1
grade1_profile28450_q3_QK_20251122_101834.mp3,loves,1,Salman,28450,post,This is Zara. She loves to draw. This is Faiz. He loves to build things.,4,15,1,1
grade1_profile28450_q3_QK_20251122_101834.mp3,she,1,Salman,28450,post,This is Zara. She loves to draw. This is Faiz. He loves to build things.,3,15,1,1
grade1_profile28450_q3_QK_20251122_101834.mp3,things,1,Salman,28450,post,This is Zara. She loves to draw. This is Faiz. He loves to build things.,14,15,1,1
grade1_profile28450_q3_QK_20251122_101834.mp3,this,1,Salman,28450,post,This is Zara. She loves to draw. This is Faiz. He loves to build things.,0,15,1,1
grade1_profile28450_q3_QK_20251122_101834.mp3,to,1,Salman,28450,post,This is Zara. She loves to draw. This is Faiz. He loves to build things.,5,15,1,1
grade1_profile28450_q3_QK_20251122_101834.mp3,zara,1,Salman,28450,post,This is Zara. She loves to draw. This is Faiz. He loves to build things.,2,15,1,1
grade1_profile28451_q1_LP_20251122_095026.mp3,can,1,Rukhshan,28451,pre,Come on. We can do it together.,3,7,1,1
grade1_profile28451_q1_LP_20251122_095026.mp3,come,1,Rukhshan,28451,pre,Come on. We can do it together.,0,7,0,0
grade1_profile28451_q1_LP_20251122_095026.mp3,do,1,Rukhshan,28451,pre,Come on. We can do it together.,4,7,1,1
grade1_profile28451_q1_LP_20251122_095026.mp3,it,1,Rukhshan,28451,pre,Come on. We can do it together.,5,7,1,1
grade1_profile28451_q1_LP_20251122_095026.mp3,on,1,Rukhshan,28451,pre,Come on. We can do it together.,1,7,1,1
grade1_profile28451_q1_LP_20251122_095026.mp3,together,1,Rukhshan,28451,pre,Come on. We can do it together.,6,7,0,0
grade1_profile28451_q1_LP_20251122_095026.mp3,we,1,Rukhshan,28451,pre,Come on. We can do it together.,2,7,0,0
grade1_profile28451_q1_QK_20251122_095622.mp3,can,1,Rukhshan,28451,post,Come on. We can do it together.,3,7,1,1
grade1_profile28451_q1_QK_20251122_095622.mp3,come,1,Rukhshan,28451,post,Come on. We can do it together.,0,7,1,1
grade1_profile28451_q1_QK_20251122_095622.mp3,do,1,Rukhshan,28451,post,Come on. We can do it together.,4,7,1,1
grade1_profile28451_q1_QK_20251122_095622.mp3,it,1,Rukhshan,28451,post,Come on. We can do it together.,5,7,1,1
grade1_profile28451_q1_QK_20251122_095622.mp3,on,1,Rukhshan,28451,post,Come on. We can do it together.,1,7,1,1
grade1_profile28451_q1_QK_20251122_095622.mp3,together,0,Rukhshan,28451,post,Come on. We can do it together.,6,7,0,1
grade1_profile28451_q1_QK_20251122_095622.mp3,we,1,Rukhshan,28451,post,Come on. We can do it together.,2,7,1,1
grade1_profile28451_q2_LP_20251122_100201.mp3,can,1,Rehma,28451,pre,It's locked. I can open it.,3,6,1,1
grade1_profile28451_q2_LP_20251122_100201.mp3,i,1,Rehma,28451,pre,It's locked. I can open it.,2,6,1,1
grade1_profile28451_q2_LP_20251122_100201.mp3,it,1,Rehma,28451,pre,It's locked. I can open it.,5,6,1,1
grade1_profile28451_q2_LP_20251122_100201.mp3,it's,0,Rehma,28451,pre,It's locked. I can open it.,0,6,0,1
grade1_profile28451_q2_LP_20251122_100201.mp3,locked,0,Rehma,28451,pre,It's locked. I can open it.,1,6,1,0
grade1_profile28451_q2_LP_20251122_100201.mp3,open,1,Rehma,28451,pre,It's locked. I can open it.,4,6,1,1
grade1_profile28451_q2_QK_20251122_100724.mp3,can,1,Ali,28451,post,It's locked. I can open it.,3,6,1,1
grade1_profile28451_q2_QK_20251122_100724.mp3,i,1,Ali,28451,post,It's locked. I can open it.,2,6,1,1
grade1_profile28451_q2_QK_20251122_100724.mp3,it,1,Ali,28451,post,It's locked. I can open it.,5,6,1,1
grade1_profile28451_q2_QK_20251122_100724.mp3,it's,1,Ali,28451,post,It's locked. I can open it.,0,6,1,1
grade1_profile28451_q2_QK_20251122_100724.mp3,locked,1,Ali,28451,post,It's locked. I can open it.,1,6,1,1
grade1_profile28451_q2_QK_20251122_100724.mp3,open,1,Ali,28451,post,It's locked. I can open it.,4,6,1,1
grade1_profile28451_q3_LP_20251122_101304.mp3,build,1,Amna,28451,pre,This is Zara. She loves to draw. This is Faiz. He loves to build things.,13,15,1,1
grade1_profile28451_q3_LP_20251122_101304.mp3,draw,1,Amna,28451,pre,This is Zara. She loves to draw. This is Faiz. He loves to build things.,6,15,1,1
grade1_profile28451_q3_LP_20251122_101304.mp3,faiz,1,Amna,28451,pre,This is Zara. She loves to draw. This is Faiz. He loves to build things.,9,15,0,0
grade1_profile28451_q3_LP_20251122_101304.mp3,he,1,Amna,28451,pre,This is Zara. She loves to draw. This is Faiz. He loves to build things.,10,15,1,1
grade1_profile28451_q3_LP_20251122_101304.mp3,is,1,Amna,28451,pre,This is Zara. She loves to draw. This is Faiz. He loves to build things.,1,15,1,1
grade1_profile28451_q3_LP_20251122_101304.mp3,loves,1,Amna,28451,pre,This is Zara. She loves to draw. This is Faiz. He loves to build things.,4,15,1,1
grade1_profile28451_q3_LP_20251122_101304.mp3,she,1,Amna,28451,pre,This is Zara. She loves to draw. This is Faiz. He loves to build things.,3,15,1,1
grade1_profile28451_q3_LP_20251122_101304.mp3,things,1,Amna,28451,pre,This is Zara. She loves to draw. This is Faiz. He loves to build things.,14,15,1,1
grade1_profile28451_q3_LP_20251122_101304.mp3,this,1,Amna,28451,pre,This is Zara. She loves to draw. This is Faiz. He loves to build things.,0,15,1,1
grade1_profile28451_q3_LP_20251122_101304.mp3,to,1,Amna,28451,pre,This is Zara. She loves to draw. This is Faiz. He loves to build things.,5,15,1,1
grade1_profile28451_q3_LP_20251122_101304.mp3,zara,1,Amna,28451,pre,This is Zara. She loves to draw. This is Faiz. He loves to build things.,2,15,0,0
grade1_profile28451_q3_QK_20251122_101834.mp3,build,1,Dania,28451,post,This is Zara. She loves to draw. This is Faiz. He loves to build things.,13,15,1,1
grade1_profile28451_q3_QK_20251122_101834.mp3,draw,1,Dania,28451,post,This is Zara. She loves to draw. This is Faiz. He loves to build things.,6,15,1,1
grade1_profile28451_q3_QK_20251122_101834.mp3,faiz,1,Dania,28451,post,This is Zara. She loves to draw. This is Faiz. He loves to build things.,9,15,0,0
grade1_profile28451_q3_QK_20251122_101834.mp3,he,1,Dania,28451,post,This is Zara. She loves to draw. This is Faiz. He loves to build things.,10,15,1,1
grade1_profile28451_q3_QK_20251122_101834.mp3,is,1,Dania,28451,post,This is Zara. She loves to draw. This is Faiz. He loves to build things.,1,15,1,1
grade1_profile28451_q3_QK_20251122_101834.mp3,loves,1,Dania,28451,post,This is Zara. She loves to draw. This is Faiz. He loves to build things.,4,15,1,1
grade1_profile28451_q3_QK_20251122_101834.mp3,she,1,Dania,28451,post,This is Zara. She loves to draw. This is Faiz. He loves to build things.,3,15,1,1
grade1_profile28451_q3_QK_20251122_101834.mp3,things,1,Dania,28451,post,This is Zara. She loves to draw. This is Faiz. He loves to build things.,14,15,1,1
grade1_profile28451_q3_QK_20251122_101834.mp3,this,1,Dania,28451,post,This is Zara. She loves to draw. This is Faiz. He loves to build things.,0,15,1,1
grade1_profile28451_q3_QK_20251122_101834.mp3,to,1,Dania,28451,post,This is Zara. She loves to draw. This is Faiz. He loves to build things.,5,15,1,1
grade1_profile28451_q3_QK_20251122_101834.mp3,zara,1,Dania,28451,post,This is Zara. She loves to draw. This is Faiz. He loves to build things.,2,15,1,1
grade1_profile28456_q1_LP_20251122_095026.mp3,can,1,Amna,28456,pre,Come on. We can do it together.,3,7,1,1
grade1_profile28456_q1_LP_20251122_095026.mp3,come,1,Amna,28456,pre,Come on. We can do it together.,0,7,1,1
grade1_profile28456_q1_LP_20251122_095026.mp3,do,1,Amna,28456,pre,Come on. We can do it together.,4,7,1,1
grade1_profile28456_q1_LP_20251122_095026.mp3,it,1,Amna,28456,pre,Come on. We can do it together.,5,7,1,1
grade1_profile28456_q1_LP_20251122_095026.mp3,on,1,Amna,28456,pre,Come on. We can do it together.,1,7,1,1
grade1_profile28456_q1_LP_20251122_095026.mp3,together,1,Amna,28456,pre,Come on. We can do it together.,6,7,0,0
grade1_profile28456_q1_LP_20251122_095026.mp3,we,1,Amna,28456,pre,Come on. We can do it together.,2,7,1,1
grade1_profile28456_q1_QK_20251122_095622.mp3,can,1,Semal,28456,post,Come on. We can do it together.,3,7,1,1
grade1_profile28456_q1_QK_20251122_095622.mp3,come,1,Semal,28456,post,Come on. We can do it together.,0,7,1,1
grade1_profile28456_q1_QK_20251122_095622.mp3,do,1,Semal,28456,post,Come on. We can do it together.,4,7,1,1
grade1_profile28456_q1_QK_20251122_095622.mp3,it,1,Semal,28456,post,Come on. We can do it together.,5,7,1,1
grade1_profile28456_q1_QK_20251122_095622.mp3,on,1,Semal,28456,post,Come on. We can do it together.,1,7,1,1
grade1_profile28456_q1_QK_20251122_095622.mp3,together,0,Semal,28456,post,Come on. We can do it together.,6,7,1,0
grade1_profile28456_q1_QK_20251122_095622.mp3,we,1,Semal,28456,post,Come on. We can do it together.,2,7,1,1
grade1_profile28456_q2_LP_20251122_100201.mp3,can,1,Amna,28456,pre,It's locked. I can open it.,3,6,1,1
grade1_profile28456_q2_LP_20251122_100201.mp3,i,1,Amna,28456,pre,It's locked. I can open it.,2,6,1,1
grade1_profile28456_q2_LP_20251122_100201.mp3,it,1,Amna,28456,pre,It's locked. I can open it.,5,6,1,1
grade1_profile28456_q2_LP_20251122_100201.mp3,it's,1,Amna,28456,pre,It's locked. I can open it.,0,6,1,1
grade1_profile28456_q2_LP_20251122_100201.mp3,locked,1,Amna,28456,pre,It's locked. I can open it.,1,6,1,1
grade1_profile28456_q2_LP_20251122_100201.mp3,open,1,Amna,28456,pre,It's locked. I can open it.,4,6,1,1
grade1_profile28456_q2_QK_20251122_100724.mp3,can,1,Ali,28456,post,It's locked. I can open it.,3,6,1,1
grade1_profile28456_q2_QK_20251122_100724.mp3,i,1,Ali,28456,post,It's locked. I can open it.,2,6,1,1
grade1_profile28456_q2_QK_20251122_100724.mp3,it,1,Ali,28456,post,It's locked. I can open it.,5,6,1,1
grade1_profile28456_q2_QK_20251122_100724.mp3,it's,1,Ali,28456,post,It's locked. I can open it.,0,6,1,1
grade1_profile28456_q2_QK_20251122_100724.mp3,locked,1,Ali,28456,post,It's locked. I can open it.,1,6,0,0
grade1_profile28456_q2_QK_20251122_100724.mp3,open,1,Ali,28456,post,It's locked. I can open it.,4,6,1,1
grade1_profile28456_q3_QK_20251122_101834.mp3,build,1,Rehma,28456,post,This is Zara. She loves to draw. This is Faiz. He loves to build things.,13,15,1,1
grade1_profile28456_q3_QK_20251122_101834.mp3,draw,1,Rehma,28456,post,This is Zara. She loves to draw. This is Faiz. He loves to build things.,6,15,1,1
grade1_profile28456_q3_QK_20251122_101834.mp3,faiz,1,Rehma,28456,post,This is Zara. She loves to draw. This is Faiz. He loves to build things.,9,15,0,0
grade1_profile28456_q3_QK_20251122_101834.mp3,he,1,Rehma,28456,post,This is Zara. She loves to draw. This is Faiz. He loves to build things.,10,15,1,1
grade1_profile28456_q3_QK_20251122_101834.mp3,is,1,Rehma,28456,post,This is Zara. She loves to draw. This is Faiz. He loves to build things.,1,15,1,1
grade1_profile28456_q3_QK_20251122_101834.mp3,loves,1,Rehma,28456,post,This is Zara. She loves to draw. This is Faiz. He loves to build things.,4,15,1,1
grade1_profile28456_q3_QK_20251122_101834.mp3,she,1,Rehma,28456,post,This is Zara. She loves to draw. This is Faiz. He loves to build things.,3,15,1,1
grade1_profile28456_q3_QK_20251122_101834.mp3,things,1,Rehma,28456,post,This is Zara. She loves to draw. This is Faiz. He loves to build things.,14,15,1,1
grade1_profile28456_q3_QK_20251122_101834.mp3,this,1,Rehma,28456,post,This is Zara. She loves to draw. This is Faiz. He loves to build things.,0,15,1,1
grade1_profile28456_q3_QK_20251122_101834.mp3,to,1,Rehma,28456,post,This is Zara. She loves to draw. This is Faiz. He loves to build things.,5,15,1,1
grade1_profile28456_q3_QK_20251122_101834.mp3,zara,1,Rehma,28456,post,This is Zara. She loves to draw. This is Faiz. He loves to build things.,2,15,1,1
grade1_profile28457_q1_LP_20251122_095026.mp3,can,1,Rukhshan,28457,pre,Come on. We can do it together.,3,7,1,1
grade1_profile28457_q1_LP_20251122_095026.mp3,come,1,Rukhshan,28457,pre,Come on. We can do it together.,0,7,1,1
grade1_profile28457_q1_LP_20251122_095026.mp3,do,1,Rukhshan,28457,pre,Come on. We can do it together.,4,7,1,1
grade1_profile28457_q1_LP_20251122_095026.mp3,it,1,Rukhshan,28457,pre,Come on. We can do it together.,5,7,1,1
grade1_profile28457_q1_LP_20251122_095026.mp3,on,1,Rukhshan,28457,pre,Come on. We can do it together.,1,7,1,1
grade1_profile28457_q1_LP_20251122_095026.mp3,together,1,Rukhshan,28457,pre,Come on. We can do it together.,6,7,1,1
grade1_profile28457_q1_LP_20251122_095026.mp3,we,1,Rukhshan,28457,pre,Come on. We can do it together.,2,7,1,1
grade1_profile28457_q1_QK_20251122_095622.mp3,can,1,Semal,28457,post,Come on. We can do it together.,3,7,1,1
grade1_profile28457_q1_QK_20251122_095622.mp3,come,1,Semal,28457,post,Come on. We can do it together.,0,7,1,1
grade1_profile28457_q1_QK_20251122_095622.mp3,do,1,Semal,28457,post,Come on. We can do it together.,4,7,1,1
grade1_profile28457_q1_QK_20251122_095622.mp3,it,1,Semal,28457,post,Come on. We can do it together.,5,7,1,1
grade1_profile28457_q1_QK_20251122_095622.mp3,on,1,Semal,28457,post,Come on. We can do it together.,1,7,1,1
grade1_profile28457_q1_QK_20251122_095622.mp3,together,1,Semal,28457,post,Come on. We can do it together.,6,7,1,1
grade1_profile28457_q1_QK_20251122_095622.mp3,we,1,Semal,28457,post,Come on. We can do it together.,2,7,1,1
grade1_profile28457_q2_LP_20251122_100201.mp3,can,1,Salman,28457,pre,It's locked. I can open it.,3,6,1,1
grade1_profile28457_q2_LP_20251122_100201.mp3,i,1,Salman,28457,pre,It's locked. I can open it.,2,6,1,1
grade1_profile28457_q2_LP_20251122_100201.mp3,it,1,Salman,28457,pre,It's locked. I can open it.,5,6,1,1
grade1_profile28457_q2_LP_20251122_100201.mp3,it's,1,Salman,28457,pre,It's locked. I can open it.,0,6,1,1
grade1_profile28457_q2_LP_20251122_100201.mp3,locked,1,Salman,28457,pre,It's locked. I can open it.,1,6,0,0
grade1_profile28457_q2_LP_20251122_100201.mp3,open,1,Salman,28457,pre,It's locked. I can open it.,4,6,1,1
grade1_profile28457_q2_QK_20251122_100724.mp3,can,1,Semal,28457,post,It's locked. I can open it.,3,6,1,1
grade1_profile28457_q2_QK_20251122_100724.mp3,i,1,Semal,28457,post,It's locked. I can open it.,2,6,1,1
grade1_profile28457_q2_QK_20251122_100724.mp3,it's,0,Semal,28457,post,It's locked. I can open it.,0,6,1,0
grade1_profile28457_q2_QK_20251122_100724.mp3,locked,1,Semal,28457,post,It's locked. I can open it.,1,6,1,1
grade1_profile28457_q2_QK_20251122_100724.mp3,open,1,Semal,28457,post,It's locked. I can open it.,4,6,0,0
grade1_profile28457_q3_LP_20251122_101304.mp3,build,1,Dania,28457,pre,This is Zara. She loves to draw. This is Faiz. He loves to build things.,13,15,0,0
grade1_profile28457_q3_LP_20251122_101304.mp3,draw,1,Dania,28457,pre,This is Zara. She loves to draw. This is Faiz. He loves to build things.,6,15,1,1
grade1_profile28457_q3_LP_20251122_101304.mp3,he,1,Dania,28457,pre,This is Zara. She loves to draw. This is Faiz. He loves to build things.,10,15,0,0
grade1_profile28457_q3_LP_20251122_101304.mp3,is,1,Dania,28457,pre,This is Zara. She loves to draw. This is Faiz. He loves to build things.,1,15,0,0
grade1_profile28457_q3_LP_20251122_101304.mp3,loves,0,Dania,28457,pre,This is Zara. She loves to draw. This is Faiz. He loves to build things.,4,15,1,0
grade1_profile28457_q3_LP_20251122_101304.mp3,she,1,Dania,28457,pre,This is Zara. She loves to draw. This is Faiz. He loves to build things.,3,15,0,0
grade1_profile28457_q3_LP_20251122_101304.mp3,things,1,Dania,28457,pre,This is Zara. She loves to draw. This is Faiz. He loves to build things.,14,15,1,1
grade1_profile28457_q3_LP_20251122_101304.mp3,this,1,Dania,28457,pre,This is Zara. She loves to draw. This is Faiz. He loves to build things.,0,15,1,1
grade1_profile28457_q3_LP_20251122_101304.mp3,to,1,Dania,28457,pre,This is Zara. She loves to draw. This is Faiz. He loves to build things.,5,15,0,0
grade1_profile28457_q3_LP_20251122_101304.mp3,zara,1,Dania,28457,pre,This is Zara. She loves to draw. This is Faiz. He loves to build things.,2,15,1,1
grade1_profile28457_q3_QK_20251122_101834.mp3,build,0,Dania,28457,post,This is Zara. She loves to draw. This is Faiz. He loves to build things.,13,15,1,0
grade1_profile28457_q3_QK_20251122_101834.mp3,draw,0,Dania,28457,post,This is Zara. She loves to draw. This is Faiz. He loves to build things.,6,15,1,0
grade1_profile28457_q3_QK_20251122_101834.mp3,faiz,0,Dania,28457,post,This is Zara. She loves to draw. This is Faiz. He loves to build things.,9,15,0,1
grade1_profile28457_q3_QK_20251122_101834.mp3,he,0,Dania,28457,post,This is Zara. She loves to draw. This is Faiz. He loves to build things.,10,15,1,0
grade1_profile28457_q3_QK_20251122_101834.mp3,is,0,Dania,28457,post,This is Zara. She loves to draw. This is Faiz. He loves to build things.,1,15,1,0
grade1_profile28457_q3_QK_20251122_101834.mp3,loves,0,Dania,28457,post,This is Zara. She loves to draw. This is Faiz. He loves to build things.,4,15,1,0
grade1_profile28457_q3_QK_20251122_101834.mp3,she,0,Dania,28457,post,This is Zara. She loves to draw. This is Faiz. He loves to build things.,3,15,1,0
grade1_profile28457_q3_QK_20251122_101834.mp3,things,0,Dania,28457,post,This is Zara. She loves to draw. This is Faiz. He loves to build things.,14,15,1,0
grade1_profile28457_q3_QK_20251122_101834.mp3,this,0,Dania,28457,post,This is Zara. She loves to draw. This is Faiz. He loves to build things.,0,15,1,0
grade1_profile28457_q3_QK_20251122_101834.mp3,to,0,Dania,28457,post,This is Zara. She loves to draw. This is Faiz. He loves to build things.,5,15,1,0
grade1_profile28457_q3_QK_20251122_101834.mp3,zara,0,Dania,28457,post,This is Zara. She loves to draw. This is Faiz. He loves to build things.,2,15,1,0
grade1_profile28463_q1_QK_20251122_095622.mp3,can,1,Rehma,28463,post,Come on. We can do it together.,3,7,1,1
grade1_profile28463_q1_QK_20251122_095622.mp3,come,1,Rehma,28463,post,Come on. We can do it together.,0,7,0,0
grade1_profile28463_q1_QK_20251122_095622.mp3,do,1,Rehma,28463,post,Come on. We can do it together.,4,7,1,1
grade1_profile28463_q1_QK_20251122_095622.mp3,it,1,Rehma,28463,post,Come on. We can do it together.,5,7,1,1
grade1_profile28463_q1_QK_20251122_095622.mp3,on,1,Rehma,28463,post,Come on. We can do it together.,1,7,0,0
grade1_profile28463_q1_QK_20251122_095622.mp3,together,1,Rehma,28463,post,Come on. We can do it together.,6,7,0,0
grade1_profile28463_q1_QK_20251122_095622.mp3,we,1,Rehma,28463,post,Come on. We can do it together.,2,7,1,1
grade1_profile28463_q2_LP_20251122_100201.mp3,can,1,Semal,28463,pre,It's locked. I can open it.,3,6,1,1
grade1_profile28463_q2_LP_20251122_100201.mp3,i,1,Semal,28463,pre,It's locked. I can open it.,2,6,1,1
grade1_profile28463_q2_LP_20251122_100201.mp3,it,0,Semal,28463,pre,It's locked. I can open it.,5,6,1,0
grade1_profile28463_q2_LP_20251122_100201.mp3,it's,0,Semal,28463,pre,It's locked. I can open it.,0,6,0,1
grade1_profile28463_q2_LP_20251122_100201.mp3,locked,0,Semal,28463,pre,It's locked. I can open it.,1,6,0,1
grade1_profile28463_q2_LP_20251122_100201.mp3,open,1,Semal,28463,pre,It's locked. I can open it.,4,6,1,1
grade1_profile28463_q2_QK_20251122_100724.mp3,can,1,Amna,28463,post,It's locked. I can open it.,3,6,1,1
grade1_profile28463_q2_QK_20251122_100724.mp3,i,1,Amna,28463,post,It's locked. I can open it.,2,6,1,1
grade1_profile28463_q2_QK_20251122_100724.mp3,it,1,Amna,28463,post,It's locked. I can open it.,5,6,1,1
grade1_profile28463_q2_QK_20251122_100724.mp3,it's,1,Amna,28463,post,It's locked. I can open it.,0,6,1,1
grade1_profile28463_q2_QK_20251122_100724.mp3,locked,0,Amna,28463,post,It's locked. I can open it.,1,6,0,1
grade1_profile28463_q2_QK_20251122_100724.mp3,open,1,Amna,28463,post,It's locked. I can open it.,4,6,0,0
grade1_profile28463_q3_LP_20251122_101304.mp3,draw,0,Rehma,28463,pre,This is Zara. She loves to draw. This is Faiz. He loves to build things.,6,15,0,1
grade1_profile28463_q3_LP_20251122_101304.mp3,faiz,0,Rehma,28463,pre,This is Zara. She loves to draw. This is Faiz. He loves to build things.,9,15,0,1
grade1_profile28463_q3_LP_20251122_101304.mp3,he,1,Rehma,28463,pre,This is Zara. She loves to draw. This is Faiz. He loves to build things.,10,15,1,1
grade1_profile28463_q3_LP_20251122_101304.mp3,is,1,Rehma,28463,pre,This is Zara. She loves to draw. This is Faiz. He loves to build things.,1,15,1,1
grade1_profile28463_q3_LP_20251122_101304.mp3,loves,0,Rehma,28463,pre,This is Zara. She loves to draw. This is Faiz. He loves to build things.,4,15,1,0
grade1_profile28463_q3_LP_20251122_101304.mp3,she,1,Rehma,28463,pre,This is Zara. She loves to draw. This is Faiz. He loves to build things.,3,15,1,1
grade1_profile28463_q3_LP_20251122_101304.mp3,this,0,Rehma,28463,pre,This is Zara. She loves to draw. This is Faiz. He loves to build things.,0,15,0,1
grade1_profile28463_q3_LP_20251122_101304.mp3,zara,0,Rehma,28463,pre,This is Zara. She loves to draw. This is Faiz. He loves to build things.,2,15,0,1
grade1_profile28463_q3_QK_20251122_101834.mp3,build,1,Semal,28463,post,This is Zara. She loves to draw. This is Faiz. He loves to build things.,13,15,0,0
grade1_profile28463_q3_QK_20251122_101834.mp3,draw,1,Semal,28463,post,This is Zara. She loves to draw. This is Faiz. He loves to build things.,6,15,1,1
grade1_profile28463_q3_QK_20251122_101834.mp3,faiz,1,Semal,28463,post,This is Zara. She loves to draw. This is Faiz. He loves to build things.,9,15,0,0
grade1_profile28463_q3_QK_20251122_101834.mp3,he,1,Semal,28463,post,This is Zara. She loves to draw. This is Faiz. He loves to build things.,10,15,0,0
grade1_profile28463_q3_QK_20251122_101834.mp3,is,1,Semal,28463,post,This is Zara. She loves to draw. This is Faiz. He loves to build things.,1,15,1,1
grade1_profile28463_q3_QK_20251122_101834.mp3,loves,0,Semal,28463,post,This is Zara. She loves to draw. This is Faiz. He loves to build things.,4,15,1,0
grade1_profile28463_q3_QK_20251122_101834.mp3,she,1,Semal,28463,post,This is Zara. She loves to draw. This is Faiz. He loves to build things.,3,15,1,1
grade1_profile28463_q3_QK_20251122_101834.mp3,things,1,Semal,28463,post,This is Zara. She loves to draw. This is Faiz. He loves to build things.,14,15,0,0
grade1_profile28463_q3_QK_20251122_101834.mp3,this,1,Semal,28463,post,This is Zara. She loves to draw. This is Faiz. He loves to build things.,0,15,1,1
grade1_profile28463_q3_QK_20251122_101834.mp3,to,1,Semal,28463,post,This is Zara. She loves to draw. This is Faiz. He loves to build things.,5,15,0,0
grade1_profile28463_q3_QK_20251122_101834.mp3,zara,1,Semal,28463,post,This is Zara. She loves to draw. This is Faiz. He loves to build things.,2,15,1,1
grade1_profile28465_q1_LP_20251122_095026.mp3,can,1,Semal,28465,pre,Come on. We can do it together.,3,7,1,1
grade1_profile28465_q1_LP_20251122_095026.mp3,come,1,Semal,28465,pre,Come on. We can do it together.,0,7,1,1
grade1_profile28465_q1_LP_20251122_095026.mp3,do,1,Semal,28465,pre,Come on. We can do it together.,4,7,1,1
grade1_profile28465_q1_LP_20251122_095026.mp3,it,1,Semal,28465,pre,Come on. We can do it together.,5,7,1,1
grade1_profile28465_q1_LP_20251122_095026.mp3,on,1,Semal,28465,pre,Come on. We can do it together.,1,7,1,1
grade1_profile28465_q1_LP_20251122_095026.mp3,together,0,Semal,28465,pre,Come on. We can do it together.,6,7,0,1
grade1_profile28465_q1_LP_20251122_095026.mp3,we,1,Semal,28465,pre,Come on. We can do it together.,2,7,1,1
grade1_profile28465_q1_QK_20251122_095622.mp3,can,1,Semal,28465,post,Come on. We can do it together.,3,7,1,1
grade1_profile28465_q1_QK_20251122_095622.mp3,come,1,Semal,28465,post,Come on. We can do it together.,0,7,0,0
grade1_profile28465_q1_QK_20251122_095622.mp3,do,1,Semal,28465,post,Come on. We can do it together.,4,7,1,1
grade1_profile28465_q1_QK_20251122_095622.mp3,it,1,Semal,28465,post,Come on. We can do it together.,5,7,1,1
grade1_profile28465_q1_QK_20251122_095622.mp3,on,1,Semal,28465,post,Come on. We can do it together.,1,7,1,1
grade1_profile28465_q1_QK_20251122_095622.mp3,together,1,Semal,28465,post,Come on. We can do it together.,6,7,1,1
grade1_profile28465_q1_QK_20251122_095622.mp3,we,1,Semal,28465,post,Come on. We can do it together.,2,7,1,1
grade1_profile28465_q2_LP_20251122_100201.mp3,can,1,Amna,28465,pre,It's locked. I can open it.,3,6,1,1
grade1_profile28465_q2_LP_20251122_100201.mp3,i,1,Amna,28465,pre,It's locked. I can open it.,2,6,1,1
grade1_profile28465_q2_LP_20251122_100201.mp3,it,1,Amna,28465,pre,It's locked. I can open it.,5,6,1,1
grade1_profile28465_q2_LP_20251122_100201.mp3,it's,1,Amna,28465,pre,It's locked. I can open it.,0,6,1,1
grade1_profile28465_q2_LP_20251122_100201.mp3,locked,0,Amna,28465,pre,It's locked. I can open it.,1,6,0,1
grade1_profile28465_q2_LP_20251122_100201.mp3,open,1,Amna,28465,pre,It's locked. I can open it.,4,6,1,1
grade1_profile28465_q2_QK_20251122_100724.mp3,can,1,Dania,28465,post,It's locked. I can open it.,3,6,1,1
grade1_profile28465_q2_QK_20251122_100724.mp3,i,1,Dania,28465,post,It's locked. I can open it.,2,6,1,1
grade1_profile28465_q2_QK_20251122_100724.mp3,it,1,Dania,28465,post,It's locked. I can open it.,5,6,1,1
grade1_profile28465_q2_QK_20251122_100724.mp3,it's,1,Dania,28465,post,It's locked. I can open it.,0,6,1,1
grade1_profile28465_q2_QK_20251122_100724.mp3,locked,0,Dania,28465,post,It's locked. I can open it.,1,6,0,1
grade1_profile28465_q2_QK_20251122_100724.mp3,open,0,Dania,28465,post,It's locked. I can open it.,4,6,1,0
grade1_profile28465_q3_LP_20251122_101304.mp3,build,0,Rukhshan,28465,pre,This is Zara. She loves to draw. This is Faiz. He loves to build things.,13,15,1,0
grade1_profile28465_q3_LP_20251122_101304.mp3,draw,1,Rukhshan,28465,pre,This is Zara. She loves to draw. This is Faiz. He loves to build things.,6,15,1,1
grade1_profile28465_q3_LP_20251122_101304.mp3,faiz,0,Rukhshan,28465,pre,This is Zara. She loves to draw. This is Faiz. He loves to build things.,9,15,1,0
grade1_profile28465_q3_LP_20251122_101304.mp3,he,1,Rukhshan,28465,pre,This is Zara. She loves to draw. This is Faiz. He loves to build things.,10,15,1,1
grade1_profile28465_q3_LP_20251122_101304.mp3,is,1,Rukhshan,28465,pre,This is Zara. She loves to draw. This is Faiz. He loves to build things.,1,15,1,1
grade1_profile28465_q3_LP_20251122_101304.mp3,loves,1,Rukhshan,28465,pre,This is Zara. She loves to draw. This is Faiz. He loves to build things.,4,15,1,1
grade1_profile28465_q3_LP_20251122_101304.mp3,things,1,Rukhshan,28465,pre,This is Zara. She loves to draw. This is Faiz. He loves to build things.,14,15,1,1
grade1_profile28465_q3_LP_20251122_101304.mp3,this,1,Rukhshan,28465,pre,This is Zara. She loves to draw. This is Faiz. He loves to build things.,0,15,1,1
grade1_profile28465_q3_LP_20251122_101304.mp3,to,1,Rukhshan,28465,pre,This is Zara. She loves to draw. This is Faiz. He loves to build things.,5,15,1,1
grade1_profile28465_q3_LP_20251122_101304.mp3,zara,1,Rukhshan,28465,pre,This is Zara. She loves to draw. This is Faiz. He loves to build things.,2,15,0,0
grade1_profile28465_q3_QK_20251122_101834.mp3,build,1,Salman,28465,post,This is Zara. She loves to draw. This is Faiz. He loves to build things.,13,15,1,1
grade1_profile28465_q3_QK_20251122_101834.mp3,draw,1,Salman,28465,post,This is Zara. She loves to draw. This is Faiz. He loves to build things.,6,15,1,1
grade1_profile28465_q3_QK_20251122_101834.mp3,faiz,1,Salman,28465,post,This is Zara. She loves to draw. This is Faiz. He loves to build things.,9,15,0,0
grade1_profile28465_q3_QK_20251122_101834.mp3,he,1,Salman,28465,post,This is Zara. She loves to draw. This is Faiz. He loves to build things.,10,15,1,1
grade1_profile28465_q3_QK_20251122_101834.mp3,is,1,Salman,28465,post,This is Zara. She loves to draw. This is Faiz. He loves to build things.,1,15,1,1
grade1_profile28465_q3_QK_20251122_101834.mp3,loves,1,Salman,28465,post,This is Zara. She loves to draw. This is Faiz. He loves to build things.,4,15,1,1
grade1_profile28465_q3_QK_20251122_101834.mp3,she,1,Salman,28465,post,This is Zara. She loves to draw. This is Faiz. He loves to build things.,3,15,1,1
grade1_profile28465_q3_QK_20251122_101834.mp3,things,1,Salman,28465,post,This is Zara. She loves to draw. This is Faiz. He loves to build things.,14,15,0,0
grade1_profile28465_q3_QK_20251122_101834.mp3,this,1,Salman,28465,post,This is Zara. She loves to draw. This is Faiz. He loves to build things.,0,15,1,1
grade1_profile28465_q3_QK_20251122_101834.mp3,to,1,Salman,28465,post,This is Zara. She loves to draw. This is Faiz. He loves to build things.,5,15,1,1
grade1_profile28465_q3_QK_20251122_101834.mp3,zara,1,Salman,28465,post,This is Zara. She loves to draw. This is Faiz. He loves to build things.,2,15,1,1
grade1_profile28466_q1_LP_20251122_095026.mp3,can,1,Semal,28466,pre,Come on. We can do it together.,3,7,0,0
grade1_profile28466_q1_LP_20251122_095026.mp3,come,1,Semal,28466,pre,Come on. We can do it together.,0,7,0,0
grade1_profile28466_q1_LP_20251122_095026.mp3,do,1,Semal,28466,pre,Come on. We can do it together.,4,7,1,1
grade1_profile28466_q1_LP_20251122_095026.mp3,it,1,Semal,28466,pre,Come on. We can do it together.,5,7,1,1
grade1_profile28466_q1_LP_20251122_095026.mp3,on,1,Semal,28466,pre,Come on. We can do it together.,1,7,0,0
grade1_profile28466_q1_LP_20251122_095026.mp3,together,1,Semal,28466,pre,Come on. We can do it together.,6,7,0,0
grade1_profile28466_q1_LP_20251122_095026.mp3,we,1,Semal,28466,pre,Come on. We can do it together.,2,7,0,0
grade1_profile28466_q1_QK_20251122_095622.mp3,can,1,Semal,28466,post,Come on. We can do it together.,3,7,1,1
grade1_profile28466_q1_QK_20251122_095622.mp3,come,1,Semal,28466,post,Come on. We can do it together.,0,7,1,1
grade1_profile28466_q1_QK_20251122_095622.mp3,do,1,Semal,28466,post,Come on. We can do it together.,4,7,1,1
grade1_profile28466_q1_QK_20251122_095622.mp3,it,1,Semal,28466,post,Come on. We can do it together.,5,7,1,1
grade1_profile28466_q1_QK_20251122_095622.mp3,on,1,Semal,28466,post,Come on. We can do it together.,1,7,0,0
grade1_profile28466_q1_QK_20251122_095622.mp3,together,1,Semal,28466,post,Come on. We can do it together.,6,7,0,0
grade1_profile28466_q1_QK_20251122_095622.mp3,we,1,Semal,28466,post,Come on. We can do it together.,2,7,1,1
grade1_profile28466_q2_LP_20251122_100201.mp3,can,1,Rehma,28466,pre,It's locked. I can open it.,3,6,1,1
grade1_profile28466_q2_LP_20251122_100201.mp3,i,1,Rehma,28466,pre,It's locked. I can open it.,2,6,1,1
grade1_profile28466_q2_LP_20251122_100201.mp3,it,1,Rehma,28466,pre,It's locked. I can open it.,5,6,1,1
grade1_profile28466_q2_LP_20251122_100201.mp3,it's,1,Rehma,28466,pre,It's locked. I can open it.,0,6,1,1
grade1_profile28466_q2_LP_20251122_100201.mp3,locked,1,Rehma,28466,pre,It's locked. I can open it.,1,6,0,0
grade1_profile28466_q2_LP_20251122_100201.mp3,open,1,Rehma,28466,pre,It's locked. I can open it.,4,6,1,1
grade1_profile28466_q2_QK_20251122_100724.mp3,can,1,Rehma,28466,post,It's locked. I can open it.,3,6,1,1
grade1_profile28466_q2_QK_20251122_100724.mp3,i,1,Rehma,28466,post,It's locked. I can open it.,2,6,1,1
grade1_profile28466_q2_QK_20251122_100724.mp3,it's,1,Rehma,28466,post,It's locked. I can open it.,0,6,1,1
grade1_profile28466_q2_QK_20251122_100724.mp3,locked,1,Rehma,28466,post,It's locked. I can open it.,1,6,0,0
grade1_profile28466_q2_QK_20251122_100724.mp3,open,1,Rehma,28466,post,It's locked. I can open it.,4,6,1,1
grade1_profile28466_q3_LP_20251122_101304.mp3,draw,1,Rehma,28466,pre,This is Zara. She loves to draw. This is Faiz. He loves to build things.,6,15,1,1
grade1_profile28466_q3_LP_20251122_101304.mp3,faiz,0,Rehma,28466,pre,This is Zara. She loves to draw. This is Faiz. He loves to build things.,9,15,0,1
grade1_profile28466_q3_LP_20251122_101304.mp3,he,1,Rehma,28466,pre,This is Zara. She loves to draw. This is Faiz. He loves to build things.,10,15,1,1
grade1_profile28466_q3_LP_20251122_101304.mp3,is,1,Rehma,28466,pre,This is Zara. She loves to draw. This is Faiz. He loves to build things.,1,15,1,1
grade1_profile28466_q3_LP_20251122_101304.mp3,loves,1,Rehma,28466,pre,This is Zara. She loves to draw. This is Faiz. He loves to build things.,4,15,1,1
grade1_profile28466_q3_LP_20251122_101304.mp3,she,1,Rehma,28466,pre,This is Zara. She loves to draw. This is Faiz. He loves to build things.,3,15,1,1
grade1_profile28466_q3_LP_20251122_101304.mp3,things,1,Rehma,28466,pre,This is Zara. She loves to draw. This is Faiz. He loves to build things.,14,15,0,0
grade1_profile28466_q3_LP_20251122_101304.mp3,this,1,Rehma,28466,pre,This is Zara. She loves to draw. This is Faiz. He loves to build things.,0,15,1,1
grade1_profile28466_q3_LP_20251122_101304.mp3,to,1,Rehma,28466,pre,This is Zara. She loves to draw. This is Faiz. He loves to build things.,5,15,1,1
grade1_profile28466_q3_LP_20251122_101304.mp3,zara,1,Rehma,28466,pre,This is Zara. She loves to draw. This is Faiz. He loves to build things.,2,15,1,1
grade1_profile28466_q3_QK_20251122_101834.mp3,build,1,Dania,28466,post,This is Zara. She loves to draw. This is Faiz. He loves to build things.,13,15,1,1
grade1_profile28466_q3_QK_20251122_101834.mp3,draw,1,Dania,28466,post,This is Zara. She loves to draw. This is Faiz. He loves to build things.,6,15,1,1
grade1_profile28466_q3_QK_20251122_101834.mp3,faiz,1,Dania,28466,post,This is Zara. She loves to draw. This is Faiz. He loves to build things.,9,15,0,0
grade1_profile28466_q3_QK_20251122_101834.mp3,he,1,Dania,28466,post,This is Zara. She loves to draw. This is Faiz. He loves to build things.,10,15,1,1
grade1_profile28466_q3_QK_20251122_101834.mp3,is,1,Dania,28466,post,This is Zara. She loves to draw. This is Faiz. He loves to build things.,1,15,1,1
grade1_profile28466_q3_QK_20251122_101834.mp3,loves,1,Dania,28466,post,This is Zara. She loves to draw. This is Faiz. He loves to build things.,4,15,1,1
grade1_profile28466_q3_QK_20251122_101834.mp3,she,1,Dania,28466,post,This is Zara. She loves to draw. This is Faiz. He loves to build things.,3,15,1,1
grade1_profile28466_q3_QK_20251122_101834.mp3,things,1,Dania,28466,post,This is Zara. She loves to draw. This is Faiz. He loves to build things.,14,15,0,0
grade1_profile28466_q3_QK_20251122_101834.mp3,this,1,Dania,28466,post,This is Zara. She loves to draw. This is Faiz. He loves to build things.,0,15,1,1
grade1_profile28466_q3_QK_20251122_101834.mp3,to,1,Dania,28466,post,This is Zara. She loves to draw. This is Faiz. He loves to build things.,5,15,1,1
grade1_profile28466_q3_QK_20251122_101834.mp3,zara,1,Dania,28466,post,This is Zara. She loves to draw. This is Faiz. He loves to build things.,2,15,1,1
grade1_profile28468_q1_LP_20251122_095026.mp3,can,0,Semal,28468,pre,Come on. We can do it together.,3,7,0,1
grade1_profile28468_q1_LP_20251122_095026.mp3,come,1,Semal,28468,pre,Come on. We can do it together.,0,7,1,1
grade1_profile28468_q1_LP_20251122_095026.mp3,on,1,Semal,28468,pre,Come on. We can do it together.,1,7,1,1
grade1_profile28468_q1_LP_20251122_095026.mp3,together,0,Semal,28468,pre,Come on. We can do it together.,6,7,0,1
grade1_profile28468_q1_LP_20251122_095026.mp3,we,1,Semal,28468,pre,Come on. We can do it together.,2,7,0,0
grade1_profile28468_q1_QK_20251122_095622.mp3,can,1,Rukhshan,28468,post,Come on. We can do it together.,3,7,1,1
grade1_profile28468_q1_QK_20251122_095622.mp3,come,1,Rukhshan,28468,post,Come on. We can do it together.,0,7,1,1
grade1_profile28468_q1_QK_20251122_095622.mp3,do,1,Rukhshan,28468,post,Come on. We can do it together.,4,7,1,1
grade1_profile28468_q1_QK_20251122_095622.mp3,it,1,Rukhshan,28468,post,Come on. We can do it together.,5,7,1,1
grade1_profile28468_q1_QK_20251122_095622.mp3,on,1,Rukhshan,28468,post,Come on. We can do it together.,1,7,1,1
grade1_profile28468_q1_QK_20251122_095622.mp3,together,1,Rukhshan,28468,post,Come on. We can do it together.,6,7,1,1
grade1_profile28468_q1_QK_20251122_095622.mp3,we,1,Rukhshan,28468,post,Come on. We can do it together.,2,7,1,1
grade1_profile28468_q2_LP_20251122_100201.mp3,i,1,Dania,28468,pre,It's locked. I can open it.,2,6,1,1
grade1_profile28468_q2_LP_20251122_100201.mp3,it,0,Dania,28468,pre,It's locked. I can open it.,5,6,1,0
grade1_profile28468_q2_LP_20251122_100201.mp3,it's,0,Dania,28468,pre,It's locked. I can open it.,0,6,1,0
grade1_profile28468_q2_LP_20251122_100201.mp3,locked,0,Dania,28468,pre,It's locked. I can open it.,1,6,0,1
grade1_profile28468_q2_LP_20251122_100201.mp3,open,0,Dania,28468,pre,It's locked. I can open it.,4,6,1,0
grade1_profile28468_q2_QK_20251122_100724.mp3,can,1,Amna,28468,post,It's locked. I can open it.,3,6,1,1
grade1_profile28468_q2_QK_20251122_100724.mp3,i,1,Amna,28468,post,It's locked. I can open it.,2,6,1,1
grade1_profile28468_q2_QK_20251122_100724.mp3,it,1,Amna,28468,post,It's locked. I can open it.,5,6,1,1
grade1_profile28468_q2_QK_20251122_100724.mp3,it's,1,Amna,28468,post,It's locked. I can open it.,0,6,1,1
grade1_profile28468_q2_QK_20251122_100724.mp3,locked,1,Amna,28468,post,It's locked. I can open it.,1,6,1,1
grade1_profile28468_q2_QK_20251122_100724.mp3,open,1,Amna,28468,post,It's locked. I can open it.,4,6,1,1
grade1_profile28468_q3_LP_20251122_101304.mp3,build,1,Dania,28468,pre,This is Zara. She loves to draw. This is Faiz. He loves to build things.,13,15,1,1
grade1_profile28468_q3_LP_20251122_101304.mp3,draw,1,Dania,28468,pre,This is Zara. She loves to draw. This is Faiz. He loves to build things.,6,15,0,0
grade1_profile28468_q3_LP_20251122_101304.mp3,faiz,0,Dania,28468,pre,This is Zara. She loves to draw. This is Faiz. He loves to build things.,9,15,0,1
grade1_profile28468_q3_LP_20251122_101304.mp3,he,1,Dania,28468,pre,This is Zara. She loves to draw. This is Faiz. He loves to build things.,10,15,1,1
grade1_profile28468_q3_LP_20251122_101304.mp3,is,1,Dania,28468,pre,This is Zara. She loves to draw. This is Faiz. He loves to build things.,1,15,1,1
grade1_profile28468_q3_LP_20251122_101304.mp3,loves,0,Dania,28468,pre,This is Zara. She loves to draw. This is Faiz. He loves to build things.,4,15,1,0
grade1_profile28468_q3_LP_20251122_101304.mp3,she,1,Dania,28468,pre,This is Zara. She loves to draw. This is Faiz. He loves to build things.,3,15,1,1
grade1_profile28468_q3_LP_20251122_101304.mp3,things,0,Dania,28468,pre,This is Zara. She loves to draw. This is Faiz. He loves to build things.,14,15,0,1
grade1_profile28468_q3_LP_20251122_101304.mp3,this,1,Dania,28468,pre,This is Zara. She loves to draw. This is Faiz. He loves to build things.,0,15,1,1
grade1_profile28468_q3_LP_20251122_101304.mp3,to,0,Dania,28468,pre,This is Zara. She loves to draw. This is Faiz. He loves to build things.,5,15,1,0
grade1_profile28468_q3_LP_20251122_101304.mp3,zara,1,Dania,28468,pre,This is Zara. She loves to draw. This is Faiz. He loves to build things.,2,15,0,0
grade1_profile28468_q3_QK_20251122_101834.mp3,build,1,Ali,28468,post,This is Zara. She loves to draw. This is Faiz. He loves to build things.,13,15,1,1
grade1_profile28468_q3_QK_20251122_101834.mp3,draw,1,Ali,28468,post,This is Zara. She loves to draw. This is Faiz. He loves to build things.,6,15,1,1
grade1_profile28468_q3_QK_20251122_101834.mp3,faiz,1,Ali,28468,post,This is Zara. She loves to draw. This is Faiz. He loves to build things.,9,15,0,0
grade1_profile28468_q3_QK_20251122_101834.mp3,he,1,Ali,28468,post,This is Zara. She loves to draw. This is Faiz. He loves to build things.,10,15,1,1
grade1_profile28468_q3_QK_20251122_101834.mp3,is,1,Ali,28468,post,This is Zara. She loves to draw. This is Faiz. He loves to build things.,1,15,1,1
grade1_profile28468_q3_QK_20251122_101834.mp3,loves,1,Ali,28468,post,This is Zara. She loves to draw. This is Faiz. He loves to build things.,4,15,1,1
grade1_profile28468_q3_QK_20251122_101834.mp3,she,1,Ali,28468,post,This is Zara. She loves to draw. This is Faiz. He loves to build things.,3,15,1,1
grade1_profile28468_q3_QK_20251122_101834.mp3,things,1,Ali,28468,post,This is Zara. She loves to draw. This is Faiz. He loves to build things.,14,15,1,1
grade1_profile28468_q3_QK_20251122_101834.mp3,this,0,Ali,28468,post,This is Zara. She loves to draw. This is Faiz. He loves to build things.,0,15,1,0
grade1_profile28468_q3_QK_20251122_101834.mp3,to,1,Ali,28468,post,This is Zara. She loves to draw. This is Faiz. He loves to build things.,5,15,1,1
grade1_profile28468_q3_QK_20251122_101834.mp3,zara,1,Ali,28468,post,This is Zara. She loves to draw. This is Faiz. He loves to build things.,2,15,1,1
grade1_profile28469_q1_LP_20251122_095026.mp3,can,1,Dania,28469,pre,Come on. We can do it together.,3,7,1,1
grade1_profile28469_q1_LP_20251122_095026.mp3,come,1,Dania,28469,pre,Come on. We can do it together.,0,7,1,1
grade1_profile28469_q1_LP_20251122_095026.mp3,do,1,Dania,28469,pre,Come on. We can do it together.,4,7,1,1
grade1_profile28469_q1_LP_20251122_095026.mp3,it,1,Dania,28469,pre,Come on. We can do it together.,5,7,1,1
grade1_profile28469_q1_LP_20251122_095026.mp3,on,1,Dania,28469,pre,Come on. We can do it together.,1,7,0,0
grade1_profile28469_q1_LP_20251122_095026.mp3,together,1,Dania,28469,pre,Come on. We can do it together.,6,7,0,0
grade1_profile28469_q1_LP_20251122_095026.mp3,we,1,Dania,28469,pre,Come on. We can do it together.,2,7,1,1
grade1_profile28469_q1_QK_20251122_095622.mp3,can,1,Rehma,28469,post,Come on. We can do it together.,3,7,1,1
grade1_profile28469_q1_QK_20251122_095622.mp3,come,1,Rehma,28469,post,Come on. We can do it together.,0,7,1,1
grade1_profile28469_q1_QK_20251122_095622.mp3,do,1,Rehma,28469,post,Come on. We can do it together.,4,7,1,1
grade1_profile28469_q1_QK_20251122_095622.mp3,it,1,Rehma,28469,post,Come on. We can do it together.,5,7,1,1
grade1_profile28469_q1_QK_20251122_095622.mp3,on,1,Rehma,28469,post,Come on. We can do it together.,1,7,1,1
grade1_profile28469_q1_QK_20251122_095622.mp3,together,1,Rehma,28469,post,Come on. We can do it together.,6,7,0,0
grade1_profile28469_q1_QK_20251122_095622.mp3,we,1,Rehma,28469,post,Come on. We can do it together.,2,7,1,1
grade1_profile28469_q2_LP_20251122_100201.mp3,can,1,Amna,28469,pre,It's locked. I can open it.,3,6,1,1
grade1_profile28469_q2_LP_20251122_100201.mp3,i,1,Amna,28469,pre,It's locked. I can open it.,2,6,1,1
grade1_profile28469_q2_LP_20251122_100201.mp3,it,1,Amna,28469,pre,It's locked. I can open it.,5,6,1,1
grade1_profile28469_q2_LP_20251122_100201.mp3,it's,1,Amna,28469,pre,It's locked. I can open it.,0,6,0,0
grade1_profile28469_q2_LP_20251122_100201.mp3,locked,1,Amna,28469,pre,It's locked. I can open it.,1,6,0,0
grade1_profile28469_q2_LP_20251122_100201.mp3,open,1,Amna,28469,pre,It's locked. I can open it.,4,6,1,1
grade1_profile28469_q2_QK_20251122_100724.mp3,can,1,Rukhshan,28469,post,It's locked. I can open it.,3,6,1,1
grade1_profile28469_q2_QK_20251122_100724.mp3,i,1,Rukhshan,28469,post,It's locked. I can open it.,2,6,1,1
grade1_profile28469_q2_QK_20251122_100724.mp3,it,1,Rukhshan,28469,post,It's locked. I can open it.,5,6,1,1
grade1_profile28469_q2_QK_20251122_100724.mp3,it's,1,Rukhshan,28469,post,It's locked. I can open it.,0,6,1,1
grade1_profile28469_q2_QK_20251122_100724.mp3,locked,1,Rukhshan,28469,post,It's locked. I can open it.,1,6,0,0
grade1_profile28469_q2_QK_20251122_100724.mp3,open,1,Rukhshan,28469,post,It's locked. I can open it.,4,6,1,1
grade1_profile28469_q3_LP_20251122_101304.mp3,build,1,Ali,28469,pre,This is Zara. She loves to draw. This is Faiz. He loves to build things.,13,15,0,0
grade1_profile28469_q3_LP_20251122_101304.mp3,draw,1,Ali,28469,pre,This is Zara. She loves to draw. This is Faiz. He loves to build things.,6,15,0,0
grade1_profile28469_q3_LP_20251122_101304.mp3,faiz,1,Ali,28469,pre,This is Zara. She loves to draw. This is Faiz. He loves to build things.,9,15,0,0
grade1_profile28469_q3_LP_20251122_101304.mp3,he,1,Ali,28469,pre,This is Zara. She loves to draw. This is Faiz. He loves to build things.,10,15,1,1
grade1_profile28469_q3_LP_20251122_101304.mp3,is,1,Ali,28469,pre,This is Zara. She loves to draw. This is Faiz. He loves to build things.,1,15,1,1
grade1_profile28469_q3_LP_20251122_101304.mp3,loves,1,Ali,28469,pre,This is Zara. She loves to draw. This is Faiz. He loves to build things.,4,15,1,1
grade1_profile28469_q3_LP_20251122_101304.mp3,she,0,Ali,28469,pre,This is Zara. She loves to draw. This is Faiz. He loves to build things.,3,15,1,0
grade1_profile28469_q3_LP_20251122_101304.mp3,things,0,Ali,28469,pre,This is Zara. She loves to draw. This is Faiz. He loves to build things.,14,15,0,1
grade1_profile28469_q3_LP_20251122_101304.mp3,this,1,Ali,28469,pre,This is Zara. She loves to draw. This is Faiz. He loves to build things.,0,15,1,1
grade1_profile28469_q3_LP_20251122_101304.mp3,to,1,Ali,28469,pre,This is Zara. She loves to draw. This is Faiz. He loves to build things.,5,15,1,1
grade1_profile28469_q3_LP_20251122_101304.mp3,zara,1,Ali,28469,pre,This is Zara. She loves to draw. This is Faiz. He loves to build things.,2,15,0,0
grade1_profile28469_q3_QK_20251122_101834.mp3,build,1,Amna,28469,post,This is Zara. She loves to draw. This is Faiz. He loves to build things.,13,15,1,1
grade1_profile28469_q3_QK_20251122_101834.mp3,draw,1,Amna,28469,post,This is Zara. She loves to draw. This is Faiz. He loves to build things.,6,15,1,1
grade1_profile28469_q3_QK_20251122_101834.mp3,faiz,1,Amna,28469,post,This is Zara. She loves to draw. This is Faiz. He loves to build things.,9,15,0,0
grade1_profile28469_q3_QK_20251122_101834.mp3,he,1,Amna,28469,post,This is Zara. She loves to draw. This is Faiz. He loves to build things.,10,15,1,1
grade1_profile28469_q3_QK_20251122_101834.mp3,is,1,Amna,28469,post,This is Zara. She loves to draw. This is Faiz. He loves to build things.,1,15,1,1
grade1_profile28469_q3_QK_20251122_101834.mp3,loves,0,Amna,28469,post,This is Zara. She loves to draw. This is Faiz. He loves to build things.,4,15,1,0
grade1_profile28469_q3_QK_20251122_101834.mp3,she,1,Amna,28469,post,This is Zara. She loves to draw. This is Faiz. He loves to build things.,3,15,1,1
grade1_profile28469_q3_QK_20251122_101834.mp3,things,1,Amna,28469,post,This is Zara. She loves to draw. This is Faiz. He loves to build things.,14,15,1,1
grade1_profile28469_q3_QK_20251122_101834.mp3,this,1,Amna,28469,post,This is Zara. She loves to draw. This is Faiz. He loves to build things.,0,15,1,1
grade1_profile28469_q3_QK_20251122_101834.mp3,to,1,Amna,28469,post,This is Zara. She loves to draw. This is Faiz. He loves to build things.,5,15,1,1
grade1_profile28469_q3_QK_20251122_101834.mp3,zara,1,Amna,28469,post,This is Zara. She loves to draw. This is Faiz. He loves to build things.,2,15,1,1
grade1_profile28470_q1_LP_20251122_095026.mp3,can,1,Rukhshan,28470,pre,Come on. We can do it together.,3,7,1,1
grade1_profile28470_q1_LP_20251122_095026.mp3,come,1,Rukhshan,28470,pre,Come on. We can do it together.,0,7,0,0
grade1_profile28470_q1_LP_20251122_095026.mp3,it,0,Rukhshan,28470,pre,Come on. We can do it together.,5,7,1,0
grade1_profile28470_q1_LP_20251122_095026.mp3,on,1,Rukhshan,28470,pre,Come on. We can do it together.,1,7,1,1
grade1_profile28470_q1_LP_20251122_095026.mp3,together,0,Rukhshan,28470,pre,Come on. We can do it together.,6,7,0,1
grade1_profile28470_q1_LP_20251122_095026.mp3,we,1,Rukhshan,28470,pre,Come on. We can do it together.,2,7,0,0
grade1_profile28470_q1_QK_20251122_095622.mp3,can,1,Amna,28470,post,Come on. We can do it together.,3,7,1,1
grade1_profile28470_q1_QK_20251122_095622.mp3,come,1,Amna,28470,post,Come on. We can do it together.,0,7,1,1
grade1_profile28470_q1_QK_20251122_095622.mp3,do,1,Amna,28470,post,Come on. We can do it together.,4,7,1,1
grade1_profile28470_q1_QK_20251122_095622.mp3,it,1,Amna,28470,post,Come on. We can do it together.,5,7,1,1
grade1_profile28470_q1_QK_20251122_095622.mp3,on,1,Amna,28470,post,Come on. We can do it together.,1,7,1,1
grade1_profile28470_q1_QK_20251122_095622.mp3,we,1,Amna,28470,post,Come on. We can do it together.,2,7,0,0
grade1_profile28470_q2_LP_20251122_100201.mp3,can,1,Semal,28470,pre,It's locked. I can open it.,3,6,0,0
grade1_profile28470_q2_LP_20251122_100201.mp3,i,1,Semal,28470,pre,It's locked. I can open it.,2,6,1,1
grade1_profile28470_q2_LP_20251122_100201.mp3,it,1,Semal,28470,pre,It's locked. I can open it.,5,6,1,1
grade1_profile28470_q2_LP_20251122_100201.mp3,it's,0,Semal,28470,pre,It's locked. I can open it.,0,6,1,0
grade1_profile28470_q2_LP_20251122_100201.mp3,locked,0,Semal,28470,pre,It's locked. I can open it.,1,6,0,1
grade1_profile28470_q2_LP_20251122_100201.mp3,open,1,Semal,28470,pre,It's locked. I can open it.,4,6,0,0
grade1_profile28470_q3_LP_20251122_101304.mp3,build,0,Rukhshan,28470,pre,This is Zara. She loves to draw. This is Faiz. He loves to build things.,13,15,1,0
grade1_profile28470_q3_LP_20251122_101304.mp3,draw,1,Rukhshan,28470,pre,This is Zara. She loves to draw. This is Faiz. He loves to build things.,6,15,0,0
grade1_profile28470_q3_LP_20251122_101304.mp3,faiz,1,Rukhshan,28470,pre,This is Zara. She loves to draw. This is Faiz. He loves to build things.,9,15,0,0
grade1_profile28470_q3_LP_20251122_101304.mp3,he,1,Rukhshan,28470,pre,This is Zara. She loves to draw. This is Faiz. He loves to build things.,10,15,1,1
grade1_profile28470_q3_LP_20251122_101304.mp3,is,1,Rukhshan,28470,pre,This is Zara. She loves to draw. This is Faiz. He loves to build things.,1,15,1,1
grade1_profile28470_q3_LP_20251122_101304.mp3,loves,0,Rukhshan,28470,pre,This is Zara. She loves to draw. This is Faiz. He loves to build things.,4,15,1,0
grade1_profile28470_q3_LP_20251122_101304.mp3,she,1,Rukhshan,28470,pre,This is Zara. She loves to draw. This is Faiz. He loves to build things.,3,15,1,1
grade1_profile28470_q3_LP_20251122_101304.mp3,things,0,Rukhshan,28470,pre,This is Zara. She loves to draw. This is Faiz. He loves to build things.,14,15,0,1
grade1_profile28470_q3_LP_20251122_101304.mp3,this,1,Rukhshan,28470,pre,This is Zara. She loves to draw. This is Faiz. He loves to build things.,0,15,1,1
grade1_profile28470_q3_LP_20251122_101304.mp3,to,1,Rukhshan,28470,pre,This is Zara. She loves to draw. This is Faiz. He loves to build things.,5,15,1,1
grade1_profile28470_q3_LP_20251122_101304.mp3,zara,0,Rukhshan,28470,pre,This is Zara. She loves to draw. This is Faiz. He loves to build things.,2,15,0,1
grade1_profile28470_q3_QK_20251122_101834.mp3,build,1,Semal,28470,post,This is Zara. She loves to draw. This is Faiz. He loves to build things.,13,15,0,0
grade1_profile28470_q3_QK_20251122_101834.mp3,draw,0,Semal,28470,post,This is Zara. She loves to draw. This is Faiz. He loves to build things.,6,15,1,0
grade1_profile28470_q3_QK_20251122_101834.mp3,faiz,1,Semal,28470,post,This is Zara. She loves to draw. This is Faiz. He loves to build things.,9,15,0,0
grade1_profile28470_q3_QK_20251122_101834.mp3,he,1,Semal,28470,post,This is Zara. She loves to draw. This is Faiz. He loves to build things.,10,15,1,1
grade1_profile28470_q3_QK_20251122_101834.mp3,is,1,Semal,28470,post,This is Zara. She loves to draw. This is Faiz. He loves to build things.,1,15,1,1
grade1_profile28470_q3_QK_20251122_101834.mp3,loves,0,Semal,28470,post,This is Zara. She loves to draw. This is Faiz. He loves to build things.,4,15,1,0
grade1_profile28470_q3_QK_20251122_101834.mp3,she,1,Semal,28470,post,This is Zara. She loves to draw. This is Faiz. He loves to build things.,3,15,1,1
grade1_profile28470_q3_QK_20251122_101834.mp3,things,1,Semal,28470,post,This is Zara. She loves to draw. This is Faiz. He loves to build things.,14,15,0,0
grade1_profile28470_q3_QK_20251122_101834.mp3,this,1,Semal,28470,post,This is Zara. She loves to draw. This is Faiz. He loves to build things.,0,15,1,1
grade1_profile28470_q3_QK_20251122_101834.mp3,to,1,Semal,28470,post,This is Zara. She loves to draw. This is Faiz. He loves to build things.,5,15,0,0
grade1_profile28470_q3_QK_20251122_101834.mp3,zara,1,Semal,28470,post,This is Zara. She loves to draw. This is Faiz. He loves to build things.,2,15,0,0
grade1_profile28471_q1_LP_20251122_095026.mp3,can,1,Rukhshan,28471,pre,Come on. We can do it together.,3,7,1,1
grade1_profile28471_q1_LP_20251122_095026.mp3,come,1,Rukhshan,28471,pre,Come on. We can do it together.,0,7,1,1
grade1_profile28471_q1_LP_20251122_095026.mp3,do,1,Rukhshan,28471,pre,Come on. We can do it together.,4,7,1,1
grade1_profile28471_q1_LP_20251122_095026.mp3,it,1,Rukhshan,28471,pre,Come on. We can do it together.,5,7,1,1
grade1_profile28471_q1_LP_20251122_095026.mp3,on,1,Rukhshan,28471,pre,Come on. We can do it together.,1,7,1,1
grade1_profile28471_q1_LP_20251122_095026.mp3,together,1,Rukhshan,28471,pre,Come on. We can do it together.,6,7,1,1
grade1_profile28471_q1_LP_20251122_095026.mp3,we,1,Rukhshan,28471,pre,Come on. We can do it together.,2,7,1,1
grade1_profile28471_q1_QK_20251122_095622.mp3,can,1,Dania,28471,post,Come on. We can do it together.,3,7,1,1
grade1_profile28471_q1_QK_20251122_095622.mp3,come,1,Dania,28471,post,Come on. We can do it together.,0,7,1,1
grade1_profile28471_q1_QK_20251122_095622.mp3,do,1,Dania,28471,post,Come on. We can do it together.,4,7,1,1
grade1_profile28471_q1_QK_20251122_095622.mp3,it,1,Dania,28471,post,Come on. We can do it together.,5,7,1,1
grade1_profile28471_q1_QK_20251122_095622.mp3,on,1,Dania,28471,post,Come on. We can do it together.,1,7,1,1
grade1_profile28471_q1_QK_20251122_095622.mp3,together,1,Dania,28471,post,Come on. We can do it together.,6,7,1,1
grade1_profile28471_q1_QK_20251122_095622.mp3,we,1,Dania,28471,post,Come on. We can do it together.,2,7,1,1
grade1_profile28471_q2_LP_20251122_100201.mp3,can,1,Dania,28471,pre,It's locked. I can open it.,3,6,1,1
grade1_profile28471_q2_LP_20251122_100201.mp3,i,1,Dania,28471,pre,It's locked. I can open it.,2,6,1,1
grade1_profile28471_q2_LP_20251122_100201.mp3,it,1,Dania,28471,pre,It's locked. I can open it.,5,6,1,1
grade1_profile28471_q2_LP_20251122_100201.mp3,locked,1,Dania,28471,pre,It's locked. I can open it.,1,6,1,1
grade1_profile28471_q2_LP_20251122_100201.mp3,open,1,Dania,28471,pre,It's locked. I can open it.,4,6,1,1
grade1_profile28471_q2_QK_20251122_100724.mp3,can,1,Amna,28471,post,It's locked. I can open it.,3,6,1,1
grade1_profile28471_q2_QK_20251122_100724.mp3,i,1,Amna,28471,post,It's locked. I can open it.,2,6,1,1
grade1_profile28471_q2_QK_20251122_100724.mp3,it,1,Amna,28471,post,It's locked. I can open it.,5,6,1,1
grade1_profile28471_q2_QK_20251122_100724.mp3,it's,1,Amna,28471,post,It's locked. I can open it.,0,6,1,1
grade1_profile28471_q2_QK_20251122_100724.mp3,locked,1,Amna,28471,post,It's locked. I can open it.,1,6,1,1
grade1_profile28471_q2_QK_20251122_100724.mp3,open,1,Amna,28471,post,It's locked. I can open it.,4,6,1,1
grade1_profile28471_q3_LP_20251122_101304.mp3,build,0,Rehma,28471,pre,This is Zara. She loves to draw. This is Faiz. He loves to build things.,13,15,1,0
grade1_profile28471_q3_LP_20251122_101304.mp3,draw,1,Rehma,28471,pre,This is Zara. She loves to draw. This is Faiz. He loves to build things.,6,15,1,1
grade1_profile28471_q3_LP_20251122_101304.mp3,faiz,1,Rehma,28471,pre,This is Zara. She loves to draw. This is Faiz. He loves to build things.,9,15,1,1
grade1_profile28471_q3_LP_20251122_101304.mp3,he,1,Rehma,28471,pre,This is Zara. She loves to draw. This is Faiz. He loves to build things.,10,15,1,1
grade1_profile28471_q3_LP_20251122_101304.mp3,is,1,Rehma,28471,pre,This is Zara. She loves to draw. This is Faiz. He loves to build things.,1,15,1,1
grade1_profile28471_q3_LP_20251122_101304.mp3,loves,1,Rehma,28471,pre,This is Zara. She loves to draw. This is Faiz. He loves to build things.,4,15,1,1
grade1_profile28471_q3_LP_20251122_101304.mp3,she,1,Rehma,28471,pre,This is Zara. She loves to draw. This is Faiz. He loves to build things.,3,15,1,1
grade1_profile28471_q3_LP_20251122_101304.mp3,things,0,Rehma,28471,pre,This is Zara. She loves to draw. This is Faiz. He loves to build things.,14,15,0,1
grade1_profile28471_q3_LP_20251122_101304.mp3,this,1,Rehma,28471,pre,This is Zara. She loves to draw. This is Faiz. He loves to build things.,0,15,1,1
grade1_profile28471_q3_LP_20251122_101304.mp3,to,1,Rehma,28471,pre,This is Zara. She loves to draw. This is Faiz. He loves to build things.,5,15,1,1
grade1_profile28471_q3_LP_20251122_101304.mp3,zara,1,Rehma,28471,pre,This is Zara. She loves to draw. This is Faiz. He loves to build things.,2,15,1,1
grade1_profile28471_q3_QK_20251122_101834.mp3,build,1,Rukhshan,28471,post,This is Zara. She loves to draw. This is Faiz. He loves to build things.,13,15,1,1
grade1_profile28471_q3_QK_20251122_101834.mp3,draw,1,Rukhshan,28471,post,This is Zara. She loves to draw. This is Faiz. He loves to build things.,6,15,1,1
grade1_profile28471_q3_QK_20251122_101834.mp3,faiz,0,Rukhshan,28471,post,This is Zara. She loves to draw. This is Faiz. He loves to build things.,9,15,0,1
grade1_profile28471_q3_QK_20251122_101834.mp3,he,1,Rukhshan,28471,post,This is Zara. She loves to draw. This is Faiz. He loves to build things.,10,15,1,1
grade1_profile28471_q3_QK_20251122_101834.mp3,is,1,Rukhshan,28471,post,This is Zara. She loves to draw. This is Faiz. He loves to build things.,1,15,1,1
grade1_profile28471_q3_QK_20251122_101834.mp3,loves,0,Rukhshan,28471,post,This is Zara. She loves to draw. This is Faiz. He loves to build things.,4,15,1,0
grade1_profile28471_q3_QK_20251122_101834.mp3,she,1,Rukhshan,28471,post,This is Zara. She loves to draw. This is Faiz. He loves to build things.,3,15,1,1
grade1_profile28471_q3_QK_20251122_101834.mp3,things,1,Rukhshan,28471,post,This is Zara. She loves to draw. This is Faiz. He loves to build things.,14,15,1,1
grade1_profile28471_q3_QK_20251122_101834.mp3,this,1,Rukhshan,28471,post,This is Zara. She loves to draw. This is Faiz. He loves to build things.,0,15,1,1
grade1_profile28471_q3_QK_20251122_101834.mp3,to,1,Rukhshan,28471,post,This is Zara. She loves to draw. This is Faiz. He loves to build things.,5,15,1,1
grade1_profile28471_q3_QK_20251122_101834.mp3,zara,1,Rukhshan,28471,post,This is Zara. She loves to draw. This is Faiz. He loves to build things.,2,15,1,1
grade1_profile28473_q1_LP_20251122_095026.mp3,can,1,Salman,28473,pre,Come on. We can do it together.,3,7,1,1
grade1_profile28473_q1_LP_20251122_095026.mp3,come,1,Salman,28473,pre,Come on. We can do it together.,0,7,0,0
grade1_profile28473_q1_LP_20251122_095026.mp3,do,1,Salman,28473,pre,Come on. We can do it together.,4,7,1,1
grade1_profile28473_q1_LP_20251122_095026.mp3,it,1,Salman,28473,pre,Come on. We can do it together.,5,7,1,1
grade1_profile28473_q1_LP_20251122_095026.mp3,on,1,Salman,28473,pre,Come on. We can do it together.,1,7,0,0
grade1_profile28473_q1_LP_20251122_095026.mp3,together,1,Salman,28473,pre,Come on. We can do it together.,6,7,0,0
grade1_profile28473_q1_LP_20251122_095026.mp3,we,1,Salman,28473,pre,Come on. We can do it together.,2,7,1,1
grade1_profile28473_q1_QK_20251122_095622.mp3,can,1,Semal,28473,post,Come on. We can do it together.,3,7,1,1
grade1_profile28473_q1_QK_20251122_095622.mp3,come,1,Semal,28473,post,Come on. We can do it together.,0,7,1,1
grade1_profile28473_q1_QK_20251122_095622.mp3,do,1,Semal,28473,post,Come on. We can do it together.,4,7,1,1
grade1_profile28473_q1_QK_20251122_095622.mp3,it,1,Semal,28473,post,Come on. We can do it together.,5,7,1,1
grade1_profile28473_q1_QK_20251122_095622.mp3,on,1,Semal,28473,post,Come on. We can do it together.,1,7,1,1
grade1_profile28473_q1_QK_20251122_095622.mp3,together,0,Semal,28473,post,Come on. We can do it together.,6,7,0,1
grade1_profile28473_q1_QK_20251122_095622.mp3,we,1,Semal,28473,post,Come on. We can do it together.,2,7,1,1
grade1_profile28473_q2_LP_20251122_100201.mp3,can,1,Semal,28473,pre,It's locked. I can open it.,3,6,1,1
grade1_profile28473_q2_LP_20251122_100201.mp3,i,1,Semal,28473,pre,It's locked. I can open it.,2,6,1,1
grade1_profile28473_q2_LP_20251122_100201.mp3,it,1,Semal,28473,pre,It's locked. I can open it.,5,6,1,1
grade1_profile28473_q2_LP_20251122_100201.mp3,it's,0,Semal,28473,pre,It's locked. I can open it.,0,6,1,0
grade1_profile28473_q2_LP_20251122_100201.mp3,locked,0,Semal,28473,pre,It's locked. I can open it.,1,6,0,1
grade1_profile28473_q2_LP_20251122_100201.mp3,open,1,Semal,28473,pre,It's locked. I can open it.,4,6,1,1
grade1_profile28473_q2_QK_20251122_100724.mp3,can,1,Rehma,28473,post,It's locked. I can open it.,3,6,1,1
grade1_profile28473_q2_QK_20251122_100724.mp3,i,1,Rehma,28473,post,It's locked. I can open it.,2,6,1,1
grade1_profile28473_q2_QK_20251122_100724.mp3,it,1,Rehma,28473,post,It's locked. I can open it.,5,6,1,1
grade1_profile28473_q2_QK_20251122_100724.mp3,locked,0,Rehma,28473,post,It's locked. I can open it.,1,6,0,1
grade1_profile28473_q2_QK_20251122_100724.mp3,open,1,Rehma,28473,post,It's locked. I can open it.,4,6,1,1
grade1_profile28473_q3_LP_20251122_101304.mp3,build,1,Amna,28473,pre,This is Zara. She loves to draw. This is Faiz. He loves to build things.,13,15,0,0
grade1_profile28473_q3_LP_20251122_101304.mp3,draw,1,Amna,28473,pre,This is Zara. She loves to draw. This is Faiz. He loves to build things.,6,15,1,1
grade1_profile28473_q3_LP_20251122_101304.mp3,faiz,1,Amna,28473,pre,This is Zara. She loves to draw. This is Faiz. He loves to build things.,9,15,0,0
grade1_profile28473_q3_LP_20251122_101304.mp3,he,1,Amna,28473,pre,This is Zara. She loves to draw. This is Faiz. He loves to build things.,10,15,1,1
grade1_profile28473_q3_LP_20251122_101304.mp3,is,1,Amna,28473,pre,This is Zara. She loves to draw. This is Faiz. He loves to build things.,1,15,1,1
grade1_profile28473_q3_LP_20251122_101304.mp3,loves,1,Amna,28473,pre,This is Zara. She loves to draw. This is Faiz. He loves to build things.,4,15,1,1
grade1_profile28473_q3_LP_20251122_101304.mp3,she,1,Amna,28473,pre,This is Zara. She loves to draw. This is Faiz. He loves to build things.,3,15,1,1
grade1_profile28473_q3_LP_20251122_101304.mp3,things,1,Amna,28473,pre,This is Zara. She loves to draw. This is Faiz. He loves to build things.,14,15,1,1
grade1_profile28473_q3_LP_20251122_101304.mp3,this,1,Amna,28473,pre,This is Zara. She loves to draw. This is Faiz. He loves to build things.,0,15,1,1
grade1_profile28473_q3_LP_20251122_101304.mp3,to,1,Amna,28473,pre,This is Zara. She loves to draw. This is Faiz. He loves to build things.,5,15,0,0
grade1_profile28473_q3_LP_20251122_101304.mp3,zara,1,Amna,28473,pre,This is Zara. She loves to draw. This is Faiz. He loves to build things.,2,15,1,1
grade1_profile28473_q3_QK_20251122_101834.mp3,draw,1,Amna,28473,post,This is Zara. She loves to draw. This is Faiz. He loves to build things.,6,15,0,0
grade1_profile28473_q3_QK_20251122_101834.mp3,faiz,1,Amna,28473,post,This is Zara. She loves to draw. This is Faiz. He loves to build things.,9,15,0,0
grade1_profile28473_q3_QK_20251122_101834.mp3,he,1,Amna,28473,post,This is Zara. She loves to draw. This is Faiz. He loves to build things.,10,15,1,1
grade1_profile28473_q3_QK_20251122_101834.mp3,is,1,Amna,28473,post,This is Zara. She loves to draw. This is Faiz. He loves to build things.,1,15,0,0
grade1_profile28473_q3_QK_20251122_101834.mp3,loves,0,Amna,28473,post,This is Zara. She loves to draw. This is Faiz. He loves to build things.,4,15,1,0
grade1_profile28473_q3_QK_20251122_101834.mp3,she,1,Amna,28473,post,This is Zara. She loves to draw. This is Faiz. He loves to build things.,3,15,1,1
grade1_profile28473_q3_QK_20251122_101834.mp3,this,1,Amna,28473,post,This is Zara. She loves to draw. This is Faiz. He loves to build things.,0,15,1,1
grade1_profile28473_q3_QK_20251122_101834.mp3,zara,1,Amna,28473,post,This is Zara. She loves to draw. This is Faiz. He loves to build things.,2,15,1,1
grade1_profile28474_q1_LP_20251122_095026.mp3,can,1,Rehma,28474,pre,Come on. We can do it together.,3,7,0,0
grade1_profile28474_q1_LP_20251122_095026.mp3,come,1,Rehma,28474,pre,Come on. We can do it together.,0,7,0,0
grade1_profile28474_q1_LP_20251122_095026.mp3,do,1,Rehma,28474,pre,Come on. We can do it together.,4,7,1,1
grade1_profile28474_q1_LP_20251122_095026.mp3,it,1,Rehma,28474,pre,Come on. We can do it together.,5,7,1,1
grade1_profile28474_q1_LP_20251122_095026.mp3,on,1,Rehma,28474,pre,Come on. We can do it together.,1,7,0,0
grade1_profile28474_q1_LP_20251122_095026.mp3,together,1,Rehma,28474,pre,Come on. We can do it together.,6,7,1,1
grade1_profile28474_q1_LP_20251122_095026.mp3,we,1,Rehma,28474,pre,Come on. We can do it together.,2,7,0,0
grade1_profile28474_q1_QK_20251122_095622.mp3,can,1,Abdullah,28474,post,Come on. We can do it together.,3,7,1,1
grade1_profile28474_q1_QK_20251122_095622.mp3,come,1,Abdullah,28474,post,Come on. We can do it together.,0,7,1,1
grade1_profile28474_q1_QK_20251122_095622.mp3,do,1,Abdullah,28474,post,Come on. We can do it together.,4,7,1,1
grade1_profile28474_q1_QK_20251122_095622.mp3,it,1,Abdullah,28474,post,Come on. We can do it together.,5,7,1,1
grade1_profile28474_q1_QK_20251122_095622.mp3,on,1,Abdullah,28474,post,Come on. We can do it together.,1,7,1,1
grade1_profile28474_q1_QK_20251122_095622.mp3,together,1,Abdullah,28474,post,Come on. We can do it together.,6,7,1,1
grade1_profile28474_q1_QK_20251122_095622.mp3,we,1,Abdullah,28474,post,Come on. We can do it together.,2,7,1,1
grade1_profile28474_q2_LP_20251122_100201.mp3,can,1,Amna,28474,pre,It's locked. I can open it.,3,6,1,1
grade1_profile28474_q2_LP_20251122_100201.mp3,i,1,Amna,28474,pre,It's locked. I can open it.,2,6,1,1
grade1_profile28474_q2_LP_20251122_100201.mp3,it,1,Amna,28474,pre,It's locked. I can open it.,5,6,1,1
grade1_profile28474_q2_LP_20251122_100201.mp3,it's,1,Amna,28474,pre,It's locked. I can open it.,0,6,1,1
grade1_profile28474_q2_LP_20251122_100201.mp3,locked,1,Amna,28474,pre,It's locked. I can open it.,1,6,0,0
grade1_profile28474_q2_LP_20251122_100201.mp3,open,1,Amna,28474,pre,It's locked. I can open it.,4,6,1,1
grade1_profile28474_q2_QK_20251122_100724.mp3,can,1,Amna,28474,post,It's locked. I can open it.,3,6,1,1
grade1_profile28474_q2_QK_20251122_100724.mp3,i,1,Amna,28474,post,It's locked. I can open it.,2,6,1,1
grade1_profile28474_q2_QK_20251122_100724.mp3,it,1,Amna,28474,post,It's locked. I can open it.,5,6,1,1
grade1_profile28474_q2_QK_20251122_100724.mp3,it's,1,Amna,28474,post,It's locked. I can open it.,0,6,1,1
grade1_profile28474_q2_QK_20251122_100724.mp3,locked,1,Amna,28474,post,It's locked. I can open it.,1,6,0,0
grade1_profile28474_q2_QK_20251122_100724.mp3,open,1,Amna,28474,post,It's locked. I can open it.,4,6,1,1
grade1_profile28474_q3_QK_20251122_101834.mp3,build,0,Rehma,28474,post,This is Zara. She loves to draw. This is Faiz. He loves to build things.,13,15,1,0
grade1_profile28474_q3_QK_20251122_101834.mp3,draw,1,Rehma,28474,post,This is Zara. She loves to draw. This is Faiz. He loves to build things.,6,15,1,1
grade1_profile28474_q3_QK_20251122_101834.mp3,faiz,1,Rehma,28474,post,This is Zara. She loves to draw. This is Faiz. He loves to build things.,9,15,0,0
grade1_profile28474_q3_QK_20251122_101834.mp3,he,1,Rehma,28474,post,This is Zara. She loves to draw. This is Faiz. He loves to build things.,10,15,1,1
grade1_profile28474_q3_QK_20251122_101834.mp3,is,1,Rehma,28474,post,This is Zara. She loves to draw. This is Faiz. He loves to build things.,1,15,1,1
grade1_profile28474_q3_QK_20251122_101834.mp3,loves,1,Rehma,28474,post,This is Zara. She loves to draw. This is Faiz. He loves to build things.,4,15,1,1
grade1_profile28474_q3_QK_20251122_101834.mp3,she,1,Rehma,28474,post,This is Zara. She loves to draw. This is Faiz. He loves to build things.,3,15,1,1
grade1_profile28474_q3_QK_20251122_101834.mp3,things,1,Rehma,28474,post,This is Zara. She loves to draw. This is Faiz. He loves to build things.,14,15,1,1
grade1_profile28474_q3_QK_20251122_101834.mp3,this,1,Rehma,28474,post,This is Zara. She loves to draw. This is Faiz. He loves to build things.,0,15,1,1
grade1_profile28474_q3_QK_20251122_101834.mp3,to,1,Rehma,28474,post,This is Zara. She loves to draw. This is Faiz. He loves to build things.,5,15,1,1
grade1_profile28474_q3_QK_20251122_101834.mp3,zara,1,Rehma,28474,post,This is Zara. She loves to draw. This is Faiz. He loves to build things.,2,15,1,1
grade1_profile28475_q1_QK_20251122_095622.mp3,can,1,Rukhshan,28475,post,Come on. We can do it together.,3,7,1,1
grade1_profile28475_q1_QK_20251122_095622.mp3,come,1,Rukhshan,28475,post,Come on. We can do it together.,0,7,1,1
grade1_profile28475_q1_QK_20251122_095622.mp3,do,1,Rukhshan,28475,post,Come on. We can do it together.,4,7,1,1
grade1_profile28475_q1_QK_20251122_095622.mp3,it,1,Rukhshan,28475,post,Come on. We can do it together.,5,7,1,1
grade1_profile28475_q1_QK_20251122_095622.mp3,on,1,Rukhshan,28475,post,Come on. We can do it together.,1,7,1,1
grade1_profile28475_q1_QK_20251122_095622.mp3,together,0,Rukhshan,28475,post,Come on. We can do it together.,6,7,1,0
grade1_profile28475_q1_QK_20251122_095622.mp3,we,1,Rukhshan,28475,post,Come on. We can do it together.,2,7,1,1
grade1_profile28475_q2_LP_20251122_100201.mp3,can,1,Amna,28475,pre,It's locked. I can open it.,3,6,0,0
grade1_profile28475_q2_LP_20251122_100201.mp3,i,1,Amna,28475,pre,It's locked. I can open it.,2,6,1,1
grade1_profile28475_q2_LP_20251122_100201.mp3,it,1,Amna,28475,pre,It's locked. I can open it.,5,6,1,1
grade1_profile28475_q2_LP_20251122_100201.mp3,locked,1,Amna,28475,pre,It's locked. I can open it.,1,6,0,0
grade1_profile28475_q2_LP_20251122_100201.mp3,open,1,Amna,28475,pre,It's locked. I can open it.,4,6,0,0
grade1_profile28475_q2_QK_20251122_100724.mp3,can,1,Ali,28475,post,It's locked. I can open it.,3,6,1,1
grade1_profile28475_q2_QK_20251122_100724.mp3,i,1,Ali,28475,post,It's locked. I can open it.,2,6,1,1
grade1_profile28475_q2_QK_20251122_100724.mp3,it,1,Ali,28475,post,It's locked. I can open it.,5,6,1,1
grade1_profile28475_q2_QK_20251122_100724.mp3,it's,0,Ali,28475,post,It's locked. I can open it.,0,6,1,0
grade1_profile28475_q2_QK_20251122_100724.mp3,locked,1,Ali,28475,post,It's locked. I can open it.,1,6,0,0
grade1_profile28475_q2_QK_20251122_100724.mp3,open,0,Ali,28475,post,It's locked. I can open it.,4,6,1,0
grade1_profile28475_q3_LP_20251122_101304.mp3,build,0,Semal,28475,pre,This is Zara. She loves to draw. This is Faiz. He loves to build things.,13,15,0,1
grade1_profile28475_q3_LP_20251122_101304.mp3,draw,1,Semal,28475,pre,This is Zara. She loves to draw. This is Faiz. He loves to build things.,6,15,1,1
grade1_profile28475_q3_LP_20251122_101304.mp3,he,1,Semal,28475,pre,This is Zara. She loves to draw. This is Faiz. He loves to build things.,10,15,1,1
grade1_profile28475_q3_LP_20251122_101304.mp3,is,1,Semal,28475,pre,This is Zara. She loves to draw. This is Faiz. He loves to build things.,1,15,1,1
grade1_profile28475_q3_LP_20251122_101304.mp3,loves,0,Semal,28475,pre,This is Zara. She loves to draw. This is Faiz. He loves to build things.,4,15,1,0
grade1_profile28475_q3_LP_20251122_101304.mp3,she,1,Semal,28475,pre,This is Zara. She loves to draw. This is Faiz. He loves to build things.,3,15,0,0
grade1_profile28475_q3_LP_20251122_101304.mp3,things,1,Semal,28475,pre,This is Zara. She loves to draw. This is Faiz. He loves to build things.,14,15,1,1
grade1_profile28475_q3_LP_20251122_101304.mp3,this,0,Semal,28475,pre,This is Zara. She loves to draw. This is Faiz. He loves to build things.,0,15,1,0
grade1_profile28475_q3_LP_20251122_101304.mp3,to,1,Semal,28475,pre,This is Zara. She loves to draw. This is Faiz. He loves to build things.,5,15,1,1
grade1_profile28475_q3_LP_20251122_101304.mp3,zara,1,Semal,28475,pre,This is Zara. She loves to draw. This is Faiz. He loves to build things.,2,15,0,0
grade1_profile28475_q3_QK_20251122_101834.mp3,build,1,Amna,28475,post,This is Zara. She loves to draw. This is Faiz. He loves to build things.,13,15,0,0
grade1_profile28475_q3_QK_20251122_101834.mp3,draw,1,Amna,28475,post,This is Zara. She loves to draw. This is Faiz. He loves to build things.,6,15,0,0
grade1_profile28475_q3_QK_20251122_101834.mp3,faiz,1,Amna,28475,post,This is Zara. She loves to draw. This is Faiz. He loves to build things.,9,15,0,0
grade1_profile28475_q3_QK_20251122_101834.mp3,he,1,Amna,28475,post,This is Zara. She loves to draw. This is Faiz. He loves to build things.,10,15,1,1
grade1_profile28475_q3_QK_20251122_101834.mp3,is,1,Amna,28475,post,This is Zara. She loves to draw. This is Faiz. He loves to build things.,1,15,1,1
grade1_profile28475_q3_QK_20251122_101834.mp3,loves,0,Amna,28475,post,This is Zara. She loves to draw. This is Faiz. He loves to build things.,4,15,1,0
grade1_profile28475_q3_QK_20251122_101834.mp3,she,1,Amna,28475,post,This is Zara. She loves to draw. This is Faiz. He loves to build things.,3,15,1,1
grade1_profile28475_q3_QK_20251122_101834.mp3,things,1,Amna,28475,post,This is Zara. She loves to draw. This is Faiz. He loves to build things.,14,15,1,1
grade1_profile28475_q3_QK_20251122_101834.mp3,this,1,Amna,28475,post,This is Zara. She loves to draw. This is Faiz. He loves to build things.,0,15,1,1
grade1_profile28475_q3_QK_20251122_101834.mp3,to,1,Amna,28475,post,This is Zara. She loves to draw. This is Faiz. He loves to build things.,5,15,0,0
grade1_profile28475_q3_QK_20251122_101834.mp3,zara,1,Amna,28475,post,This is Zara. She loves to draw. This is Faiz. He loves to build things.,2,15,1,1
grade1_profile28485_q1_LP_20251122_095026.mp3,come,1,Rehma,28485,pre,Come on. We can do it together.,0,7,1,1
grade1_profile28485_q1_LP_20251122_095026.mp3,on,1,Rehma,28485,pre,Come on. We can do it together.,1,7,1,1
grade1_profile28485_q1_QK_20251122_095622.mp3,can,1,Amna,28485,post,Come on. We can do it together.,3,7,1,1
grade1_profile28485_q1_QK_20251122_095622.mp3,come,1,Amna,28485,post,Come on. We can do it together.,0,7,1,1
grade1_profile28485_q1_QK_20251122_095622.mp3,do,1,Amna,28485,post,Come on. We can do it together.,4,7,1,1
grade1_profile28485_q1_QK_20251122_095622.mp3,it,1,Amna,28485,post,Come on. We can do it together.,5,7,1,1
grade1_profile28485_q1_QK_20251122_095622.mp3,on,1,Amna,28485,post,Come on. We can do it together.,1,7,1,1
grade1_profile28485_q1_QK_20251122_095622.mp3,we,1,Amna,28485,post,Come on. We can do it together.,2,7,1,1
grade1_profile28485_q2_LP_20251122_100201.mp3,it,0,Semal,28485,pre,It's locked. I can open it.,5,6,1,0
grade1_profile28485_q2_QK_20251122_100724.mp3,can,1,Ali,28485,post,It's locked. I can open it.,3,6,1,1
grade1_profile28485_q2_QK_20251122_100724.mp3,i,1,Ali,28485,post,It's locked. I can open it.,2,6,1,1
grade1_profile28485_q2_QK_20251122_100724.mp3,it,1,Ali,28485,post,It's locked. I can open it.,5,6,1,1
grade1_profile28485_q2_QK_20251122_100724.mp3,it's,1,Ali,28485,post,It's locked. I can open it.,0,6,0,0
grade1_profile28485_q2_QK_20251122_100724.mp3,locked,0,Ali,28485,post,It's locked. I can open it.,1,6,0,1
grade1_profile28485_q2_QK_20251122_100724.mp3,open,1,Ali,28485,post,It's locked. I can open it.,4,6,1,1
grade1_profile28485_q3_LP_20251122_101304.mp3,build,0,Rehma,28485,pre,This is Zara. She loves to draw. This is Faiz. He loves to build things.,13,15,0,1
grade1_profile28485_q3_LP_20251122_101304.mp3,draw,1,Rehma,28485,pre,This is Zara. She loves to draw. This is Faiz. He loves to build things.,6,15,1,1
grade1_profile28485_q3_LP_20251122_101304.mp3,is,1,Rehma,28485,pre,This is Zara. She loves to draw. This is Faiz. He loves to build things.,1,15,1,1
grade1_profile28485_q3_LP_20251122_101304.mp3,loves,0,Rehma,28485,pre,This is Zara. She loves to draw. This is Faiz. He loves to build things.,4,15,1,0
grade1_profile28485_q3_LP_20251122_101304.mp3,she,1,Rehma,28485,pre,This is Zara. She loves to draw. This is Faiz. He loves to build things.,3,15,1,1
grade1_profile28485_q3_LP_20251122_101304.mp3,things,1,Rehma,28485,pre,This is Zara. She loves to draw. This is Faiz. He loves to build things.,14,15,1,1
grade1_profile28485_q3_LP_20251122_101304.mp3,this,1,Rehma,28485,pre,This is Zara. She loves to draw. This is Faiz. He loves to build things.,0,15,1,1
grade1_profile28485_q3_LP_20251122_101304.mp3,to,1,Rehma,28485,pre,This is Zara. She loves to draw. This is Faiz. He loves to build things.,5,15,1,1
grade1_profile28485_q3_LP_20251122_101304.mp3,zara,1,Rehma,28485,pre,This is Zara. She loves to draw. This is Faiz. He loves to build things.,2,15,1,1
grade1_profile28485_q3_QK_20251122_101834.mp3,build,1,Amna,28485,post,This is Zara. She loves to draw. This is Faiz. He loves to build things.,13,15,1,1
grade1_profile28485_q3_QK_20251122_101834.mp3,draw,1,Amna,28485,post,This is Zara. She loves to draw. This is Faiz. He loves to build things.,6,15,1,1
grade1_profile28485_q3_QK_20251122_101834.mp3,faiz,1,Amna,28485,post,This is Zara. She loves to draw. This is Faiz. He loves to build things.,9,15,0,0
grade1_profile28485_q3_QK_20251122_101834.mp3,he,1,Amna,28485,post,This is Zara. She loves to draw. This is Faiz. He loves to build things.,10,15,1,1
grade1_profile28485_q3_QK_20251122_101834.mp3,is,1,Amna,28485,post,This is Zara. She loves to draw. This is Faiz. He loves to build things.,1,15,1,1
grade1_profile28485_q3_QK_20251122_101834.mp3,loves,1,Amna,28485,post,This is Zara. She loves to draw. This is Faiz. He loves to build things.,4,15,1,1
grade1_profile28485_q3_QK_20251122_101834.mp3,she,1,Amna,28485,post,This is Zara. She loves to draw. This is Faiz. He loves to build things.,3,15,1,1
grade1_profile28485_q3_QK_20251122_101834.mp3,things,1,Amna,28485,post,This is Zara. She loves to draw. This is Faiz. He loves to build things.,14,15,1,1
grade1_profile28485_q3_QK_20251122_101834.mp3,this,1,Amna,28485,post,This is Zara. She loves to draw. This is Faiz. He loves to build things.,0,15,1,1
grade1_profile28485_q3_QK_20251122_101834.mp3,to,1,Amna,28485,post,This is Zara. She loves to draw. This is Faiz. He loves to build things.,5,15,1,1
grade1_profile28485_q3_QK_20251122_101834.mp3,zara,1,Amna,28485,post,This is Zara. She loves to draw. This is Faiz. He loves to build things.,2,15,0,0
grade1_profile28493_q1_LP_20251122_095026.mp3,can,1,Amna,28493,pre,Come on. We can do it together.,3,7,0,0
grade1_profile28493_q1_LP_20251122_095026.mp3,come,1,Amna,28493,pre,Come on. We can do it together.,0,7,0,0
grade1_profile28493_q1_LP_20251122_095026.mp3,do,1,Amna,28493,pre,Come on. We can do it together.,4,7,0,0
grade1_profile28493_q1_LP_20251122_095026.mp3,it,1,Amna,28493,pre,Come on. We can do it together.,5,7,1,1
grade1_profile28493_q1_LP_20251122_095026.mp3,on,1,Amna,28493,pre,Come on. We can do it together.,1,7,0,0
grade1_profile28493_q1_LP_20251122_095026.mp3,we,1,Amna,28493,pre,Come on. We can do it together.,2,7,0,0
grade1_profile28493_q1_QK_20251122_095622.mp3,can,1,Rehma,28493,post,Come on. We can do it together.,3,7,1,1
grade1_profile28493_q1_QK_20251122_095622.mp3,come,1,Rehma,28493,post,Come on. We can do it together.,0,7,1,1
grade1_profile28493_q1_QK_20251122_095622.mp3,do,1,Rehma,28493,post,Come on. We can do it together.,4,7,1,1
grade1_profile28493_q1_QK_20251122_095622.mp3,it,1,Rehma,28493,post,Come on. We can do it together.,5,7,1,1
grade1_profile28493_q1_QK_20251122_095622.mp3,on,1,Rehma,28493,post,Come on. We can do it together.,1,7,1,1
grade1_profile28493_q1_QK_20251122_095622.mp3,together,1,Rehma,28493,post,Come on. We can do it together.,6,7,1,1
grade1_profile28493_q1_QK_20251122_095622.mp3,we,1,Rehma,28493,post,Come on. We can do it together.,2,7,1,1
grade1_profile28493_q2_QK_20251122_100724.mp3,can,1,Ali,28493,post,It's locked. I can open it.,3,6,1,1
grade1_profile28493_q2_QK_20251122_100724.mp3,i,1,Ali,28493,post,It's locked. I can open it.,2,6,1,1
grade1_profile28493_q2_QK_20251122_100724.mp3,it,1,Ali,28493,post,It's locked. I can open it.,5,6,1,1
grade1_profile28493_q2_QK_20251122_100724.mp3,it's,1,Ali,28493,post,It's locked. I can open it.,0,6,1,1
grade1_profile28493_q2_QK_20251122_100724.mp3,locked,1,Ali,28493,post,It's locked. I can open it.,1,6,1,1
grade1_profile28493_q2_QK_20251122_100724.mp3,open,1,Ali,28493,post,It's locked. I can open it.,4,6,1,1
grade1_profile28493_q3_QK_20251122_101834.mp3,build,1,Rukhshan,28493,post,This is Zara. She loves to draw. This is Faiz. He loves to build things.,13,15,1,1
grade1_profile28493_q3_QK_20251122_101834.mp3,draw,1,Rukhshan,28493,post,This is Zara. She loves to draw. This is Faiz. He loves to build things.,6,15,1,1
grade1_profile28493_q3_QK_20251122_101834.mp3,faiz,1,Rukhshan,28493,post,This is Zara. She loves to draw. This is Faiz. He loves to build things.,9,15,0,0
grade1_profile28493_q3_QK_20251122_101834.mp3,he,1,Rukhshan,28493,post,This is Zara. She loves to draw. This is Faiz. He loves to build things.,10,15,1,1
grade1_profile28493_q3_QK_20251122_101834.mp3,is,1,Rukhshan,28493,post,This is Zara. She loves to draw. This is Faiz. He loves to build things.,1,15,1,1
grade1_profile28493_q3_QK_20251122_101834.mp3,loves,0,Rukhshan,28493,post,This is Zara. She loves to draw. This is Faiz. He loves to build things.,4,15,1,0
grade1_profile28493_q3_QK_20251122_101834.mp3,she,1,Rukhshan,28493,post,This is Zara. She loves to draw. This is Faiz. He loves to build things.,3,15,1,1
grade1_profile28493_q3_QK_20251122_101834.mp3,things,1,Rukhshan,28493,post,This is Zara. She loves to draw. This is Faiz. He loves to build things.,14,15,0,0
grade1_profile28493_q3_QK_20251122_101834.mp3,this,1,Rukhshan,28493,post,This is Zara. She loves to draw. This is Faiz. He loves to build things.,0,15,1,1
grade1_profile28493_q3_QK_20251122_101834.mp3,to,1,Rukhshan,28493,post,This is Zara. She loves to draw. This is Faiz. He loves to build things.,5,15,1,1
grade1_profile28493_q3_QK_20251122_101834.mp3,zara,1,Rukhshan,28493,post,This is Zara. She loves to draw. This is Faiz. He loves to build things.,2,15,1,1
grade1_profile28498_q1_LP_20251122_095026.mp3,can,1,Rukhshan,28498,pre,Come on. We can do it together.,3,7,1,1
grade1_profile28498_q1_LP_20251122_095026.mp3,come,1,Rukhshan,28498,pre,Come on. We can do it together.,0,7,0,0
grade1_profile28498_q1_LP_20251122_095026.mp3,do,1,Rukhshan,28498,pre,Come on. We can do it together.,4,7,1,1
grade1_profile28498_q1_LP_20251122_095026.mp3,it,1,Rukhshan,28498,pre,Come on. We can do it together.,5,7,1,1
grade1_profile28498_q1_LP_20251122_095026.mp3,on,1,Rukhshan,28498,pre,Come on. We can do it together.,1,7,0,0
grade1_profile28498_q1_LP_20251122_095026.mp3,together,1,Rukhshan,28498,pre,Come on. We can do it together.,6,7,0,0
grade1_profile28498_q1_LP_20251122_095026.mp3,we,1,Rukhshan,28498,pre,Come on. We can do it together.,2,7,1,1
grade1_profile28498_q1_QK_20251122_095622.mp3,can,1,Semal,28498,post,Come on. We can do it together.,3,7,1,1
grade1_profile28498_q1_QK_20251122_095622.mp3,come,1,Semal,28498,post,Come on. We can do it together.,0,7,1,1
grade1_profile28498_q1_QK_20251122_095622.mp3,do,1,Semal,28498,post,Come on. We can do it together.,4,7,1,1
grade1_profile28498_q1_QK_20251122_095622.mp3,it,1,Semal,28498,post,Come on. We can do it together.,5,7,1,1
grade1_profile28498_q1_QK_20251122_095622.mp3,on,1,Semal,28498,post,Come on. We can do it together.,1,7,0,0
grade1_profile28498_q1_QK_20251122_095622.mp3,together,0,Semal,28498,post,Come on. We can do it together.,6,7,0,1
grade1_profile28498_q1_QK_20251122_095622.mp3,we,1,Semal,28498,post,Come on. We can do it together.,2,7,1,1
grade1_profile28498_q2_LP_20251122_100201.mp3,can,1,Salman,28498,pre,It's locked. I can open it.,3,6,1,1
grade1_profile28498_q2_LP_20251122_100201.mp3,i,1,Salman,28498,pre,It's locked. I can open it.,2,6,1,1
grade1_profile28498_q2_LP_20251122_100201.mp3,it's,1,Salman,28498,pre,It's locked. I can open it.,0,6,1,1
grade1_profile28498_q2_LP_20251122_100201.mp3,locked,0,Salman,28498,pre,It's locked. I can open it.,1,6,0,1
grade1_profile28498_q2_QK_20251122_100724.mp3,can,1,Rehma,28498,post,It's locked. I can open it.,3,6,1,1
grade1_profile28498_q2_QK_20251122_100724.mp3,i,1,Rehma,28498,post,It's locked. I can open it.,2,6,1,1
grade1_profile28498_q2_QK_20251122_100724.mp3,it's,1,Rehma,28498,post,It's locked. I can open it.,0,6,1,1
grade1_profile28498_q2_QK_20251122_100724.mp3,locked,1,Rehma,28498,post,It's locked. I can open it.,1,6,1,1
grade1_profile28498_q2_QK_20251122_100724.mp3,open,1,Rehma,28498,post,It's locked. I can open it.,4,6,0,0
grade1_profile28498_q3_LP_20251122_101304.mp3,build,1,Dania,28498,pre,This is Zara. She loves to draw. This is Faiz. He loves to build things.,13,15,1,1
grade1_profile28498_q3_LP_20251122_101304.mp3,draw,1,Dania,28498,pre,This is Zara. She loves to draw. This is Faiz. He loves to build things.,6,15,1,1
grade1_profile28498_q3_LP_20251122_101304.mp3,faiz,1,Dania,28498,pre,This is Zara. She loves to draw. This is Faiz. He loves to build things.,9,15,0,0
grade1_profile28498_q3_LP_20251122_101304.mp3,he,1,Dania,28498,pre,This is Zara. She loves to draw. This is Faiz. He loves to build things.,10,15,0,0
grade1_profile28498_q3_LP_20251122_101304.mp3,is,1,Dania,28498,pre,This is Zara. She loves to draw. This is Faiz. He loves to build things.,1,15,1,1
grade1_profile28498_q3_LP_20251122_101304.mp3,loves,1,Dania,28498,pre,This is Zara. She loves to draw. This is Faiz. He loves to build things.,4,15,1,1
grade1_profile28498_q3_LP_20251122_101304.mp3,she,1,Dania,28498,pre,This is Zara. She loves to draw. This is Faiz. He loves to build things.,3,15,1,1
grade1_profile28498_q3_LP_20251122_101304.mp3,things,1,Dania,28498,pre,This is Zara. She loves to draw. This is Faiz. He loves to build things.,14,15,0,0
grade1_profile28498_q3_LP_20251122_101304.mp3,this,1,Dania,28498,pre,This is Zara. She loves to draw. This is Faiz. He loves to build things.,0,15,1,1
grade1_profile28498_q3_LP_20251122_101304.mp3,to,1,Dania,28498,pre,This is Zara. She loves to draw. This is Faiz. He loves to build things.,5,15,0,0
grade1_profile28498_q3_LP_20251122_101304.mp3,zara,1,Dania,28498,pre,This is Zara. She loves to draw. This is Faiz. He loves to build things.,2,15,0,0
grade1_profile28498_q3_QK_20251122_101834.mp3,build,1,Amna,28498,post,This is Zara. She loves to draw. This is Faiz. He loves to build things.,13,15,1,1
grade1_profile28498_q3_QK_20251122_101834.mp3,draw,1,Amna,28498,post,This is Zara. She loves to draw. This is Faiz. He loves to build things.,6,15,1,1
grade1_profile28498_q3_QK_20251122_101834.mp3,faiz,1,Amna,28498,post,This is Zara. She loves to draw. This is Faiz. He loves to build things.,9,15,0,0
grade1_profile28498_q3_QK_20251122_101834.mp3,he,1,Amna,28498,post,This is Zara. She loves to draw. This is Faiz. He loves to build things.,10,15,1,1
grade1_profile28498_q3_QK_20251122_101834.mp3,is,1,Amna,28498,post,This is Zara. She loves to draw. This is Faiz. He loves to build things.,1,15,1,1
grade1_profile28498_q3_QK_20251122_101834.mp3,loves,1,Amna,28498,post,This is Zara. She loves to draw. This is Faiz. He loves to build things.,4,15,1,1
grade1_profile28498_q3_QK_20251122_101834.mp3,she,1,Amna,28498,post,This is Zara. She loves to draw. This is Faiz. He loves to build things.,3,15,1,1
grade1_profile28498_q3_QK_20251122_101834.mp3,things,1,Amna,28498,post,This is Zara. She loves to draw. This is Faiz. He loves to build things.,14,15,0,0
grade1_profile28498_q3_QK_20251122_101834.mp3,this,1,Amna,28498,post,This is Zara. She loves to draw. This is Faiz. He loves to build things.,0,15,1,1
grade1_profile28498_q3_QK_20251122_101834.mp3,to,1,Amna,28498,post,This is Zara. She loves to draw. This is Faiz. He loves to build things.,5,15,0,0
grade1_profile28498_q3_QK_20251122_101834.mp3,zara,1,Amna,28498,post,This is Zara. She loves to draw. This is Faiz. He loves to build things.,2,15,1,1
grade1_profile28509_q1_LP_20251122_095026.mp3,come,1,Ali,28509,pre,Come on. We can do it together.,0,7,0,0
grade1_profile28509_q1_LP_20251122_095026.mp3,do,1,Ali,28509,pre,Come on. We can do it together.,4,7,1,1
grade1_profile28509_q1_LP_20251122_095026.mp3,it,1,Ali,28509,pre,Come on. We can do it together.,5,7,1,1
grade1_profile28509_q1_LP_20251122_095026.mp3,on,1,Ali,28509,pre,Come on. We can do it together.,1,7,0,0
grade1_profile28509_q1_LP_20251122_095026.mp3,together,0,Ali,28509,pre,Come on. We can do it together.,6,7,1,0
grade1_profile28509_q1_LP_20251122_095026.mp3,we,1,Ali,28509,pre,Come on. We can do it together.,2,7,0,0
grade1_profile28509_q1_QK_20251122_095622.mp3,can,1,Rehma,28509,post,Come on. We can do it together.,3,7,0,0
grade1_profile28509_q1_QK_20251122_095622.mp3,come,1,Rehma,28509,post,Come on. We can do it together.,0,7,1,1
grade1_profile28509_q1_QK_20251122_095622.mp3,do,1,Rehma,28509,post,Come on. We can do it together.,4,7,1,1
grade1_profile28509_q1_QK_20251122_095622.mp3,it,1,Rehma,28509,post,Come on. We can do it together.,5,7,1,1
grade1_profile28509_q1_QK_20251122_095622.mp3,on,0,Rehma,28509,post,Come on. We can do it together.,1,7,0,1
grade1_profile28509_q1_QK_20251122_095622.mp3,together,0,Rehma,28509,post,Come on. We can do it together.,6,7,0,1
grade1_profile28509_q1_QK_20251122_095622.mp3,we,1,Rehma,28509,post,Come on. We can do it together.,2,7,0,0
grade1_profile28509_q2_LP_20251122_100201.mp3,i,1,Dania,28509,pre,It's locked. I can open it.,2,6,1,1
grade1_profile28509_q2_LP_20251122_100201.mp3,it,1,Dania,28509,pre,It's locked. I can open it.,5,6,1,1
grade1_profile28509_q2_LP_20251122_100201.mp3,it's,1,Dania,28509,pre,It's locked. I can open it.,0,6,1,1
grade1_profile28509_q2_LP_20251122_100201.mp3,locked,0,Dania,28509,pre,It's locked. I can open it.,1,6,0,1
grade1_profile28509_q2_LP_20251122_100201.mp3,open,1,Dania,28509,pre,It's locked. I can open it.,4,6,0,0
grade1_profile28509_q2_QK_20251122_100724.mp3,can,1,Rehma,28509,post,It's locked. I can open it.,3,6,1,1
grade1_profile28509_q2_QK_20251122_100724.mp3,i,1,Rehma,28509,post,It's locked. I can open it.,2,6,1,1
grade1_profile28509_q2_QK_20251122_100724.mp3,it,1,Rehma,28509,post,It's locked. I can open it.,5,6,1,1
grade1_profile28509_q2_QK_20251122_100724.mp3,it's,1,Rehma,28509,post,It's locked. I can open it.,0,6,0,0
grade1_profile28509_q2_QK_20251122_100724.mp3,locked,0,Rehma,28509,post,It's locked. I can open it.,1,6,0,1
grade1_profile28509_q2_QK_20251122_100724.mp3,open,1,Rehma,28509,post,It's locked. I can open it.,4,6,1,1
grade1_profile28509_q3_LP_20251122_101304.mp3,build,0,Rehma,28509,pre,This is Zara. She loves to draw. This is Faiz. He loves to build things.,13,15,0,1
grade1_profile28509_q3_LP_20251122_101304.mp3,draw,1,Rehma,28509,pre,This is Zara. She loves to draw. This is Faiz. He loves to build things.,6,15,0,0
grade1_profile28509_q3_LP_20251122_101304.mp3,faiz,1,Rehma,28509,pre,This is Zara. She loves to draw. This is Faiz. He loves to build things.,9,15,0,0
grade1_profile28509_q3_LP_20251122_101304.mp3,he,1,Rehma,28509,pre,This is Zara. She loves to draw. This is Faiz. He loves to build things.,10,15,0,0
grade1_profile28509_q3_LP_20251122_101304.mp3,is,1,Rehma,28509,pre,This is Zara. She loves to draw. This is Faiz. He loves to build things.,1,15,0,0
grade1_profile28509_q3_LP_20251122_101304.mp3,loves,1,Rehma,28509,pre,This is Zara. She loves to draw. This is Faiz. He loves to build things.,4,15,1,1
grade1_profile28509_q3_LP_20251122_101304.mp3,she,1,Rehma,28509,pre,This is Zara. She loves to draw. This is Faiz. He loves to build things.,3,15,0,0
grade1_profile28509_q3_LP_20251122_101304.mp3,things,1,Rehma,28509,pre,This is Zara. She loves to draw. This is Faiz. He loves to build things.,14,15,0,0
grade1_profile28509_q3_LP_20251122_101304.mp3,this,1,Rehma,28509,pre,This is Zara. She loves to draw. This is Faiz. He loves to build things.,0,15,1,1
grade1_profile28509_q3_LP_20251122_101304.mp3,to,1,Rehma,28509,pre,This is Zara. She loves to draw. This is Faiz. He loves to build things.,5,15,0,0
grade1_profile28509_q3_LP_20251122_101304.mp3,zara,1,Rehma,28509,pre,This is Zara. She loves to draw. This is Faiz. He loves to build things.,2,15,0,0
grade1_profile28509_q3_QK_20251122_101834.mp3,build,0,Rehma,28509,post,This is Zara. She loves to draw. This is Faiz. He loves to build things.,13,15,0,1
grade1_profile28509_q3_QK_20251122_101834.mp3,draw,0,Rehma,28509,post,This is Zara. She loves to draw. This is Faiz. He loves to build things.,6,15,0,1
grade1_profile28509_q3_QK_20251122_101834.mp3,he,0,Rehma,28509,post,This is Zara. She loves to draw. This is Faiz. He loves to build things.,10,15,1,0
grade1_profile28509_q3_QK_20251122_101834.mp3,is,1,Rehma,28509,post,This is Zara. She loves to draw. This is Faiz. He loves to build things.,1,15,1,1
grade1_profile28509_q3_QK_20251122_101834.mp3,loves,0,Rehma,28509,post,This is Zara. She loves to draw. This is Faiz. He loves to build things.,4,15,0,1
grade1_profile28509_q3_QK_20251122_101834.mp3,she,1,Rehma,28509,post,This is Zara. She loves to draw. This is Faiz. He loves to build things.,3,15,1,1
grade1_profile28509_q3_QK_20251122_101834.mp3,things,1,Rehma,28509,post,This is Zara. She loves to draw. This is Faiz. He loves to build things.,14,15,1,1
grade1_profile28509_q3_QK_20251122_101834.mp3,to,1,Rehma,28509,post,This is Zara. She loves to draw. This is Faiz. He loves to build things.,5,15,1,1
grade1_profile28509_q3_QK_20251122_101834.mp3,zara,0,Rehma,28509,post,This is Zara. She loves to draw. This is Faiz. He loves to build things.,2,15,0,1
grade1_profile28510_q1_LP_20251122_095026.mp3,can,1,Dania,28510,pre,Come on. We can do it together.,3,7,0,0
grade1_profile28510_q1_LP_20251122_095026.mp3,come,1,Dania,28510,pre,Come on. We can do it together.,0,7,0,0
grade1_profile28510_q1_LP_20251122_095026.mp3,do,1,Dania,28510,pre,Come on. We can do it together.,4,7,1,1
grade1_profile28510_q1_LP_20251122_095026.mp3,it,1,Dania,28510,pre,Come on. We can do it together.,5,7,1,1
grade1_profile28510_q1_LP_20251122_095026.mp3,on,1,Dania,28510,pre,Come on. We can do it together.,1,7,1,1
grade1_profile28510_q1_LP_20251122_095026.mp3,together,1,Dania,28510,pre,Come on. We can do it together.,6,7,1,1
grade1_profile28510_q1_LP_20251122_095026.mp3,we,1,Dania,28510,pre,Come on. We can do it together.,2,7,0,0
grade1_profile28510_q1_QK_20251122_095622.mp3,can,1,Rukhshan,28510,post,Come on. We can do it together.,3,7,1,1
grade1_profile28510_q1_QK_20251122_095622.mp3,come,1,Rukhshan,28510,post,Come on. We can do it together.,0,7,1,1
grade1_profile28510_q1_QK_20251122_095622.mp3,do,1,Rukhshan,28510,post,Come on. We can do it together.,4,7,1,1
grade1_profile28510_q1_QK_20251122_095622.mp3,it,1,Rukhshan,28510,post,Come on. We can do it together.,5,7,1,1
grade1_profile28510_q1_QK_20251122_095622.mp3,on,1,Rukhshan,28510,post,Come on. We can do it together.,1,7,1,1
grade1_profile28510_q1_QK_20251122_095622.mp3,together,1,Rukhshan,28510,post,Come on. We can do it together.,6,7,0,0
grade1_profile28510_q1_QK_20251122_095622.mp3,we,0,Rukhshan,28510,post,Come on. We can do it together.,2,7,1,0
grade1_profile28510_q2_LP_20251122_100201.mp3,can,1,Semal,28510,pre,It's locked. I can open it.,3,6,0,0
grade1_profile28510_q2_LP_20251122_100201.mp3,i,1,Semal,28510,pre,It's locked. I can open it.,2,6,1,1
grade1_profile28510_q2_LP_20251122_100201.mp3,it,1,Semal,28510,pre,It's locked. I can open it.,5,6,1,1
grade1_profile28510_q2_LP_20251122_100201.mp3,it's,0,Semal,28510,pre,It's locked. I can open it.,0,6,0,1
grade1_profile28510_q2_LP_20251122_100201.mp3,locked,1,Semal,28510,pre,It's locked. I can open it.,1,6,0,0
grade1_profile28510_q2_LP_20251122_100201.mp3,open,1,Semal,28510,pre,It's locked. I can open it.,4,6,1,1
grade1_profile28510_q2_QK_20251122_100724.mp3,can,1,Rukhshan,28510,post,It's locked. I can open it.,3,6,1,1
grade1_profile28510_q2_QK_20251122_100724.mp3,i,1,Rukhshan,28510,post,It's locked. I can open it.,2,6,1,1
grade1_profile28510_q2_QK_20251122_100724.mp3,it,1,Rukhshan,28510,post,It's locked. I can open it.,5,6,1,1
grade1_profile28510_q2_QK_20251122_100724.mp3,it's,1,Rukhshan,28510,post,It's locked. I can open it.,0,6,1,1
grade1_profile28510_q2_QK_20251122_100724.mp3,locked,1,Rukhshan,28510,post,It's locked. I can open it.,1,6,0,0
grade1_profile28510_q2_QK_20251122_100724.mp3,open,1,Rukhshan,28510,post,It's locked. I can open it.,4,6,1,1
grade1_profile28510_q3_LP_20251122_101304.mp3,build,1,Semal,28510,pre,This is Zara. She loves to draw. This is Faiz. He loves to build things.,13,15,0,0
grade1_profile28510_q3_LP_20251122_101304.mp3,draw,1,Semal,28510,pre,This is Zara. She loves to draw. This is Faiz. He loves to build things.,6,15,0,0
grade1_profile28510_q3_LP_20251122_101304.mp3,faiz,1,Semal,28510,pre,This is Zara. She loves to draw. This is Faiz. He loves to build things.,9,15,0,0
grade1_profile28510_q3_LP_20251122_101304.mp3,he,1,Semal,28510,pre,This is Zara. She loves to draw. This is Faiz. He loves to build things.,10,15,1,1
grade1_profile28510_q3_LP_20251122_101304.mp3,is,1,Semal,28510,pre,This is Zara. She loves to draw. This is Faiz. He loves to build things.,1,15,1,1
grade1_profile28510_q3_LP_20251122_101304.mp3,loves,0,Semal,28510,pre,This is Zara. She loves to draw. This is Faiz. He loves to build things.,4,15,1,0
grade1_profile28510_q3_LP_20251122_101304.mp3,she,1,Semal,28510,pre,This is Zara. She loves to draw. This is Faiz. He loves to build things.,3,15,0,0
grade1_profile28510_q3_LP_20251122_101304.mp3,things,1,Semal,28510,pre,This is Zara. She loves to draw. This is Faiz. He loves to build things.,14,15,0,0
grade1_profile28510_q3_LP_20251122_101304.mp3,this,1,Semal,28510,pre,This is Zara. She loves to draw. This is Faiz. He loves to build things.,0,15,0,0
grade1_profile28510_q3_LP_20251122_101304.mp3,to,1,Semal,28510,pre,This is Zara. She loves to draw. This is Faiz. He loves to build things.,5,15,0,0
grade1_profile28510_q3_LP_20251122_101304.mp3,zara,1,Semal,28510,pre,This is Zara. She loves to draw. This is Faiz. He loves to build things.,2,15,1,1
grade1_profile28510_q3_QK_20251122_101834.mp3,build,1,Rukhshan,28510,post,This is Zara. She loves to draw. This is Faiz. He loves to build things.,13,15,0,0
grade1_profile28510_q3_QK_20251122_101834.mp3,draw,1,Rukhshan,28510,post,This is Zara. She loves to draw. This is Faiz. He loves to build things.,6,15,1,1
grade1_profile28510_q3_QK_20251122_101834.mp3,faiz,1,Rukhshan,28510,post,This is Zara. She loves to draw. This is Faiz. He loves to build things.,9,15,0,0
grade1_profile28510_q3_QK_20251122_101834.mp3,he,1,Rukhshan,28510,post,This is Zara. She loves to draw. This is Faiz. He loves to build things.,10,15,1,1
grade1_profile28510_q3_QK_20251122_101834.mp3,is,1,Rukhshan,28510,post,This is Zara. She loves to draw. This is Faiz. He loves to build things.,1,15,1,1
grade1_profile28510_q3_QK_20251122_101834.mp3,loves,1,Rukhshan,28510,post,This is Zara. She loves to draw. This is Faiz. He loves to build things.,4,15,1,1
grade1_profile28510_q3_QK_20251122_101834.mp3,she,1,Rukhshan,28510,post,This is Zara. She loves to draw. This is Faiz. He loves to build things.,3,15,1,1
grade1_profile28510_q3_QK_20251122_101834.mp3,this,1,Rukhshan,28510,post,This is Zara. She loves to draw. This is Faiz. He loves to build things.,0,15,1,1
grade1_profile28510_q3_QK_20251122_101834.mp3,to,1,Rukhshan,28510,post,This is Zara. She loves to draw. This is Faiz. He loves to build things.,5,15,1,1
grade1_profile28510_q3_QK_20251122_101834.mp3,zara,1,Rukhshan,28510,post,This is Zara. She loves to draw. This is Faiz. He loves to build things.,2,15,1,1
grade1_profile28512_q1_LP_20251122_095026.mp3,can,1,Rehma,28512,pre,Come on. We can do it together.,3,7,1,1
grade1_profile28512_q1_LP_20251122_095026.mp3,come,1,Rehma,28512,pre,Come on. We can do it together.,0,7,1,1
grade1_profile28512_q1_LP_20251122_095026.mp3,do,1,Rehma,28512,pre,Come on. We can do it together.,4,7,1,1
grade1_profile28512_q1_LP_20251122_095026.mp3,it,1,Rehma,28512,pre,Come on. We can do it together.,5,7,1,1
grade1_profile28512_q1_LP_20251122_095026.mp3,on,1,Rehma,28512,pre,Come on. We can do it together.,1,7,1,1
grade1_profile28512_q1_LP_20251122_095026.mp3,together,0,Rehma,28512,pre,Come on. We can do it together.,6,7,0,1
grade1_profile28512_q1_LP_20251122_095026.mp3,we,1,Rehma,28512,pre,Come on. We can do it together.,2,7,1,1
grade1_profile28512_q1_QK_20251122_095622.mp3,can,1,Ali,28512,post,Come on. We can do it together.,3,7,1,1
grade1_profile28512_q1_QK_20251122_095622.mp3,come,1,Ali,28512,post,Come on. We can do it together.,0,7,1,1
grade1_profile28512_q1_QK_20251122_095622.mp3,do,1,Ali,28512,post,Come on. We can do it together.,4,7,1,1
grade1_profile28512_q1_QK_20251122_095622.mp3,it,1,Ali,28512,post,Come on. We can do it together.,5,7,1,1
grade1_profile28512_q1_QK_20251122_095622.mp3,on,1,Ali,28512,post,Come on. We can do it together.,1,7,1,1
grade1_profile28512_q1_QK_20251122_095622.mp3,together,1,Ali,28512,post,Come on. We can do it together.,6,7,1,1
grade1_profile28512_q1_QK_20251122_095622.mp3,we,1,Ali,28512,post,Come on. We can do it together.,2,7,1,1
grade1_profile28512_q2_LP_20251122_100201.mp3,can,1,Rukhshan,28512,pre,It's locked. I can open it.,3,6,1,1
grade1_profile28512_q2_LP_20251122_100201.mp3,i,1,Rukhshan,28512,pre,It's locked. I can open it.,2,6,1,1
grade1_profile28512_q2_LP_20251122_100201.mp3,it,1,Rukhshan,28512,pre,It's locked. I can open it.,5,6,1,1
grade1_profile28512_q2_LP_20251122_100201.mp3,locked,0,Rukhshan,28512,pre,It's locked. I can open it.,1,6,0,1
grade1_profile28512_q2_LP_20251122_100201.mp3,open,1,Rukhshan,28512,pre,It's locked. I can open it.,4,6,1,1
grade1_profile28512_q2_QK_20251122_100724.mp3,can,1,Semal,28512,post,It's locked. I can open it.,3,6,1,1
grade1_profile28512_q2_QK_20251122_100724.mp3,i,1,Semal,28512,post,It's locked. I can open it.,2,6,1,1
grade1_profile28512_q2_QK_20251122_100724.mp3,it,1,Semal,28512,post,It's locked. I can open it.,5,6,1,1
grade1_profile28512_q2_QK_20251122_100724.mp3,it's,0,Semal,28512,post,It's locked. I can open it.,0,6,1,0
grade1_profile28512_q2_QK_20251122_100724.mp3,locked,0,Semal,28512,post,It's locked. I can open it.,1,6,0,1
grade1_profile28512_q2_QK_20251122_100724.mp3,open,1,Semal,28512,post,It's locked. I can open it.,4,6,1,1
grade1_profile28512_q3_LP_20251122_101304.mp3,is,0,Amna,28512,pre,This is Zara. She loves to draw. This is Faiz. He loves to build things.,1,15,1,0
grade1_profile28512_q3_QK_20251122_101834.mp3,build,0,Semal,28512,post,This is Zara. She loves to draw. This is Faiz. He loves to build things.,13,15,1,0
grade1_profile28512_q3_QK_20251122_101834.mp3,draw,1,Semal,28512,post,This is Zara. She loves to draw. This is Faiz. He loves to build things.,6,15,1,1
grade1_profile28512_q3_QK_20251122_101834.mp3,faiz,1,Semal,28512,post,This is Zara. She loves to draw. This is Faiz. He loves to build things.,9,15,1,1
grade1_profile28512_q3_QK_20251122_101834.mp3,he,1,Semal,28512,post,This is Zara. She loves to draw. This is Faiz. He loves to build things.,10,15,1,1
grade1_profile28512_q3_QK_20251122_101834.mp3,is,1,Semal,28512,post,This is Zara. She loves to draw. This is Faiz. He loves to build things.,1,15,1,1
grade1_profile28512_q3_QK_20251122_101834.mp3,loves,1,Semal,28512,post,This is Zara. She loves to draw. This is Faiz. He loves to build things.,4,15,1,1
grade1_profile28512_q3_QK_20251122_101834.mp3,she,1,Semal,28512,post,This is Zara. She loves to draw. This is Faiz. He loves to build things.,3,15,1,1
grade1_profile28512_q3_QK_20251122_101834.mp3,things,1,Semal,28512,post,This is Zara. She loves to draw. This is Faiz. He loves to build things.,14,15,1,1
grade1_profile28512_q3_QK_20251122_101834.mp3,this,1,Semal,28512,post,This is Zara. She loves to draw. This is Faiz. He loves to build things.,0,15,1,1
grade1_profile28512_q3_QK_20251122_101834.mp3,to,1,Semal,28512,post,This is Zara. She loves to draw. This is Faiz. He loves to build things.,5,15,1,1
grade1_profile28512_q3_QK_20251122_101834.mp3,zara,1,Semal,28512,post,This is Zara. She loves to draw. This is Faiz. He loves to build things.,2,15,1,1
grade1_profile28514_q1_LP_20251122_095026.mp3,can,1,Semal,28514,pre,Come on. We can do it together.,3,7,1,1
grade1_profile28514_q1_LP_20251122_095026.mp3,come,1,Semal,28514,pre,Come on. We can do it together.,0,7,1,1
grade1_profile28514_q1_LP_20251122_095026.mp3,do,1,Semal,28514,pre,Come on. We can do it together.,4,7,1,1
grade1_profile28514_q1_LP_20251122_095026.mp3,it,0,Semal,28514,pre,Come on. We can do it together.,5,7,1,0
grade1_profile28514_q1_LP_20251122_095026.mp3,on,1,Semal,28514,pre,Come on. We can do it together.,1,7,1,1
grade1_profile28514_q1_LP_20251122_095026.mp3,together,1,Semal,28514,pre,Come on. We can do it together.,6,7,1,1
grade1_profile28514_q1_LP_20251122_095026.mp3,we,1,Semal,28514,pre,Come on. We can do it together.,2,7,1,1
grade1_profile28514_q1_QK_20251122_095622.mp3,can,1,Semal,28514,post,Come on. We can do it together.,3,7,1,1
grade1_profile28514_q1_QK_20251122_095622.mp3,come,1,Semal,28514,post,Come on. We can do it together.,0,7,1,1
grade1_profile28514_q1_QK_20251122_095622.mp3,do,1,Semal,28514,post,Come on. We can do it together.,4,7,1,1
grade1_profile28514_q1_QK_20251122_095622.mp3,it,0,Semal,28514,post,Come on. We can do it together.,5,7,1,0
grade1_profile28514_q1_QK_20251122_095622.mp3,on,1,Semal,28514,post,Come on. We can do it together.,1,7,1,1
grade1_profile28514_q1_QK_20251122_095622.mp3,together,1,Semal,28514,post,Come on. We can do it together.,6,7,1,1
grade1_profile28514_q1_QK_20251122_095622.mp3,we,1,Semal,28514,post,Come on. We can do it together.,2,7,1,1
grade1_profile28514_q2_QK_20251122_100724.mp3,can,1,Rukhshan,28514,post,It's locked. I can open it.,3,6,1,1
grade1_profile28514_q2_QK_20251122_100724.mp3,i,1,Rukhshan,28514,post,It's locked. I can open it.,2,6,1,1
grade1_profile28514_q2_QK_20251122_100724.mp3,it,1,Rukhshan,28514,post,It's locked. I can open it.,5,6,1,1
grade1_profile28514_q2_QK_20251122_100724.mp3,it's,1,Rukhshan,28514,post,It's locked. I can open it.,0,6,1,1
grade1_profile28514_q2_QK_20251122_100724.mp3,locked,1,Rukhshan,28514,post,It's locked. I can open it.,1,6,1,1
grade1_profile28514_q2_QK_20251122_100724.mp3,open,0,Rukhshan,28514,post,It's locked. I can open it.,4,6,1,0
grade1_profile28514_q3_LP_20251122_101304.mp3,build,0,Rehma,28514,pre,This is Zara. She loves to draw. This is Faiz. He loves to build things.,13,15,0,1
grade1_profile28514_q3_LP_20251122_101304.mp3,draw,0,Rehma,28514,pre,This is Zara. She loves to draw. This is Faiz. He loves to build things.,6,15,1,0
grade1_profile28514_q3_LP_20251122_101304.mp3,faiz,0,Rehma,28514,pre,This is Zara. She loves to draw. This is Faiz. He loves to build things.,9,15,1,0
grade1_profile28514_q3_LP_20251122_101304.mp3,he,1,Rehma,28514,pre,This is Zara. She loves to draw. This is Faiz. He loves to build things.,10,15,1,1
grade1_profile28514_q3_LP_20251122_101304.mp3,is,1,Rehma,28514,pre,This is Zara. She loves to draw. This is Faiz. He loves to build things.,1,15,1,1
grade1_profile28514_q3_LP_20251122_101304.mp3,loves,1,Rehma,28514,pre,This is Zara. She loves to draw. This is Faiz. He loves to build things.,4,15,1,1
grade1_profile28514_q3_LP_20251122_101304.mp3,she,1,Rehma,28514,pre,This is Zara. She loves to draw. This is Faiz. He loves to build things.,3,15,1,1
grade1_profile28514_q3_LP_20251122_101304.mp3,things,1,Rehma,28514,pre,This is Zara. She loves to draw. This is Faiz. He loves to build things.,14,15,1,1
grade1_profile28514_q3_LP_20251122_101304.mp3,this,1,Rehma,28514,pre,This is Zara. She loves to draw. This is Faiz. He loves to build things.,0,15,1,1
grade1_profile28514_q3_LP_20251122_101304.mp3,to,1,Rehma,28514,pre,This is Zara. She loves to draw. This is Faiz. He loves to build things.,5,15,1,1
grade1_profile28514_q3_LP_20251122_101304.mp3,zara,0,Rehma,28514,pre,This is Zara. She loves to draw. This is Faiz. He loves to build things.,2,15,1,0
grade1_profile28514_q3_QK_20251122_101834.mp3,build,1,Rukhshan,28514,post,This is Zara. She loves to draw. This is Faiz. He loves to build things.,13,15,1,1
grade1_profile28514_q3_QK_20251122_101834.mp3,draw,1,Rukhshan,28514,post,This is Zara. She loves to draw. This is Faiz. He loves to build things.,6,15,1,1
grade1_profile28514_q3_QK_20251122_101834.mp3,faiz,1,Rukhshan,28514,post,This is Zara. She loves to draw. This is Faiz. He loves to build things.,9,15,0,0
grade1_profile28514_q3_QK_20251122_101834.mp3,he,1,Rukhshan,28514,post,This is Zara. She loves to draw. This is Faiz. He loves to build things.,10,15,1,1
grade1_profile28514_q3_QK_20251122_101834.mp3,is,1,Rukhshan,28514,post,This is Zara. She loves to draw. This is Faiz. He loves to build things.,1,15,1,1
grade1_profile28514_q3_QK_20251122_101834.mp3,loves,0,Rukhshan,28514,post,This is Zara. She loves to draw. This is Faiz. He loves to build things.,4,15,1,0
grade1_profile28514_q3_QK_20251122_101834.mp3,she,1,Rukhshan,28514,post,This is Zara. She loves to draw. This is Faiz. He loves to build things.,3,15,1,1
grade1_profile28514_q3_QK_20251122_101834.mp3,things,1,Rukhshan,28514,post,This is Zara. She loves to draw. This is Faiz. He loves to build things.,14,15,0,0
grade1_profile28514_q3_QK_20251122_101834.mp3,this,1,Rukhshan,28514,post,This is Zara. She loves to draw. This is Faiz. He loves to build things.,0,15,1,1
grade1_profile28514_q3_QK_20251122_101834.mp3,to,1,Rukhshan,28514,post,This is Zara. She loves to draw. This is Faiz. He loves to build things.,5,15,1,1
grade1_profile28514_q3_QK_20251122_101834.mp3,zara,0,Rukhshan,28514,post,This is Zara. She loves to draw. This is Faiz. He loves to build things.,2,15,1,0
grade1_profile28516_q1_LP_20251122_095026.mp3,can,1,Salman,28516,pre,Come on. We can do it together.,3,7,0,0
grade1_profile28516_q1_LP_20251122_095026.mp3,come,1,Salman,28516,pre,Come on. We can do it together.,0,7,0,0
grade1_profile28516_q1_LP_20251122_095026.mp3,do,1,Salman,28516,pre,Come on. We can do it together.,4,7,0,0
grade1_profile28516_q1_LP_20251122_095026.mp3,it,1,Salman,28516,pre,Come on. We can do it together.,5,7,1,1
grade1_profile28516_q1_LP_20251122_095026.mp3,on,1,Salman,28516,pre,Come on. We can do it together.,1,7,0,0
grade1_profile28516_q1_LP_20251122_095026.mp3,together,1,Salman,28516,pre,Come on. We can do it together.,6,7,0,0
grade1_profile28516_q1_LP_20251122_095026.mp3,we,1,Salman,28516,pre,Come on. We can do it together.,2,7,0,0
grade1_profile28516_q1_QK_20251122_095622.mp3,can,1,Salman,28516,post,Come on. We can do it together.,3,7,1,1
grade1_profile28516_q1_QK_20251122_095622.mp3,do,1,Salman,28516,post,Come on. We can do it together.,4,7,1,1
grade1_profile28516_q1_QK_20251122_095622.mp3,it,1,Salman,28516,post,Come on. We can do it together.,5,7,1,1
grade1_profile28516_q1_QK_20251122_095622.mp3,on,1,Salman,28516,post,Come on. We can do it together.,1,7,1,1
grade1_profile28516_q1_QK_20251122_095622.mp3,together,1,Salman,28516,post,Come on. We can do it together.,6,7,0,0
grade1_profile28516_q1_QK_20251122_095622.mp3,we,1,Salman,28516,post,Come on. We can do it together.,2,7,1,1
grade1_profile28516_q2_LP_20251122_100201.mp3,can,1,Amna,28516,pre,It's locked. I can open it.,3,6,1,1
grade1_profile28516_q2_LP_20251122_100201.mp3,i,1,Amna,28516,pre,It's locked. I can open it.,2,6,1,1
grade1_profile28516_q2_LP_20251122_100201.mp3,it,1,Amna,28516,pre,It's locked. I can open it.,5,6,1,1
grade1_profile28516_q2_LP_20251122_100201.mp3,it's,1,Amna,28516,pre,It's locked. I can open it.,0,6,1,1
grade1_profile28516_q2_LP_20251122_100201.mp3,locked,0,Amna,28516,pre,It's locked. I can open it.,1,6,0,1
grade1_profile28516_q2_LP_20251122_100201.mp3,open,1,Amna,28516,pre,It's locked. I can open it.,4,6,1,1
grade1_profile28516_q2_QK_20251122_100724.mp3,can,1,Rehma,28516,post,It's locked. I can open it.,3,6,1,1
grade1_profile28516_q2_QK_20251122_100724.mp3,i,1,Rehma,28516,post,It's locked. I can open it.,2,6,1,1
grade1_profile28516_q2_QK_20251122_100724.mp3,it,0,Rehma,28516,post,It's locked. I can open it.,5,6,1,0
grade1_profile28516_q2_QK_20251122_100724.mp3,it's,0,Rehma,28516,post,It's locked. I can open it.,0,6,0,1
grade1_profile28516_q2_QK_20251122_100724.mp3,locked,0,Rehma,28516,post,It's locked. I can open it.,1,6,0,1
grade1_profile28516_q2_QK_20251122_100724.mp3,open,1,Rehma,28516,post,It's locked. I can open it.,4,6,1,1
grade1_profile28516_q3_LP_20251122_101304.mp3,build,1,Ali,28516,pre,This is Zara. She loves to draw. This is Faiz. He loves to build things.,13,15,0,0
grade1_profile28516_q3_LP_20251122_101304.mp3,draw,1,Ali,28516,pre,This is Zara. She loves to draw. This is Faiz. He loves to build things.,6,15,0,0
grade1_profile28516_q3_LP_20251122_101304.mp3,faiz,1,Ali,28516,pre,This is Zara. She loves to draw. This is Faiz. He loves to build things.,9,15,0,0
grade1_profile28516_q3_LP_20251122_101304.mp3,he,1,Ali,28516,pre,This is Zara. She loves to draw. This is Faiz. He loves to build things.,10,15,1,1
grade1_profile28516_q3_LP_20251122_101304.mp3,is,1,Ali,28516,pre,This is Zara. She loves to draw. This is Faiz. He loves to build things.,1,15,1,1
grade1_profile28516_q3_LP_20251122_101304.mp3,loves,1,Ali,28516,pre,This is Zara. She loves to draw. This is Faiz. He loves to build things.,4,15,1,1
grade1_profile28516_q3_LP_20251122_101304.mp3,she,1,Ali,28516,pre,This is Zara. She loves to draw. This is Faiz. He loves to build things.,3,15,1,1
grade1_profile28516_q3_LP_20251122_101304.mp3,things,0,Ali,28516,pre,This is Zara. She loves to draw. This is Faiz. He loves to build things.,14,15,0,1
grade1_profile28516_q3_LP_20251122_101304.mp3,this,1,Ali,28516,pre,This is Zara. She loves to draw. This is Faiz. He loves to build things.,0,15,1,1
grade1_profile28516_q3_LP_20251122_101304.mp3,to,1,Ali,28516,pre,This is Zara. She loves to draw. This is Faiz. He loves to build things.,5,15,1,1
grade1_profile28516_q3_LP_20251122_101304.mp3,zara,1,Ali,28516,pre,This is Zara. She loves to draw. This is Faiz. He loves to build things.,2,15,0,0
grade1_profile28516_q3_QK_20251122_101834.mp3,build,0,Semal,28516,post,This is Zara. She loves to draw. This is Faiz. He loves to build things.,13,15,1,0
grade1_profile28516_q3_QK_20251122_101834.mp3,draw,1,Semal,28516,post,This is Zara. She loves to draw. This is Faiz. He loves to build things.,6,15,1,1
grade1_profile28516_q3_QK_20251122_101834.mp3,faiz,1,Semal,28516,post,This is Zara. She loves to draw. This is Faiz. He loves to build things.,9,15,0,0
grade1_profile28516_q3_QK_20251122_101834.mp3,he,1,Semal,28516,post,This is Zara. She loves to draw. This is Faiz. He loves to build things.,10,15,1,1
grade1_profile28516_q3_QK_20251122_101834.mp3,is,1,Semal,28516,post,This is Zara. She loves to draw. This is Faiz. He loves to build things.,1,15,1,1
grade1_profile28516_q3_QK_20251122_101834.mp3,loves,0,Semal,28516,post,This is Zara. She loves to draw. This is Faiz. He loves to build things.,4,15,1,0
grade1_profile28516_q3_QK_20251122_101834.mp3,she,1,Semal,28516,post,This is Zara. She loves to draw. This is Faiz. He loves to build things.,3,15,1,1
grade1_profile28516_q3_QK_20251122_101834.mp3,things,0,Semal,28516,post,This is Zara. She loves to draw. This is Faiz. He loves to build things.,14,15,1,0
grade1_profile28516_q3_QK_20251122_101834.mp3,this,1,Semal,28516,post,This is Zara. She loves to draw. This is Faiz. He loves to build things.,0,15,1,1
grade1_profile28516_q3_QK_20251122_101834.mp3,to,1,Semal,28516,post,This is Zara. She loves to draw. This is Faiz. He loves to build things.,5,15,1,1
grade1_profile28516_q3_QK_20251122_101834.mp3,zara,1,Semal,28516,post,This is Zara. She loves to draw. This is Faiz. He loves to build things.,2,15,0,0
grade1_profile28518_q1_LP_20251122_095026.mp3,can,1,Semal,28518,pre,Come on. We can do it together.,3,7,0,0
grade1_profile28518_q1_LP_20251122_095026.mp3,come,1,Semal,28518,pre,Come on. We can do it together.,0,7,0,0
grade1_profile28518_q1_LP_20251122_095026.mp3,do,1,Semal,28518,pre,Come on. We can do it together.,4,7,1,1
grade1_profile28518_q1_LP_20251122_095026.mp3,it,1,Semal,28518,pre,Come on. We can do it together.,5,7,1,1
grade1_profile28518_q1_LP_20251122_095026.mp3,on,1,Semal,28518,pre,Come on. We can do it together.,1,7,0,0
grade1_profile28518_q1_LP_20251122_095026.mp3,together,0,Semal,28518,pre,Come on. We can do it together.,6,7,0,1
grade1_profile28518_q1_LP_20251122_095026.mp3,we,1,Semal,28518,pre,Come on. We can do it together.,2,7,0,0
grade1_profile28518_q1_QK_20251122_095622.mp3,can,1,Semal,28518,post,Come on. We can do it together.,3,7,1,1
grade1_profile28518_q1_QK_20251122_095622.mp3,come,1,Semal,28518,post,Come on. We can do it together.,0,7,0,0
grade1_profile28518_q1_QK_20251122_095622.mp3,do,1,Semal,28518,post,Come on. We can do it together.,4,7,0,0
grade1_profile28518_q1_QK_20251122_095622.mp3,it,1,Semal,28518,post,Come on. We can do it together.,5,7,1,1
grade1_profile28518_q1_QK_20251122_095622.mp3,on,1,Semal,28518,post,Come on. We can do it together.,1,7,0,0
grade1_profile28518_q1_QK_20251122_095622.mp3,together,1,Semal,28518,post,Come on. We can do it together.,6,7,0,0
grade1_profile28518_q1_QK_20251122_095622.mp3,we,1,Semal,28518,post,Come on. We can do it together.,2,7,1,1
grade1_profile28518_q2_LP_20251122_100201.mp3,can,1,Semal,28518,pre,It's locked. I can open it.,3,6,0,0
grade1_profile28518_q2_LP_20251122_100201.mp3,i,1,Semal,28518,pre,It's locked. I can open it.,2,6,1,1
grade1_profile28518_q2_LP_20251122_100201.mp3,it,1,Semal,28518,pre,It's locked. I can open it.,5,6,1,1
grade1_profile28518_q2_LP_20251122_100201.mp3,it's,1,Semal,28518,pre,It's locked. I can open it.,0,6,0,0
grade1_profile28518_q2_LP_20251122_100201.mp3,locked,0,Semal,28518,pre,It's locked. I can open it.,1,6,0,1
grade1_profile28518_q2_LP_20251122_100201.mp3,open,1,Semal,28518,pre,It's locked. I can open it.,4,6,1,1
grade1_profile28518_q2_QK_20251122_100724.mp3,can,1,Semal,28518,post,It's locked. I can open it.,3,6,1,1
grade1_profile28518_q2_QK_20251122_100724.mp3,i,0,Semal,28518,post,It's locked. I can open it.,2,6,1,0
grade1_profile28518_q2_QK_20251122_100724.mp3,it,1,Semal,28518,post,It's locked. I can open it.,5,6,1,1
grade1_profile28518_q2_QK_20251122_100724.mp3,it's,0,Semal,28518,post,It's locked. I can open it.,0,6,1,0
grade1_profile28518_q2_QK_20251122_100724.mp3,locked,1,Semal,28518,post,It's locked. I can open it.,1,6,0,0
grade1_profile28518_q2_QK_20251122_100724.mp3,open,1,Semal,28518,post,It's locked. I can open it.,4,6,1,1
grade1_profile28518_q3_LP_20251122_101304.mp3,build,1,Salman,28518,pre,This is Zara. She loves to draw. This is Faiz. He loves to build things.,13,15,0,0
grade1_profile28518_q3_LP_20251122_101304.mp3,draw,1,Salman,28518,pre,This is Zara. She loves to draw. This is Faiz. He loves to build things.,6,15,0,0
grade1_profile28518_q3_LP_20251122_101304.mp3,faiz,1,Salman,28518,pre,This is Zara. She loves to draw. This is Faiz. He loves to build things.,9,15,0,0
grade1_profile28518_q3_LP_20251122_101304.mp3,he,1,Salman,28518,pre,This is Zara. She loves to draw. This is Faiz. He loves to build things.,10,15,0,0
grade1_profile28518_q3_LP_20251122_101304.mp3,is,1,Salman,28518,pre,This is Zara. She loves to draw. This is Faiz. He loves to build things.,1,15,1,1
grade1_profile28518_q3_LP_20251122_101304.mp3,loves,1,Salman,28518,pre,This is Zara. She loves to draw. This is Faiz. He loves to build things.,4,15,0,0
grade1_profile28518_q3_LP_20251122_101304.mp3,she,1,Salman,28518,pre,This is Zara. She loves to draw. This is Faiz. He loves to build things.,3,15,1,1
grade1_profile28518_q3_LP_20251122_101304.mp3,things,1,Salman,28518,pre,This is Zara. She loves to draw. This is Faiz. He loves to build things.,14,15,0,0
grade1_profile28518_q3_LP_20251122_101304.mp3,this,1,Salman,28518,pre,This is Zara. She loves to draw. This is Faiz. He loves to build things.,0,15,1,1
grade1_profile28518_q3_LP_20251122_101304.mp3,to,0,Salman,28518,pre,This is Zara. She loves to draw. This is Faiz. He loves to build things.,5,15,1,0
grade1_profile28518_q3_LP_20251122_101304.mp3,zara,1,Salman,28518,pre,This is Zara. She loves to draw. This is Faiz. He loves to build things.,2,15,0,0
grade1_profile28518_q3_QK_20251122_101834.mp3,build,1,Semal,28518,post,This is Zara. She loves to draw. This is Faiz. He loves to build things.,13,15,0,0
grade1_profile28518_q3_QK_20251122_101834.mp3,draw,1,Semal,28518,post,This is Zara. She loves to draw. This is Faiz. He loves to build things.,6,15,1,1
grade1_profile28518_q3_QK_20251122_101834.mp3,faiz,1,Semal,28518,post,This is Zara. She loves to draw. This is Faiz. He loves to build things.,9,15,0,0
grade1_profile28518_q3_QK_20251122_101834.mp3,he,1,Semal,28518,post,This is Zara. She loves to draw. This is Faiz. He loves to build things.,10,15,0,0
grade1_profile28518_q3_QK_20251122_101834.mp3,is,1,Semal,28518,post,This is Zara. She loves to draw. This is Faiz. He loves to build things.,1,15,1,1
grade1_profile28518_q3_QK_20251122_101834.mp3,loves,0,Semal,28518,post,This is Zara. She loves to draw. This is Faiz. He loves to build things.,4,15,1,0
grade1_profile28518_q3_QK_20251122_101834.mp3,she,1,Semal,28518,post,This is Zara. She loves to draw. This is Faiz. He loves to build things.,3,15,1,1
grade1_profile28518_q3_QK_20251122_101834.mp3,things,1,Semal,28518,post,This is Zara. She loves to draw. This is Faiz. He loves to build things.,14,15,0,0
grade1_profile28518_q3_QK_20251122_101834.mp3,this,1,Semal,28518,post,This is Zara. She loves to draw. This is Faiz. He loves to build things.,0,15,1,1
grade1_profile28518_q3_QK_20251122_101834.mp3,to,1,Semal,28518,post,This is Zara. She loves to draw. This is Faiz. He loves to build things.,5,15,1,1
grade1_profile28518_q3_QK_20251122_101834.mp3,zara,1,Semal,28518,post,This is Zara. She loves to draw. This is Faiz. He loves to build things.,2,15,0,0
grade1_profile28519_q1_LP_20251122_095026.mp3,can,1,Semal,28519,pre,Come on. We can do it together.,3,7,1,1
grade1_profile28519_q1_LP_20251122_095026.mp3,come,1,Semal,28519,pre,Come on. We can do it together.,0,7,1,1
grade1_profile28519_q1_LP_20251122_095026.mp3,do,1,Semal,28519,pre,Come on. We can do it together.,4,7,1,1
grade1_profile28519_q1_LP_20251122_095026.mp3,it,1,Semal,28519,pre,Come on. We can do it together.,5,7,1,1
grade1_profile28519_q1_LP_20251122_095026.mp3,on,1,Semal,28519,pre,Come on. We can do it together.,1,7,1,1
grade1_profile28519_q1_LP_20251122_095026.mp3,together,0,Semal,28519,pre,Come on. We can do it together.,6,7,0,1
grade1_profile28519_q1_LP_20251122_095026.mp3,we,1,Semal,28519,pre,Come on. We can do it together.,2,7,1,1
grade1_profile28519_q1_QK_20251122_095622.mp3,can,1,Rukhshan,28519,post,Come on. We can do it together.,3,7,1,1
grade1_profile28519_q1_QK_20251122_095622.mp3,come,1,Rukhshan,28519,post,Come on. We can do it together.,0,7,1,1
grade1_profile28519_q1_QK_20251122_095622.mp3,do,1,Rukhshan,28519,post,Come on. We can do it together.,4,7,1,1
grade1_profile28519_q1_QK_20251122_095622.mp3,it,1,Rukhshan,28519,post,Come on. We can do it together.,5,7,1,1
grade1_profile28519_q1_QK_20251122_095622.mp3,on,1,Rukhshan,28519,post,Come on. We can do it together.,1,7,1,1
grade1_profile28519_q1_QK_20251122_095622.mp3,together,0,Rukhshan,28519,post,Come on. We can do it together.,6,7,0,1
grade1_profile28519_q1_QK_20251122_095622.mp3,we,1,Rukhshan,28519,post,Come on. We can do it together.,2,7,1,1
grade1_profile28519_q2_LP_20251122_100201.mp3,can,1,Rehma,28519,pre,It's locked. I can open it.,3,6,1,1
grade1_profile28519_q2_LP_20251122_100201.mp3,it,1,Rehma,28519,pre,It's locked. I can open it.,5,6,1,1
grade1_profile28519_q2_LP_20251122_100201.mp3,locked,0,Rehma,28519,pre,It's locked. I can open it.,1,6,0,1
grade1_profile28519_q2_LP_20251122_100201.mp3,open,1,Rehma,28519,pre,It's locked. I can open it.,4,6,1,1
grade1_profile28519_q2_QK_20251122_100724.mp3,can,1,Rehma,28519,post,It's locked. I can open it.,3,6,1,1
grade1_profile28519_q2_QK_20251122_100724.mp3,i,1,Rehma,28519,post,It's locked. I can open it.,2,6,1,1
grade1_profile28519_q2_QK_20251122_100724.mp3,it,1,Rehma,28519,post,It's locked. I can open it.,5,6,1,1
grade1_profile28519_q2_QK_20251122_100724.mp3,it's,1,Rehma,28519,post,It's locked. I can open it.,0,6,0,0
grade1_profile28519_q2_QK_20251122_100724.mp3,locked,1,Rehma,28519,post,It's locked. I can open it.,1,6,0,0
grade1_profile28519_q2_QK_20251122_100724.mp3,open,1,Rehma,28519,post,It's locked. I can open it.,4,6,1,1
grade1_profile28519_q3_QK_20251122_101834.mp3,build,1,Rukhshan,28519,post,This is Zara. She loves to draw. This is Faiz. He loves to build things.,13,15,1,1
grade1_profile28519_q3_QK_20251122_101834.mp3,draw,1,Rukhshan,28519,post,This is Zara. She loves to draw. This is Faiz. He loves to build things.,6,15,1,1
grade1_profile28519_q3_QK_20251122_101834.mp3,faiz,1,Rukhshan,28519,post,This is Zara. She loves to draw. This is Faiz. He loves to build things.,9,15,0,0
grade1_profile28519_q3_QK_20251122_101834.mp3,he,0,Rukhshan,28519,post,This is Zara. She loves to draw. This is Faiz. He loves to build things.,10,15,1,0
grade1_profile28519_q3_QK_20251122_101834.mp3,is,1,Rukhshan,28519,post,This is Zara. She loves to draw. This is Faiz. He loves to build things.,1,15,1,1
grade1_profile28519_q3_QK_20251122_101834.mp3,loves,1,Rukhshan,28519,post,This is Zara. She loves to draw. This is Faiz. He loves to build things.,4,15,1,1
grade1_profile28519_q3_QK_20251122_101834.mp3,she,1,Rukhshan,28519,post,This is Zara. She loves to draw. This is Faiz. He loves to build things.,3,15,1,1
grade1_profile28519_q3_QK_20251122_101834.mp3,things,1,Rukhshan,28519,post,This is Zara. She loves to draw. This is Faiz. He loves to build things.,14,15,0,0
grade1_profile28519_q3_QK_20251122_101834.mp3,this,1,Rukhshan,28519,post,This is Zara. She loves to draw. This is Faiz. He loves to build things.,0,15,1,1
grade1_profile28519_q3_QK_20251122_101834.mp3,to,1,Rukhshan,28519,post,This is Zara. She loves to draw. This is Faiz. He loves to build things.,5,15,1,1
grade1_profile28519_q3_QK_20251122_101834.mp3,zara,1,Rukhshan,28519,post,This is Zara. She loves to draw. This is Faiz. He loves to build things.,2,15,1,1
grade1_profile30467_q2_LP_20251122_100201.mp3,can,1,Salman,30467,pre,It's locked. I can open it.,3,6,1,1
grade1_profile30467_q2_LP_20251122_100201.mp3,i,1,Salman,30467,pre,It's locked. I can open it.,2,6,1,1
grade1_profile30467_q2_LP_20251122_100201.mp3,it,1,Salman,30467,pre,It's locked. I can open it.,5,6,1,1
grade1_profile30467_q2_LP_20251122_100201.mp3,it's,1,Salman,30467,pre,It's locked. I can open it.,0,6,0,0
grade1_profile30467_q2_LP_20251122_100201.mp3,locked,1,Salman,30467,pre,It's locked. I can open it.,1,6,0,0
grade1_profile30467_q2_LP_20251122_100201.mp3,open,1,Salman,30467,pre,It's locked. I can open it.,4,6,1,1
grade1_profile30467_q2_QK_20251122_100724.mp3,can,1,Semal,30467,post,It's locked. I can open it.,3,6,1,1
grade1_profile30467_q2_QK_20251122_100724.mp3,i,1,Semal,30467,post,It's locked. I can open it.,2,6,1,1
grade1_profile30467_q2_QK_20251122_100724.mp3,it,1,Semal,30467,post,It's locked. I can open it.,5,6,1,1
grade1_profile30467_q2_QK_20251122_100724.mp3,it's,1,Semal,30467,post,It's locked. I can open it.,0,6,1,1
grade1_profile30467_q2_QK_20251122_100724.mp3,locked,0,Semal,30467,post,It's locked. I can open it.,1,6,0,1
grade1_profile30467_q2_QK_20251122_100724.mp3,open,1,Semal,30467,post,It's locked. I can open it.,4,6,1,1
grade1_profile30467_q3_LP_20251122_101304.mp3,build,1,Amna,30467,pre,This is Zara. She loves to draw. This is Faiz. He loves to build things.,13,15,0,0
grade1_profile30467_q3_LP_20251122_101304.mp3,draw,1,Amna,30467,pre,This is Zara. She loves to draw. This is Faiz. He loves to build things.,6,15,1,1
grade1_profile30467_q3_LP_20251122_101304.mp3,he,1,Amna,30467,pre,This is Zara. She loves to draw. This is Faiz. He loves to build things.,10,15,1,1
grade1_profile30467_q3_LP_20251122_101304.mp3,is,1,Amna,30467,pre,This is Zara. She loves to draw. This is Faiz. He loves to build things.,1,15,0,0
grade1_profile30467_q3_LP_20251122_101304.mp3,loves,1,Amna,30467,pre,This is Zara. She loves to draw. This is Faiz. He loves to build things.,4,15,1,1
grade1_profile30467_q3_LP_20251122_101304.mp3,she,1,Amna,30467,pre,This is Zara. She loves to draw. This is Faiz. He loves to build things.,3,15,1,1
grade1_profile30467_q3_LP_20251122_101304.mp3,things,1,Amna,30467,pre,This is Zara. She loves to draw. This is Faiz. He loves to build things.,14,15,0,0
grade1_profile30467_q3_LP_20251122_101304.mp3,this,1,Amna,30467,pre,This is Zara. She loves to draw. This is Faiz. He loves to build things.,0,15,1,1
grade1_profile30467_q3_LP_20251122_101304.mp3,to,1,Amna,30467,pre,This is Zara. She loves to draw. This is Faiz. He loves to build things.,5,15,1,1
grade1_profile30467_q3_LP_20251122_101304.mp3,zara,1,Amna,30467,pre,This is Zara. She loves to draw. This is Faiz. He loves to build things.,2,15,0,0
grade1_profile30467_q3_QK_20251122_101834.mp3,build,1,Semal,30467,post,This is Zara. She loves to draw. This is Faiz. He loves to build things.,13,15,1,1
grade1_profile30467_q3_QK_20251122_101834.mp3,draw,1,Semal,30467,post,This is Zara. She loves to draw. This is Faiz. He loves to build things.,6,15,1,1
grade1_profile30467_q3_QK_20251122_101834.mp3,faiz,1,Semal,30467,post,This is Zara. She loves to draw. This is Faiz. He loves to build things.,9,15,0,0
grade1_profile30467_q3_QK_20251122_101834.mp3,he,1,Semal,30467,post,This is Zara. She loves to draw. This is Faiz. He loves to build things.,10,15,1,1
grade1_profile30467_q3_QK_20251122_101834.mp3,is,1,Semal,30467,post,This is Zara. She loves to draw. This is Faiz. He loves to build things.,1,15,1,1
grade1_profile30467_q3_QK_20251122_101834.mp3,loves,1,Semal,30467,post,This is Zara. She loves to draw. This is Faiz. He loves to build things.,4,15,1,1
grade1_profile30467_q3_QK_20251122_101834.mp3,she,1,Semal,30467,post,This is Zara. She loves to draw. This is Faiz. He loves to build things.,3,15,1,1
grade1_profile30467_q3_QK_20251122_101834.mp3,things,1,Semal,30467,post,This is Zara. She loves to draw. This is Faiz. He loves to build things.,14,15,0,0
grade1_profile30467_q3_QK_20251122_101834.mp3,this,1,Semal,30467,post,This is Zara. She loves to draw. This is Faiz. He loves to build things.,0,15,1,1
grade1_profile30467_q3_QK_20251122_101834.mp3,to,1,Semal,30467,post,This is Zara. She loves to draw. This is Faiz. He loves to build things.,5,15,1,1
grade1_profile30467_q3_QK_20251122_101834.mp3,zara,1,Semal,30467,post,This is Zara. She loves to draw. This is Faiz. He loves to build things.,2,15,1,1
grade1_profile30472_q1_LP_20251122_095026.mp3,can,1,Amna,30472,pre,Come on. We can do it together.,3,7,1,1
grade1_profile30472_q1_LP_20251122_095026.mp3,come,0,Amna,30472,pre,Come on. We can do it together.,0,7,0,1
grade1_profile30472_q1_LP_20251122_095026.mp3,do,1,Amna,30472,pre,Come on. We can do it together.,4,7,1,1
grade1_profile30472_q1_LP_20251122_095026.mp3,it,1,Amna,30472,pre,Come on. We can do it together.,5,7,1,1
grade1_profile30472_q1_LP_20251122_095026.mp3,on,0,Amna,30472,pre,Come on. We can do it together.,1,7,0,1
grade1_profile30472_q1_LP_20251122_095026.mp3,we,1,Amna,30472,pre,Come on. We can do it together.,2,7,0,0
grade1_profile30472_q1_QK_20251122_095622.mp3,can,0,Dania,30472,post,Come on. We can do it together.,3,7,1,0
grade1_profile30472_q1_QK_20251122_095622.mp3,come,0,Dania,30472,post,Come on. We can do it together.,0,7,1,0
grade1_profile30472_q1_QK_20251122_095622.mp3,do,0,Dania,30472,post,Come on. We can do it together.,4,7,1,0
grade1_profile30472_q1_QK_20251122_095622.mp3,it,0,Dania,30472,post,Come on. We can do it together.,5,7,1,0
grade1_profile30472_q1_QK_20251122_095622.mp3,on,0,Dania,30472,post,Come on. We can do it together.,1,7,1,0
grade1_profile30472_q1_QK_20251122_095622.mp3,together,0,Dania,30472,post,Come on. We can do it together.,6,7,1,0
grade1_profile30472_q1_QK_20251122_095622.mp3,we,0,Dania,30472,post,Come on. We can do it together.,2,7,1,0
grade1_profile30472_q2_LP_20251122_100201.mp3,can,1,Dania,30472,pre,It's locked. I can open it.,3,6,1,1
grade1_profile30472_q2_LP_20251122_100201.mp3,i,1,Dania,30472,pre,It's locked. I can open it.,2,6,1,1
grade1_profile30472_q2_LP_20251122_100201.mp3,it,1,Dania,30472,pre,It's locked. I can open it.,5,6,1,1
grade1_profile30472_q2_LP_20251122_100201.mp3,it's,1,Dania,30472,pre,It's locked. I can open it.,0,6,1,1
grade1_profile30472_q2_LP_20251122_100201.mp3,locked,1,Dania,30472,pre,It's locked. I can open it.,1,6,0,0
grade1_profile30472_q2_QK_20251122_100724.mp3,can,1,Dania,30472,post,It's locked. I can open it.,3,6,1,1
grade1_profile30472_q2_QK_20251122_100724.mp3,i,1,Dania,30472,post,It's locked. I can open it.,2,6,1,1
grade1_profile30472_q2_QK_20251122_100724.mp3,it,1,Dania,30472,post,It's locked. I can open it.,5,6,1,1
grade1_profile30472_q2_QK_20251122_100724.mp3,it's,1,Dania,30472,post,It's locked. I can open it.,0,6,0,0
grade1_profile30472_q2_QK_20251122_100724.mp3,locked,1,Dania,30472,post,It's locked. I can open it.,1,6,0,0
grade1_profile30472_q2_QK_20251122_100724.mp3,open,1,Dania,30472,post,It's locked. I can open it.,4,6,1,1
grade1_profile30472_q3_LP_20251122_101304.mp3,draw,0,Amna,30472,pre,This is Zara. She loves to draw. This is Faiz. He loves to build things.,6,15,1,0
grade1_profile30472_q3_LP_20251122_101304.mp3,faiz,0,Amna,30472,pre,This is Zara. She loves to draw. This is Faiz. He loves to build things.,9,15,0,1
grade1_profile30472_q3_LP_20251122_101304.mp3,he,1,Amna,30472,pre,This is Zara. She loves to draw. This is Faiz. He loves to build things.,10,15,1,1
grade1_profile30472_q3_LP_20251122_101304.mp3,is,1,Amna,30472,pre,This is Zara. She loves to draw. This is Faiz. He loves to build things.,1,15,1,1
grade1_profile30472_q3_LP_20251122_101304.mp3,loves,0,Amna,30472,pre,This is Zara. She loves to draw. This is Faiz. He loves to build things.,4,15,1,0
grade1_profile30472_q3_LP_20251122_101304.mp3,she,1,Amna,30472,pre,This is Zara. She loves to draw. This is Faiz. He loves to build things.,3,15,1,1
grade1_profile30472_q3_LP_20251122_101304.mp3,this,1,Amna,30472,pre,This is Zara. She loves to draw. This is Faiz. He loves to build things.,0,15,1,1
grade1_profile30472_q3_LP_20251122_101304.mp3,to,1,Amna,30472,pre,This is Zara. She loves to draw. This is Faiz. He loves to build things.,5,15,1,1
grade1_profile30472_q3_LP_20251122_101304.mp3,zara,1,Amna,30472,pre,This is Zara. She loves to draw. This is Faiz. He loves to build things.,2,15,1,1
grade1_profile30472_q3_QK_20251122_101834.mp3,build,1,Rukhshan,30472,post,This is Zara. She loves to draw. This is Faiz. He loves to build things.,13,15,1,1
grade1_profile30472_q3_QK_20251122_101834.mp3,draw,1,Rukhshan,30472,post,This is Zara. She loves to draw. This is Faiz. He loves to build things.,6,15,1,1
grade1_profile30472_q3_QK_20251122_101834.mp3,faiz,1,Rukhshan,30472,post,This is Zara. She loves to draw. This is Faiz. He loves to build things.,9,15,1,1
grade1_profile30472_q3_QK_20251122_101834.mp3,he,1,Rukhshan,30472,post,This is Zara. She loves to draw. This is Faiz. He loves to build things.,10,15,1,1
grade1_profile30472_q3_QK_20251122_101834.mp3,is,1,Rukhshan,30472,post,This is Zara. She loves to draw. This is Faiz. He loves to build things.,1,15,1,1
grade1_profile30472_q3_QK_20251122_101834.mp3,loves,1,Rukhshan,30472,post,This is Zara. She loves to draw. This is Faiz. He loves to build things.,4,15,1,1
grade1_profile30472_q3_QK_20251122_101834.mp3,she,1,Rukhshan,30472,post,This is Zara. She loves to draw. This is Faiz. He loves to build things.,3,15,1,1
grade1_profile30472_q3_QK_20251122_101834.mp3,things,1,Rukhshan,30472,post,This is Zara. She loves to draw. This is Faiz. He loves to build things.,14,15,1,1
grade1_profile30472_q3_QK_20251122_101834.mp3,this,1,Rukhshan,30472,post,This is Zara. She loves to draw. This is Faiz. He loves to build things.,0,15,1,1
grade1_profile30472_q3_QK_20251122_101834.mp3,to,1,Rukhshan,30472,post,This is Zara. She loves to draw. This is Faiz. He loves to build things.,5,15,1,1
grade1_profile30472_q3_QK_20251122_101834.mp3,zara,1,Rukhshan,30472,post,This is Zara. She loves to draw. This is Faiz. He loves to build things.,2,15,1,1
grade1_profile30476_q1_LP_20251122_095026.mp3,can,1,Semal,30476,pre,Come on. We can do it together.,3,7,1,1
grade1_profile30476_q1_LP_20251122_095026.mp3,come,1,Semal,30476,pre,Come on. We can do it together.,0,7,0,0
grade1_profile30476_q1_LP_20251122_095026.mp3,do,1,Semal,30476,pre,Come on. We can do it together.,4,7,1,1
grade1_profile30476_q1_LP_20251122_095026.mp3,it,1,Semal,30476,pre,Come on. We can do it together.,5,7,1,1
grade1_profile30476_q1_LP_20251122_095026.mp3,on,0,Semal,30476,pre,Come on. We can do it together.,1,7,0,1
grade1_profile30476_q1_LP_20251122_095026.mp3,together,0,Semal,30476,pre,Come on. We can do it together.,6,7,1,0
grade1_profile30476_q1_LP_20251122_095026.mp3,we,1,Semal,30476,pre,Come on. We can do it together.,2,7,0,0
grade1_profile30476_q1_QK_20251122_095622.mp3,can,1,Rehma,30476,post,Come on. We can do it together.,3,7,1,1
grade1_profile30476_q1_QK_20251122_095622.mp3,come,1,Rehma,30476,post,Come on. We can do it together.,0,7,1,1
grade1_profile30476_q1_QK_20251122_095622.mp3,do,1,Rehma,30476,post,Come on. We can do it together.,4,7,1,1
grade1_profile30476_q1_QK_20251122_095622.mp3,it,1,Rehma,30476,post,Come on. We can do it together.,5,7,1,1
grade1_profile30476_q1_QK_20251122_095622.mp3,on,0,Rehma,30476,post,Come on. We can do it together.,1,7,0,1
grade1_profile30476_q1_QK_20251122_095622.mp3,together,0,Rehma,30476,post,Come on. We can do it together.,6,7,1,0
grade1_profile30476_q1_QK_20251122_095622.mp3,we,1,Rehma,30476,post,Come on. We can do it together.,2,7,1,1
grade1_profile30476_q2_LP_20251122_100201.mp3,can,1,Ali,30476,pre,It's locked. I can open it.,3,6,1,1
grade1_profile30476_q2_LP_20251122_100201.mp3,i,1,Ali,30476,pre,It's locked. I can open it.,2,6,1,1
grade1_profile30476_q2_LP_20251122_100201.mp3,it,1,Ali,30476,pre,It's locked. I can open it.,5,6,1,1
grade1_profile30476_q2_LP_20251122_100201.mp3,it's,1,Ali,30476,pre,It's locked. I can open it.,0,6,1,1
grade1_profile30476_q2_LP_20251122_100201.mp3,locked,1,Ali,30476,pre,It's locked. I can open it.,1,6,0,0
grade1_profile30476_q2_LP_20251122_100201.mp3,open,1,Ali,30476,pre,It's locked. I can open it.,4,6,1,1
grade1_profile30476_q2_QK_20251122_100724.mp3,can,1,Dania,30476,post,It's locked. I can open it.,3,6,1,1
grade1_profile30476_q2_QK_20251122_100724.mp3,i,1,Dania,30476,post,It's locked. I can open it.,2,6,1,1
grade1_profile30476_q2_QK_20251122_100724.mp3,it,1,Dania,30476,post,It's locked. I can open it.,5,6,1,1
grade1_profile30476_q2_QK_20251122_100724.mp3,it's,1,Dania,30476,post,It's locked. I can open it.,0,6,1,1
grade1_profile30476_q2_QK_20251122_100724.mp3,locked,0,Dania,30476,post,It's locked. I can open it.,1,6,0,1
grade1_profile30476_q2_QK_20251122_100724.mp3,open,1,Dania,30476,post,It's locked. I can open it.,4,6,1,1
grade1_profile30476_q3_LP_20251122_101304.mp3,build,1,Amna,30476,pre,This is Zara. She loves to draw. This is Faiz. He loves to build things.,13,15,1,1
grade1_profile30476_q3_LP_20251122_101304.mp3,draw,1,Amna,30476,pre,This is Zara. She loves to draw. This is Faiz. He loves to build things.,6,15,0,0
grade1_profile30476_q3_LP_20251122_101304.mp3,faiz,0,Amna,30476,pre,This is Zara. She loves to draw. This is Faiz. He loves to build things.,9,15,0,1
grade1_profile30476_q3_LP_20251122_101304.mp3,he,1,Amna,30476,pre,This is Zara. She loves to draw. This is Faiz. He loves to build things.,10,15,1,1
grade1_profile30476_q3_LP_20251122_101304.mp3,is,1,Amna,30476,pre,This is Zara. She loves to draw. This is Faiz. He loves to build things.,1,15,1,1
grade1_profile30476_q3_LP_20251122_101304.mp3,loves,1,Amna,30476,pre,This is Zara. She loves to draw. This is Faiz. He loves to build things.,4,15,1,1
grade1_profile30476_q3_LP_20251122_101304.mp3,she,1,Amna,30476,pre,This is Zara. She loves to draw. This is Faiz. He loves to build things.,3,15,1,1
grade1_profile30476_q3_LP_20251122_101304.mp3,things,1,Amna,30476,pre,This is Zara. She loves to draw. This is Faiz. He loves to build things.,14,15,1,1
grade1_profile30476_q3_LP_20251122_101304.mp3,this,1,Amna,30476,pre,This is Zara. She loves to draw. This is Faiz. He loves to build things.,0,15,1,1
grade1_profile30476_q3_LP_20251122_101304.mp3,to,1,Amna,30476,pre,This is Zara. She loves to draw. This is Faiz. He loves to build things.,5,15,0,0
grade1_profile30476_q3_LP_20251122_101304.mp3,zara,1,Amna,30476,pre,This is Zara. She loves to draw. This is Faiz. He loves to build things.,2,15,0,0
grade1_profile30476_q3_QK_20251122_101834.mp3,draw,1,Amna,30476,post,This is Zara. She loves to draw. This is Faiz. He loves to build things.,6,15,1,1
grade1_profile30476_q3_QK_20251122_101834.mp3,faiz,1,Amna,30476,post,This is Zara. She loves to draw. This is Faiz. He loves to build things.,9,15,0,0
grade1_profile30476_q3_QK_20251122_101834.mp3,he,1,Amna,30476,post,This is Zara. She loves to draw. This is Faiz. He loves to build things.,10,15,1,1
grade1_profile30476_q3_QK_20251122_101834.mp3,is,1,Amna,30476,post,This is Zara. She loves to draw. This is Faiz. He loves to build things.,1,15,1,1
grade1_profile30476_q3_QK_20251122_101834.mp3,loves,1,Amna,30476,post,This is Zara. She loves to draw. This is Faiz. He loves to build things.,4,15,1,1
grade1_profile30476_q3_QK_20251122_101834.mp3,she,1,Amna,30476,post,This is Zara. She loves to draw. This is Faiz. He loves to build things.,3,15,1,1
grade1_profile30476_q3_QK_20251122_101834.mp3,things,1,Amna,30476,post,This is Zara. She loves to draw. This is Faiz. He loves to build things.,14,15,0,0
grade1_profile30476_q3_QK_20251122_101834.mp3,this,1,Amna,30476,post,This is Zara. She loves to draw. This is Faiz. He loves to build things.,0,15,1,1
grade1_profile30476_q3_QK_20251122_101834.mp3,to,1,Amna,30476,post,This is Zara. She loves to draw. This is Faiz. He loves to build things.,5,15,1,1
grade1_profile30476_q3_QK_20251122_101834.mp3,zara,1,Amna,30476,post,This is Zara. She loves to draw. This is Faiz. He loves to build things.,2,15,0,0
grade1_profile30481_q1_LP_20251122_095026.mp3,can,1,Ali,30481,pre,Come on. We can do it together.,3,7,1,1
grade1_profile30481_q1_LP_20251122_095026.mp3,come,1,Ali,30481,pre,Come on. We can do it together.,0,7,0,0
grade1_profile30481_q1_LP_20251122_095026.mp3,do,1,Ali,30481,pre,Come on. We can do it together.,4,7,1,1
grade1_profile30481_q1_LP_20251122_095026.mp3,it,1,Ali,30481,pre,Come on. We can do it together.,5,7,1,1
grade1_profile30481_q1_LP_20251122_095026.mp3,on,1,Ali,30481,pre,Come on. We can do it together.,1,7,0,0
grade1_profile30481_q1_LP_20251122_095026.mp3,together,1,Ali,30481,pre,Come on. We can do it together.,6,7,0,0
grade1_profile30481_q1_LP_20251122_095026.mp3,we,0,Ali,30481,pre,Come on. We can do it together.,2,7,0,1
grade1_profile30481_q1_QK_20251122_095622.mp3,can,1,Semal,30481,post,Come on. We can do it together.,3,7,0,0
grade1_profile30481_q1_QK_20251122_095622.mp3,come,1,Semal,30481,post,Come on. We can do it together.,0,7,0,0
grade1_profile30481_q1_QK_20251122_095622.mp3,do,1,Semal,30481,post,Come on. We can do it together.,4,7,1,1
grade1_profile30481_q1_QK_20251122_095622.mp3,it,1,Semal,30481,post,Come on. We can do it together.,5,7,1,1
grade1_profile30481_q1_QK_20251122_095622.mp3,on,1,Semal,30481,post,Come on. We can do it together.,1,7,0,0
grade1_profile30481_q1_QK_20251122_095622.mp3,together,1,Semal,30481,post,Come on. We can do it together.,6,7,1,1
grade1_profile30481_q1_QK_20251122_095622.mp3,we,1,Semal,30481,post,Come on. We can do it together.,2,7,1,1
grade1_profile30481_q2_LP_20251122_100201.mp3,can,1,Ali,30481,pre,It's locked. I can open it.,3,6,1,1
grade1_profile30481_q2_LP_20251122_100201.mp3,i,1,Ali,30481,pre,It's locked. I can open it.,2,6,1,1
grade1_profile30481_q2_LP_20251122_100201.mp3,it,1,Ali,30481,pre,It's locked. I can open it.,5,6,1,1
grade1_profile30481_q2_LP_20251122_100201.mp3,it's,1,Ali,30481,pre,It's locked. I can open it.,0,6,0,0
grade1_profile30481_q2_LP_20251122_100201.mp3,locked,1,Ali,30481,pre,It's locked. I can open it.,1,6,0,0
grade1_profile30481_q2_LP_20251122_100201.mp3,open,1,Ali,30481,pre,It's locked. I can open it.,4,6,1,1
grade1_profile30481_q2_QK_20251122_100724.mp3,can,1,Amna,30481,post,It's locked. I can open it.,3,6,1,1
grade1_profile30481_q2_QK_20251122_100724.mp3,i,1,Amna,30481,post,It's locked. I can open it.,2,6,1,1
grade1_profile30481_q2_QK_20251122_100724.mp3,it,1,Amna,30481,post,It's locked. I can open it.,5,6,1,1
grade1_profile30481_q2_QK_20251122_100724.mp3,it's,1,Amna,30481,post,It's locked. I can open it.,0,6,1,1
grade1_profile30481_q2_QK_20251122_100724.mp3,locked,1,Amna,30481,post,It's locked. I can open it.,1,6,0,0
grade1_profile30481_q2_QK_20251122_100724.mp3,open,1,Amna,30481,post,It's locked. I can open it.,4,6,1,1
grade1_profile30481_q3_QK_20251122_101834.mp3,build,1,Rehma,30481,post,This is Zara. She loves to draw. This is Faiz. He loves to build things.,13,15,1,1
grade1_profile30481_q3_QK_20251122_101834.mp3,draw,0,Rehma,30481,post,This is Zara. She loves to draw. This is Faiz. He loves to build things.,6,15,1,0
grade1_profile30481_q3_QK_20251122_101834.mp3,faiz,0,Rehma,30481,post,This is Zara. She loves to draw. This is Faiz. He loves to build things.,9,15,0,1
grade1_profile30481_q3_QK_20251122_101834.mp3,he,1,Rehma,30481,post,This is Zara. She loves to draw. This is Faiz. He loves to build things.,10,15,1,1
grade1_profile30481_q3_QK_20251122_101834.mp3,is,1,Rehma,30481,post,This is Zara. She loves to draw. This is Faiz. He loves to build things.,1,15,1,1
grade1_profile30481_q3_QK_20251122_101834.mp3,loves,1,Rehma,30481,post,This is Zara. She loves to draw. This is Faiz. He loves to build things.,4,15,1,1
grade1_profile30481_q3_QK_20251122_101834.mp3,she,1,Rehma,30481,post,This is Zara. She loves to draw. This is Faiz. He loves to build things.,3,15,0,0
grade1_profile30481_q3_QK_20251122_101834.mp3,things,0,Rehma,30481,post,This is Zara. She loves to draw. This is Faiz. He loves to build things.,14,15,0,1
grade1_profile30481_q3_QK_20251122_101834.mp3,this,1,Rehma,30481,post,This is Zara. She loves to draw. This is Faiz. He loves to build things.,0,15,1,1
grade1_profile30481_q3_QK_20251122_101834.mp3,to,1,Rehma,30481,post,This is Zara. She loves to draw. This is Faiz. He loves to build things.,5,15,0,0
grade1_profile30481_q3_QK_20251122_101834.mp3,zara,0,Rehma,30481,post,This is Zara. She loves to draw. This is Faiz. He loves to build things.,2,15,0,1
grade1_profile30482_q1_LP_20251122_095026.mp3,can,0,Semal,30482,pre,Come on. We can do it together.,3,7,0,1
grade1_profile30482_q1_LP_20251122_095026.mp3,come,1,Semal,30482,pre,Come on. We can do it together.,0,7,0,0
grade1_profile30482_q1_LP_20251122_095026.mp3,do,1,Semal,30482,pre,Come on. We can do it together.,4,7,0,0
grade1_profile30482_q1_LP_20251122_095026.mp3,it,0,Semal,30482,pre,Come on. We can do it together.,5,7,1,0
grade1_profile30482_q1_LP_20251122_095026.mp3,on,1,Semal,30482,pre,Come on. We can do it together.,1,7,0,0
grade1_profile30482_q1_LP_20251122_095026.mp3,together,1,Semal,30482,pre,Come on. We can do it together.,6,7,0,0
grade1_profile30482_q1_LP_20251122_095026.mp3,we,1,Semal,30482,pre,Come on. We can do it together.,2,7,0,0
grade1_profile30482_q1_QK_20251122_095622.mp3,can,1,Semal,30482,post,Come on. We can do it together.,3,7,1,1
grade1_profile30482_q1_QK_20251122_095622.mp3,come,1,Semal,30482,post,Come on. We can do it together.,0,7,0,0
grade1_profile30482_q1_QK_20251122_095622.mp3,do,1,Semal,30482,post,Come on. We can do it together.,4,7,1,1
grade1_profile30482_q1_QK_20251122_095622.mp3,it,1,Semal,30482,post,Come on. We can do it together.,5,7,1,1
grade1_profile30482_q1_QK_20251122_095622.mp3,on,1,Semal,30482,post,Come on. We can do it together.,1,7,1,1
grade1_profile30482_q1_QK_20251122_095622.mp3,together,1,Semal,30482,post,Come on. We can do it together.,6,7,0,0
grade1_profile30482_q1_QK_20251122_095622.mp3,we,1,Semal,30482,post,Come on. We can do it together.,2,7,1,1
grade1_profile30482_q2_LP_20251122_100201.mp3,can,1,Dania,30482,pre,It's locked. I can open it.,3,6,1,1
grade1_profile30482_q2_LP_20251122_100201.mp3,i,1,Dania,30482,pre,It's locked. I can open it.,2,6,1,1
grade1_profile30482_q2_LP_20251122_100201.mp3,it,1,Dania,30482,pre,It's locked. I can open it.,5,6,1,1
grade1_profile30482_q2_LP_20251122_100201.mp3,it's,0,Dania,30482,pre,It's locked. I can open it.,0,6,0,1
grade1_profile30482_q2_LP_20251122_100201.mp3,locked,0,Dania,30482,pre,It's locked. I can open it.,1,6,0,1
grade1_profile30482_q2_LP_20251122_100201.mp3,open,1,Dania,30482,pre,It's locked. I can open it.,4,6,1,1
grade1_profile30482_q2_QK_20251122_100724.mp3,can,1,Semal,30482,post,It's locked. I can open it.,3,6,1,1
grade1_profile30482_q2_QK_20251122_100724.mp3,i,1,Semal,30482,post,It's locked. I can open it.,2,6,1,1
grade1_profile30482_q2_QK_20251122_100724.mp3,it's,1,Semal,30482,post,It's locked. I can open it.,0,6,1,1
grade1_profile30482_q2_QK_20251122_100724.mp3,locked,0,Semal,30482,post,It's locked. I can open it.,1,6,0,1
grade1_profile30482_q2_QK_20251122_100724.mp3,open,1,Semal,30482,post,It's locked. I can open it.,4,6,0,0
grade1_profile30482_q3_LP_20251122_101304.mp3,build,0,Semal,30482,pre,This is Zara. She loves to draw. This is Faiz. He loves to build things.,13,15,0,1
grade1_profile30482_q3_LP_20251122_101304.mp3,faiz,1,Semal,30482,pre,This is Zara. She loves to draw. This is Faiz. He loves to build things.,9,15,0,0
grade1_profile30482_q3_LP_20251122_101304.mp3,he,1,Semal,30482,pre,This is Zara. She loves to draw. This is Faiz. He loves to build things.,10,15,0,0
grade1_profile30482_q3_LP_20251122_101304.mp3,is,1,Semal,30482,pre,This is Zara. She loves to draw. This is Faiz. He loves to build things.,1,15,1,1
grade1_profile30482_q3_LP_20251122_101304.mp3,loves,0,Semal,30482,pre,This is Zara. She loves to draw. This is Faiz. He loves to build things.,4,15,1,0
grade1_profile30482_q3_LP_20251122_101304.mp3,things,0,Semal,30482,pre,This is Zara. She loves to draw. This is Faiz. He loves to build things.,14,15,0,1
grade1_profile30482_q3_LP_20251122_101304.mp3,this,0,Semal,30482,pre,This is Zara. She loves to draw. This is Faiz. He loves to build things.,0,15,1,0
grade1_profile30482_q3_LP_20251122_101304.mp3,to,0,Semal,30482,pre,This is Zara. She loves to draw. This is Faiz. He loves to build things.,5,15,0,1
grade1_profile30482_q3_QK_20251122_101834.mp3,build,1,Dania,30482,post,This is Zara. She loves to draw. This is Faiz. He loves to build things.,13,15,1,1
grade1_profile30482_q3_QK_20251122_101834.mp3,draw,1,Dania,30482,post,This is Zara. She loves to draw. This is Faiz. He loves to build things.,6,15,1,1
grade1_profile30482_q3_QK_20251122_101834.mp3,faiz,1,Dania,30482,post,This is Zara. She loves to draw. This is Faiz. He loves to build things.,9,15,0,0
grade1_profile30482_q3_QK_20251122_101834.mp3,he,1,Dania,30482,post,This is Zara. She loves to draw. This is Faiz. He loves to build things.,10,15,1,1
grade1_profile30482_q3_QK_20251122_101834.mp3,is,1,Dania,30482,post,This is Zara. She loves to draw. This is Faiz. He loves to build things.,1,15,1,1
grade1_profile30482_q3_QK_20251122_101834.mp3,loves,1,Dania,30482,post,This is Zara. She loves to draw. This is Faiz. He loves to build things.,4,15,0,0
grade1_profile30482_q3_QK_20251122_101834.mp3,she,1,Dania,30482,post,This is Zara. She loves to draw. This is Faiz. He loves to build things.,3,15,1,1
grade1_profile30482_q3_QK_20251122_101834.mp3,this,1,Dania,30482,post,This is Zara. She loves to draw. This is Faiz. He loves to build things.,0,15,1,1
grade1_profile30482_q3_QK_20251122_101834.mp3,to,1,Dania,30482,post,This is Zara. She loves to draw. This is Faiz. He loves to build things.,5,15,1,1
grade1_profile30482_q3_QK_20251122_101834.mp3,zara,1,Dania,30482,post,This is Zara. She loves to draw. This is Faiz. He loves to build things.,2,15,1,1
grade1_profile30485_q1_LP_20251122_095026.mp3,can,0,Semal,30485,pre,Come on. We can do it together.,3,7,1,0
grade1_profile30485_q1_LP_20251122_095026.mp3,come,1,Semal,30485,pre,Come on. We can do it together.,0,7,1,1
grade1_profile30485_q1_LP_20251122_095026.mp3,do,1,Semal,30485,pre,Come on. We can do it together.,4,7,1,1
grade1_profile30485_q1_LP_20251122_095026.mp3,it,0,Semal,30485,pre,Come on. We can do it together.,5,7,1,0
grade1_profile30485_q1_LP_20251122_095026.mp3,on,1,Semal,30485,pre,Come on. We can do it together.,1,7,1,1
grade1_profile30485_q1_LP_20251122_095026.mp3,together,0,Semal,30485,pre,Come on. We can do it together.,6,7,0,1
grade1_profile30485_q1_LP_20251122_095026.mp3,we,1,Semal,30485,pre,Come on. We can do it together.,2,7,1,1
grade1_profile30485_q1_QK_20251122_095622.mp3,can,1,Amna,30485,post,Come on. We can do it together.,3,7,1,1
grade1_profile30485_q1_QK_20251122_095622.mp3,come,1,Amna,30485,post,Come on. We can do it together.,0,7,1,1
grade1_profile30485_q1_QK_20251122_095622.mp3,do,1,Amna,30485,post,Come on. We can do it together.,4,7,1,1
grade1_profile30485_q1_QK_20251122_095622.mp3,it,1,Amna,30485,post,Come on. We can do it together.,5,7,1,1
grade1_profile30485_q1_QK_20251122_095622.mp3,on,1,Amna,30485,post,Come on. We can do it together.,1,7,1,1
grade1_profile30485_q1_QK_20251122_095622.mp3,together,1,Amna,30485,post,Come on. We can do it together.,6,7,1,1
grade1_profile30485_q1_QK_20251122_095622.mp3,we,0,Amna,30485,post,Come on. We can do it together.,2,7,0,1
grade1_profile30485_q2_LP_20251122_100201.mp3,can,1,Rukhshan,30485,pre,It's locked. I can open it.,3,6,1,1
grade1_profile30485_q2_LP_20251122_100201.mp3,i,1,Rukhshan,30485,pre,It's locked. I can open it.,2,6,1,1
grade1_profile30485_q2_LP_20251122_100201.mp3,it,1,Rukhshan,30485,pre,It's locked. I can open it.,5,6,1,1
grade1_profile30485_q2_LP_20251122_100201.mp3,it's,0,Rukhshan,30485,pre,It's locked. I can open it.,0,6,0,1
grade1_profile30485_q2_LP_20251122_100201.mp3,locked,0,Rukhshan,30485,pre,It's locked. I can open it.,1,6,0,1
grade1_profile30485_q2_LP_20251122_100201.mp3,open,1,Rukhshan,30485,pre,It's locked. I can open it.,4,6,1,1
grade1_profile30485_q2_QK_20251122_100724.mp3,can,1,Rehma,30485,post,It's locked. I can open it.,3,6,1,1
grade1_profile30485_q2_QK_20251122_100724.mp3,i,1,Rehma,30485,post,It's locked. I can open it.,2,6,1,1
grade1_profile30485_q2_QK_20251122_100724.mp3,it,0,Rehma,30485,post,It's locked. I can open it.,5,6,1,0
grade1_profile30485_q2_QK_20251122_100724.mp3,it's,0,Rehma,30485,post,It's locked. I can open it.,0,6,0,1
grade1_profile30485_q2_QK_20251122_100724.mp3,locked,0,Rehma,30485,post,It's locked. I can open it.,1,6,0,1
grade1_profile30485_q2_QK_20251122_100724.mp3,open,1,Rehma,30485,post,It's locked. I can open it.,4,6,0,0
grade1_profile30485_q3_LP_20251122_101304.mp3,build,0,Rukhshan,30485,pre,This is Zara. She loves to draw. This is Faiz. He loves to build things.,13,15,0,1
grade1_profile30485_q3_LP_20251122_101304.mp3,faiz,0,Rukhshan,30485,pre,This is Zara. She loves to draw. This is Faiz. He loves to build things.,9,15,1,0
grade1_profile30485_q3_LP_20251122_101304.mp3,he,1,Rukhshan,30485,pre,This is Zara. She loves to draw. This is Faiz. He loves to build things.,10,15,1,1
grade1_profile30485_q3_LP_20251122_101304.mp3,is,1,Rukhshan,30485,pre,This is Zara. She loves to draw. This is Faiz. He loves to build things.,1,15,1,1
grade1_profile30485_q3_LP_20251122_101304.mp3,loves,1,Rukhshan,30485,pre,This is Zara. She loves to draw. This is Faiz. He loves to build things.,4,15,1,1
grade1_profile30485_q3_LP_20251122_101304.mp3,she,1,Rukhshan,30485,pre,This is Zara. She loves to draw. This is Faiz. He loves to build things.,3,15,1,1
grade1_profile30485_q3_LP_20251122_101304.mp3,things,1,Rukhshan,30485,pre,This is Zara. She loves to draw. This is Faiz. He loves to build things.,14,15,1,1
grade1_profile30485_q3_LP_20251122_101304.mp3,this,1,Rukhshan,30485,pre,This is Zara. She loves to draw. This is Faiz. He loves to build things.,0,15,1,1
grade1_profile30485_q3_LP_20251122_101304.mp3,to,1,Rukhshan,30485,pre,This is Zara. She loves to draw. This is Faiz. He loves to build things.,5,15,1,1
grade1_profile30485_q3_LP_20251122_101304.mp3,zara,0,Rukhshan,30485,pre,This is Zara. She loves to draw. This is Faiz. He loves to build things.,2,15,1,0
grade1_profile30485_q3_QK_20251122_101834.mp3,draw,1,Amna,30485,post,This is Zara. She loves to draw. This is Faiz. He loves to build things.,6,15,0,0
grade1_profile30485_q3_QK_20251122_101834.mp3,faiz,1,Amna,30485,post,This is Zara. She loves to draw. This is Faiz. He loves to build things.,9,15,0,0
grade1_profile30485_q3_QK_20251122_101834.mp3,he,1,Amna,30485,post,This is Zara. She loves to draw. This is Faiz. He loves to build things.,10,15,0,0
grade1_profile30485_q3_QK_20251122_101834.mp3,is,1,Amna,30485,post,This is Zara. She loves to draw. This is Faiz. He loves to build things.,1,15,1,1
grade1_profile30485_q3_QK_20251122_101834.mp3,loves,0,Amna,30485,post,This is Zara. She loves to draw. This is Faiz. He loves to build things.,4,15,1,0
grade1_profile30485_q3_QK_20251122_101834.mp3,things,0,Amna,30485,post,This is Zara. She loves to draw. This is Faiz. He loves to build things.,14,15,1,0
grade1_profile30485_q3_QK_20251122_101834.mp3,this,1,Amna,30485,post,This is Zara. She loves to draw. This is Faiz. He loves to build things.,0,15,1,1
grade1_profile30485_q3_QK_20251122_101834.mp3,to,1,Amna,30485,post,This is Zara. She loves to draw. This is Faiz. He loves to build things.,5,15,1,1
grade1_profile30485_q3_QK_20251122_101834.mp3,zara,1,Amna,30485,post,This is Zara. She loves to draw. This is Faiz. He loves to build things.,2,15,0,0
grade1_profile30490_q1_LP_20251122_095026.mp3,can,1,Dania,30490,pre,Come on. We can do it together.,3,7,0,0
grade1_profile30490_q1_LP_20251122_095026.mp3,come,1,Dania,30490,pre,Come on. We can do it together.,0,7,1,1
grade1_profile30490_q1_LP_20251122_095026.mp3,do,1,Dania,30490,pre,Come on. We can do it together.,4,7,1,1
grade1_profile30490_q1_LP_20251122_095026.mp3,it,1,Dania,30490,pre,Come on. We can do it together.,5,7,1,1
grade1_profile30490_q1_LP_20251122_095026.mp3,on,1,Dania,30490,pre,Come on. We can do it together.,1,7,1,1
grade1_profile30490_q1_LP_20251122_095026.mp3,together,1,Dania,30490,pre,Come on. We can do it together.,6,7,0,0
grade1_profile30490_q1_LP_20251122_095026.mp3,we,1,Dania,30490,pre,Come on. We can do it together.,2,7,0,0
grade1_profile30490_q1_QK_20251122_095622.mp3,can,1,Ali,30490,post,Come on. We can do it together.,3,7,1,1
grade1_profile30490_q1_QK_20251122_095622.mp3,come,1,Ali,30490,post,Come on. We can do it together.,0,7,1,1
grade1_profile30490_q1_QK_20251122_095622.mp3,do,1,Ali,30490,post,Come on. We can do it together.,4,7,1,1
grade1_profile30490_q1_QK_20251122_095622.mp3,it,1,Ali,30490,post,Come on. We can do it together.,5,7,1,1
grade1_profile30490_q1_QK_20251122_095622.mp3,on,1,Ali,30490,post,Come on. We can do it together.,1,7,1,1
grade1_profile30490_q1_QK_20251122_095622.mp3,together,1,Ali,30490,post,Come on. We can do it together.,6,7,1,1
grade1_profile30490_q1_QK_20251122_095622.mp3,we,1,Ali,30490,post,Come on. We can do it together.,2,7,1,1
grade1_profile30490_q2_LP_20251122_100201.mp3,can,1,Ali,30490,pre,It's locked. I can open it.,3,6,1,1
grade1_profile30490_q2_LP_20251122_100201.mp3,i,1,Ali,30490,pre,It's locked. I can open it.,2,6,1,1
grade1_profile30490_q2_LP_20251122_100201.mp3,it,1,Ali,30490,pre,It's locked. I can open it.,5,6,1,1
grade1_profile30490_q2_LP_20251122_100201.mp3,it's,1,Ali,30490,pre,It's locked. I can open it.,0,6,1,1
grade1_profile30490_q2_LP_20251122_100201.mp3,locked,0,Ali,30490,pre,It's locked. I can open it.,1,6,0,1
grade1_profile30490_q2_LP_20251122_100201.mp3,open,1,Ali,30490,pre,It's locked. I can open it.,4,6,1,1
grade1_profile30490_q2_QK_20251122_100724.mp3,can,1,Semal,30490,post,It's locked. I can open it.,3,6,1,1
grade1_profile30490_q2_QK_20251122_100724.mp3,i,1,Semal,30490,post,It's locked. I can open it.,2,6,1,1
grade1_profile30490_q2_QK_20251122_100724.mp3,it,1,Semal,30490,post,It's locked. I can open it.,5,6,1,1
grade1_profile30490_q2_QK_20251122_100724.mp3,it's,0,Semal,30490,post,It's locked. I can open it.,0,6,1,0
grade1_profile30490_q2_QK_20251122_100724.mp3,locked,0,Semal,30490,post,It's locked. I can open it.,1,6,0,1
grade1_profile30490_q2_QK_20251122_100724.mp3,open,1,Semal,30490,post,It's locked. I can open it.,4,6,1,1
grade1_profile30490_q3_LP_20251122_101304.mp3,build,0,Rukhshan,30490,pre,This is Zara. She loves to draw. This is Faiz. He loves to build things.,13,15,1,0
grade1_profile30490_q3_LP_20251122_101304.mp3,draw,0,Rukhshan,30490,pre,This is Zara. She loves to draw. This is Faiz. He loves to build things.,6,15,0,1
grade1_profile30490_q3_LP_20251122_101304.mp3,faiz,1,Rukhshan,30490,pre,This is Zara. She loves to draw. This is Faiz. He loves to build things.,9,15,0,0
grade1_profile30490_q3_LP_20251122_101304.mp3,he,1,Rukhshan,30490,pre,This is Zara. She loves to draw. This is Faiz. He loves to build things.,10,15,0,0
grade1_profile30490_q3_LP_20251122_101304.mp3,is,1,Rukhshan,30490,pre,This is Zara. She loves to draw. This is Faiz. He loves to build things.,1,15,1,1
grade1_profile30490_q3_LP_20251122_101304.mp3,loves,0,Rukhshan,30490,pre,This is Zara. She loves to draw. This is Faiz. He loves to build things.,4,15,1,0
grade1_profile30490_q3_LP_20251122_101304.mp3,she,1,Rukhshan,30490,pre,This is Zara. She loves to draw. This is Faiz. He loves to build things.,3,15,0,0
grade1_profile30490_q3_LP_20251122_101304.mp3,things,1,Rukhshan,30490,pre,This is Zara. She loves to draw. This is Faiz. He loves to build things.,14,15,0,0
grade1_profile30490_q3_LP_20251122_101304.mp3,this,1,Rukhshan,30490,pre,This is Zara. She loves to draw. This is Faiz. He loves to build things.,0,15,1,1
grade1_profile30490_q3_LP_20251122_101304.mp3,to,1,Rukhshan,30490,pre,This is Zara. She loves to draw. This is Faiz. He loves to build things.,5,15,0,0
grade1_profile30490_q3_LP_20251122_101304.mp3,zara,1,Rukhshan,30490,pre,This is Zara. She loves to draw. This is Faiz. He loves to build things.,2,15,0,0
grade1_profile30490_q3_QK_20251122_101834.mp3,build,0,Semal,30490,post,This is Zara. She loves to draw. This is Faiz. He loves to build things.,13,15,1,0
grade1_profile30490_q3_QK_20251122_101834.mp3,draw,0,Semal,30490,post,This is Zara. She loves to draw. This is Faiz. He loves to build things.,6,15,1,0
grade1_profile30490_q3_QK_20251122_101834.mp3,faiz,1,Semal,30490,post,This is Zara. She loves to draw. This is Faiz. He loves to build things.,9,15,0,0
grade1_profile30490_q3_QK_20251122_101834.mp3,he,1,Semal,30490,post,This is Zara. She loves to draw. This is Faiz. He loves to build things.,10,15,1,1
grade1_profile30490_q3_QK_20251122_101834.mp3,is,1,Semal,30490,post,This is Zara. She loves to draw. This is Faiz. He loves to build things.,1,15,1,1
grade1_profile30490_q3_QK_20251122_101834.mp3,loves,1,Semal,30490,post,This is Zara. She loves to draw. This is Faiz. He loves to build things.,4,15,1,1
grade1_profile30490_q3_QK_20251122_101834.mp3,she,1,Semal,30490,post,This is Zara. She loves to draw. This is Faiz. He loves to build things.,3,15,1,1
grade1_profile30490_q3_QK_20251122_101834.mp3,things,0,Semal,30490,post,This is Zara. She loves to draw. This is Faiz. He loves to build things.,14,15,0,1
grade1_profile30490_q3_QK_20251122_101834.mp3,this,1,Semal,30490,post,This is Zara. She loves to draw. This is Faiz. He loves to build things.,0,15,1,1
grade1_profile30490_q3_QK_20251122_101834.mp3,to,1,Semal,30490,post,This is Zara. She loves to draw. This is Faiz. He loves to build things.,5,15,1,1
grade1_profile30490_q3_QK_20251122_101834.mp3,zara,1,Semal,30490,post,This is Zara. She loves to draw. This is Faiz. He loves to build things.,2,15,1,1
grade1_profile30496_q1_LP_20251122_095026.mp3,can,1,Salman,30496,pre,Come on. We can do it together.,3,7,1,1
grade1_profile30496_q1_LP_20251122_095026.mp3,come,1,Salman,30496,pre,Come on. We can do it together.,0,7,1,1
grade1_profile30496_q1_LP_20251122_095026.mp3,do,1,Salman,30496,pre,Come on. We can do it together.,4,7,1,1
grade1_profile30496_q1_LP_20251122_095026.mp3,it,1,Salman,30496,pre,Come on. We can do it together.,5,7,1,1
grade1_profile30496_q1_LP_20251122_095026.mp3,on,1,Salman,30496,pre,Come on. We can do it together.,1,7,1,1
grade1_profile30496_q1_LP_20251122_095026.mp3,together,1,Salman,30496,pre,Come on. We can do it together.,6,7,0,0
grade1_profile30496_q1_LP_20251122_095026.mp3,we,1,Salman,30496,pre,Come on. We can do it together.,2,7,1,1
grade1_profile30496_q1_QK_20251122_095622.mp3,can,1,Rehma,30496,post,Come on. We can do it together.,3,7,1,1
grade1_profile30496_q1_QK_20251122_095622.mp3,come,1,Rehma,30496,post,Come on. We can do it together.,0,7,1,1
grade1_profile30496_q1_QK_20251122_095622.mp3,do,1,Rehma,30496,post,Come on. We can do it together.,4,7,1,1
grade1_profile30496_q1_QK_20251122_095622.mp3,it,1,Rehma,30496,post,Come on. We can do it together.,5,7,1,1
grade1_profile30496_q1_QK_20251122_095622.mp3,on,1,Rehma,30496,post,Come on. We can do it together.,1,7,1,1
grade1_profile30496_q1_QK_20251122_095622.mp3,together,1,Rehma,30496,post,Come on. We can do it together.,6,7,1,1
grade1_profile30496_q1_QK_20251122_095622.mp3,we,1,Rehma,30496,post,Come on. We can do it together.,2,7,1,1
grade1_profile30496_q2_LP_20251122_100201.mp3,can,1,Salman,30496,pre,It's locked. I can open it.,3,6,1,1
grade1_profile30496_q2_LP_20251122_100201.mp3,i,1,Salman,30496,pre,It's locked. I can open it.,2,6,1,1
grade1_profile30496_q2_LP_20251122_100201.mp3,it,1,Salman,30496,pre,It's locked. I can open it.,5,6,1,1
grade1_profile30496_q2_LP_20251122_100201.mp3,it's,1,Salman,30496,pre,It's locked. I can open it.,0,6,1,1
grade1_profile30496_q2_LP_20251122_100201.mp3,locked,1,Salman,30496,pre,It's locked. I can open it.,1,6,0,0
grade1_profile30496_q2_LP_20251122_100201.mp3,open,1,Salman,30496,pre,It's locked. I can open it.,4,6,1,1
grade1_profile30496_q2_QK_20251122_100724.mp3,can,1,Semal,30496,post,It's locked. I can open it.,3,6,1,1
grade1_profile30496_q2_QK_20251122_100724.mp3,i,1,Semal,30496,post,It's locked. I can open it.,2,6,1,1
grade1_profile30496_q2_QK_20251122_100724.mp3,it,1,Semal,30496,post,It's locked. I can open it.,5,6,1,1
grade1_profile30496_q2_QK_20251122_100724.mp3,it's,0,Semal,30496,post,It's locked. I can open it.,0,6,1,0
grade1_profile30496_q2_QK_20251122_100724.mp3,locked,0,Semal,30496,post,It's locked. I can open it.,1,6,0,1
grade1_profile30496_q2_QK_20251122_100724.mp3,open,0,Semal,30496,post,It's locked. I can open it.,4,6,1,0
grade1_profile30496_q3_LP_20251122_101304.mp3,build,1,Rukhshan,30496,pre,This is Zara. She loves to draw. This is Faiz. He loves to build things.,13,15,0,0
grade1_profile30496_q3_LP_20251122_101304.mp3,draw,1,Rukhshan,30496,pre,This is Zara. She loves to draw. This is Faiz. He loves to build things.,6,15,1,1
grade1_profile30496_q3_LP_20251122_101304.mp3,faiz,0,Rukhshan,30496,pre,This is Zara. She loves to draw. This is Faiz. He loves to build things.,9,15,0,1
grade1_profile30496_q3_LP_20251122_101304.mp3,he,1,Rukhshan,30496,pre,This is Zara. She loves to draw. This is Faiz. He loves to build things.,10,15,1,1
grade1_profile30496_q3_LP_20251122_101304.mp3,is,1,Rukhshan,30496,pre,This is Zara. She loves to draw. This is Faiz. He loves to build things.,1,15,1,1
grade1_profile30496_q3_LP_20251122_101304.mp3,loves,1,Rukhshan,30496,pre,This is Zara. She loves to draw. This is Faiz. He loves to build things.,4,15,1,1
grade1_profile30496_q3_LP_20251122_101304.mp3,she,1,Rukhshan,30496,pre,This is Zara. She loves to draw. This is Faiz. He loves to build things.,3,15,1,1
grade1_profile30496_q3_LP_20251122_101304.mp3,things,0,Rukhshan,30496,pre,This is Zara. She loves to draw. This is Faiz. He loves to build things.,14,15,1,0
grade1_profile30496_q3_LP_20251122_101304.mp3,this,1,Rukhshan,30496,pre,This is Zara. She loves to draw. This is Faiz. He loves to build things.,0,15,1,1
grade1_profile30496_q3_LP_20251122_101304.mp3,to,1,Rukhshan,30496,pre,This is Zara. She loves to draw. This is Faiz. He loves to build things.,5,15,1,1
grade1_profile30496_q3_LP_20251122_101304.mp3,zara,0,Rukhshan,30496,pre,This is Zara. She loves to draw. This is Faiz. He loves to build things.,2,15,1,0
grade1_profile30496_q3_QK_20251122_101834.mp3,build,1,Rukhshan,30496,post,This is Zara. She loves to draw. This is Faiz. He loves to build things.,13,15,1,1
grade1_profile30496_q3_QK_20251122_101834.mp3,draw,1,Rukhshan,30496,post,This is Zara. She loves to draw. This is Faiz. He loves to build things.,6,15,1,1
grade1_profile30496_q3_QK_20251122_101834.mp3,faiz,1,Rukhshan,30496,post,This is Zara. She loves to draw. This is Faiz. He loves to build things.,9,15,0,0
grade1_profile30496_q3_QK_20251122_101834.mp3,he,1,Rukhshan,30496,post,This is Zara. She loves to draw. This is Faiz. He loves to build things.,10,15,1,1
grade1_profile30496_q3_QK_20251122_101834.mp3,is,1,Rukhshan,30496,post,This is Zara. She loves to draw. This is Faiz. He loves to build things.,1,15,1,1
grade1_profile30496_q3_QK_20251122_101834.mp3,loves,1,Rukhshan,30496,post,This is Zara. She loves to draw. This is Faiz. He loves to build things.,4,15,1,1
grade1_profile30496_q3_QK_20251122_101834.mp3,she,1,Rukhshan,30496,post,This is Zara. She loves to draw. This is Faiz. He loves to build things.,3,15,1,1
grade1_profile30496_q3_QK_20251122_101834.mp3,things,1,Rukhshan,30496,post,This is Zara. She loves to draw. This is Faiz. He loves to build things.,14,15,1,1
grade1_profile30496_q3_QK_20251122_101834.mp3,this,1,Rukhshan,30496,post,This is Zara. She loves to draw. This is Faiz. He loves to build things.,0,15,1,1
grade1_profile30496_q3_QK_20251122_101834.mp3,to,1,Rukhshan,30496,post,This is Zara. She loves to draw. This is Faiz. He loves to build things.,5,15,1,1
grade1_profile30496_q3_QK_20251122_101834.mp3,zara,1,Rukhshan,30496,post,This is Zara. She loves to draw. This is Faiz. He loves to build things.,2,15,1,1
grade1_profile30506_q1_LP_20251122_095026.mp3,can,1,Dania,30506,pre,Come on. We can do it together.,3,7,1,1
grade1_profile30506_q1_LP_20251122_095026.mp3,come,1,Dania,30506,pre,Come on. We can do it together.,0,7,0,0
grade1_profile30506_q1_LP_20251122_095026.mp3,do,1,Dania,30506,pre,Come on. We can do it together.,4,7,1,1
grade1_profile30506_q1_LP_20251122_095026.mp3,it,1,Dania,30506,pre,Come on. We can do it together.,5,7,1,1
grade1_profile30506_q1_LP_20251122_095026.mp3,on,1,Dania,30506,pre,Come on. We can do it together.,1,7,0,0
grade1_profile30506_q1_LP_20251122_095026.mp3,together,1,Dania,30506,pre,Come on. We can do it together.,6,7,0,0
grade1_profile30506_q1_LP_20251122_095026.mp3,we,1,Dania,30506,pre,Come on. We can do it together.,2,7,0,0
grade1_profile30506_q1_QK_20251122_095622.mp3,can,1,Amna,30506,post,Come on. We can do it together.,3,7,0,0
grade1_profile30506_q1_QK_20251122_095622.mp3,come,0,Amna,30506,post,Come on. We can do it together.,0,7,1,0
grade1_profile30506_q1_QK_20251122_095622.mp3,do,1,Amna,30506,post,Come on. We can do it together.,4,7,1,1
grade1_profile30506_q1_QK_20251122_095622.mp3,it,1,Amna,30506,post,Come on. We can do it together.,5,7,1,1
grade1_profile30506_q1_QK_20251122_095622.mp3,on,0,Amna,30506,post,Come on. We can do it together.,1,7,1,0
grade1_profile30506_q1_QK_20251122_095622.mp3,together,0,Amna,30506,post,Come on. We can do it together.,6,7,0,1
grade1_profile30506_q1_QK_20251122_095622.mp3,we,1,Amna,30506,post,Come on. We can do it together.,2,7,1,1
grade1_profile30506_q2_LP_20251122_100201.mp3,can,1,Dania,30506,pre,It's locked. I can open it.,3,6,1,1
grade1_profile30506_q2_LP_20251122_100201.mp3,i,1,Dania,30506,pre,It's locked. I can open it.,2,6,1,1
grade1_profile30506_q2_LP_20251122_100201.mp3,it,1,Dania,30506,pre,It's locked. I can open it.,5,6,1,1
grade1_profile30506_q2_LP_20251122_100201.mp3,it's,1,Dania,30506,pre,It's locked. I can open it.,0,6,1,1
grade1_profile30506_q2_LP_20251122_100201.mp3,locked,0,Dania,30506,pre,It's locked. I can open it.,1,6,0,1
grade1_profile30506_q2_LP_20251122_100201.mp3,open,1,Dania,30506,pre,It's locked. I can open it.,4,6,1,1
grade1_profile30506_q2_QK_20251122_100724.mp3,can,1,Rehma,30506,post,It's locked. I can open it.,3,6,1,1
grade1_profile30506_q2_QK_20251122_100724.mp3,i,1,Rehma,30506,post,It's locked. I can open it.,2,6,1,1
grade1_profile30506_q2_QK_20251122_100724.mp3,it,1,Rehma,30506,post,It's locked. I can open it.,5,6,1,1
grade1_profile30506_q2_QK_20251122_100724.mp3,it's,0,Rehma,30506,post,It's locked. I can open it.,0,6,1,0
grade1_profile30506_q2_QK_20251122_100724.mp3,locked,0,Rehma,30506,post,It's locked. I can open it.,1,6,0,1
grade1_profile30506_q2_QK_20251122_100724.mp3,open,1,Rehma,30506,post,It's locked. I can open it.,4,6,1,1
grade1_profile30506_q3_LP_20251122_101304.mp3,build,1,Semal,30506,pre,This is Zara. She loves to draw. This is Faiz. He loves to build things.,13,15,0,0
grade1_profile30506_q3_LP_20251122_101304.mp3,draw,1,Semal,30506,pre,This is Zara. She loves to draw. This is Faiz. He loves to build things.,6,15,1,1
grade1_profile30506_q3_LP_20251122_101304.mp3,faiz,1,Semal,30506,pre,This is Zara. She loves to draw. This is Faiz. He loves to build things.,9,15,0,0
grade1_profile30506_q3_LP_20251122_101304.mp3,he,1,Semal,30506,pre,This is Zara. She loves to draw. This is Faiz. He loves to build things.,10,15,1,1
grade1_profile30506_q3_LP_20251122_101304.mp3,is,1,Semal,30506,pre,This is Zara. She loves to draw. This is Faiz. He loves to build things.,1,15,1,1
grade1_profile30506_q3_LP_20251122_101304.mp3,loves,0,Semal,30506,pre,This is Zara. She loves to draw. This is Faiz. He loves to build things.,4,15,1,0
grade1_profile30506_q3_LP_20251122_101304.mp3,she,0,Semal,30506,pre,This is Zara. She loves to draw. This is Faiz. He loves to build things.,3,15,1,0
grade1_profile30506_q3_LP_20251122_101304.mp3,things,1,Semal,30506,pre,This is Zara. She loves to draw. This is Faiz. He loves to build things.,14,15,0,0
grade1_profile30506_q3_LP_20251122_101304.mp3,this,1,Semal,30506,pre,This is Zara. She loves to draw. This is Faiz. He loves to build things.,0,15,1,1
grade1_profile30506_q3_LP_20251122_101304.mp3,to,1,Semal,30506,pre,This is Zara. She loves to draw. This is Faiz. He loves to build things.,5,15,0,0
grade1_profile30506_q3_LP_20251122_101304.mp3,zara,1,Semal,30506,pre,This is Zara. She loves to draw. This is Faiz. He loves to build things.,2,15,0,0
grade1_profile30506_q3_QK_20251122_101834.mp3,draw,1,Dania,30506,post,This is Zara. She loves to draw. This is Faiz. He loves to build things.,6,15,1,1
grade1_profile30506_q3_QK_20251122_101834.mp3,is,1,Dania,30506,post,This is Zara. She loves to draw. This is Faiz. He loves to build things.,1,15,1,1
grade1_profile30506_q3_QK_20251122_101834.mp3,loves,0,Dania,30506,post,This is Zara. She loves to draw. This is Faiz. He loves to build things.,4,15,0,1
grade1_profile30506_q3_QK_20251122_101834.mp3,this,1,Dania,30506,post,This is Zara. She loves to draw. This is Faiz. He loves to build things.,0,15,1,1
grade1_profile30506_q3_QK_20251122_101834.mp3,zara,1,Dania,30506,post,This is Zara. She loves to draw. This is Faiz. He loves to build things.,2,15,0,0
grade1_profile30544_q1_LP_20251122_095026.mp3,can,0,Rehma,30544,pre,Come on. We can do it together.,3,7,0,1
grade1_profile30544_q1_LP_20251122_095026.mp3,come,1,Rehma,30544,pre,Come on. We can do it together.,0,7,0,0
grade1_profile30544_q1_LP_20251122_095026.mp3,do,1,Rehma,30544,pre,Come on. We can do it together.,4,7,1,1
grade1_profile30544_q1_LP_20251122_095026.mp3,it,1,Rehma,30544,pre,Come on. We can do it together.,5,7,1,1
grade1_profile30544_q1_LP_20251122_095026.mp3,on,0,Rehma,30544,pre,Come on. We can do it together.,1,7,0,1
grade1_profile30544_q1_LP_20251122_095026.mp3,together,0,Rehma,30544,pre,Come on. We can do it together.,6,7,0,1
grade1_profile30544_q1_LP_20251122_095026.mp3,we,1,Rehma,30544,pre,Come on. We can do it together.,2,7,1,1
grade1_profile30544_q1_QK_20251122_095622.mp3,can,0,Dania,30544,post,Come on. We can do it together.,3,7,1,0
grade1_profile30544_q1_QK_20251122_095622.mp3,come,1,Dania,30544,post,Come on. We can do it together.,0,7,1,1
grade1_profile30544_q1_QK_20251122_095622.mp3,do,1,Dania,30544,post,Come on. We can do it together.,4,7,1,1
grade1_profile30544_q1_QK_20251122_095622.mp3,it,1,Dania,30544,post,Come on. We can do it together.,5,7,1,1
grade1_profile30544_q1_QK_20251122_095622.mp3,on,1,Dania,30544,post,Come on. We can do it together.,1,7,0,0
grade1_profile30544_q1_QK_20251122_095622.mp3,together,1,Dania,30544,post,Come on. We can do it together.,6,7,0,0
grade1_profile30544_q1_QK_20251122_095622.mp3,we,1,Dania,30544,post,Come on. We can do it together.,2,7,1,1
grade1_profile30544_q2_LP_20251122_100201.mp3,can,1,Rehma,30544,pre,It's locked. I can open it.,3,6,0,0
grade1_profile30544_q2_LP_20251122_100201.mp3,i,1,Rehma,30544,pre,It's locked. I can open it.,2,6,1,1
grade1_profile30544_q2_LP_20251122_100201.mp3,it,1,Rehma,30544,pre,It's locked. I can open it.,5,6,1,1
grade1_profile30544_q2_LP_20251122_100201.mp3,it's,1,Rehma,30544,pre,It's locked. I can open it.,0,6,1,1
grade1_profile30544_q2_LP_20251122_100201.mp3,locked,1,Rehma,30544,pre,It's locked. I can open it.,1,6,0,0
grade1_profile30544_q2_LP_20251122_100201.mp3,open,1,Rehma,30544,pre,It's locked. I can open it.,4,6,0,0
grade1_profile30544_q2_QK_20251122_100724.mp3,can,1,Rehma,30544,post,It's locked. I can open it.,3,6,1,1
grade1_profile30544_q2_QK_20251122_100724.mp3,i,1,Rehma,30544,post,It's locked. I can open it.,2,6,1,1
grade1_profile30544_q2_QK_20251122_100724.mp3,it,1,Rehma,30544,post,It's locked. I can open it.,5,6,1,1
grade1_profile30544_q2_QK_20251122_100724.mp3,it's,1,Rehma,30544,post,It's locked. I can open it.,0,6,1,1
grade1_profile30544_q2_QK_20251122_100724.mp3,locked,1,Rehma,30544,post,It's locked. I can open it.,1,6,0,0
grade1_profile30544_q2_QK_20251122_100724.mp3,open,1,Rehma,30544,post,It's locked. I can open it.,4,6,1,1
grade1_profile30544_q3_LP_20251122_101304.mp3,build,1,Semal,30544,pre,This is Zara. She loves to draw. This is Faiz. He loves to build things.,13,15,0,0
grade1_profile30544_q3_LP_20251122_101304.mp3,draw,1,Semal,30544,pre,This is Zara. She loves to draw. This is Faiz. He loves to build things.,6,15,0,0
grade1_profile30544_q3_LP_20251122_101304.mp3,faiz,1,Semal,30544,pre,This is Zara. She loves to draw. This is Faiz. He loves to build things.,9,15,0,0
grade1_profile30544_q3_LP_20251122_101304.mp3,is,1,Semal,30544,pre,This is Zara. She loves to draw. This is Faiz. He loves to build things.,1,15,1,1
grade1_profile30544_q3_LP_20251122_101304.mp3,loves,0,Semal,30544,pre,This is Zara. She loves to draw. This is Faiz. He loves to build things.,4,15,0,1
grade1_profile30544_q3_LP_20251122_101304.mp3,she,1,Semal,30544,pre,This is Zara. She loves to draw. This is Faiz. He loves to build things.,3,15,0,0
grade1_profile30544_q3_LP_20251122_101304.mp3,things,1,Semal,30544,pre,This is Zara. She loves to draw. This is Faiz. He loves to build things.,14,15,0,0
grade1_profile30544_q3_LP_20251122_101304.mp3,this,1,Semal,30544,pre,This is Zara. She loves to draw. This is Faiz. He loves to build things.,0,15,1,1
grade1_profile30544_q3_LP_20251122_101304.mp3,to,1,Semal,30544,pre,This is Zara. She loves to draw. This is Faiz. He loves to build things.,5,15,0,0
grade1_profile30544_q3_LP_20251122_101304.mp3,zara,1,Semal,30544,pre,This is Zara. She loves to draw. This is Faiz. He loves to build things.,2,15,0,0
grade1_profile30544_q3_QK_20251122_101834.mp3,build,1,Dania,30544,post,This is Zara. She loves to draw. This is Faiz. He loves to build things.,13,15,0,0
grade1_profile30544_q3_QK_20251122_101834.mp3,draw,1,Dania,30544,post,This is Zara. She loves to draw. This is Faiz. He loves to build things.,6,15,0,0
grade1_profile30544_q3_QK_20251122_101834.mp3,he,1,Dania,30544,post,This is Zara. She loves to draw. This is Faiz. He loves to build things.,10,15,1,1
grade1_profile30544_q3_QK_20251122_101834.mp3,is,1,Dania,30544,post,This is Zara. She loves to draw. This is Faiz. He loves to build things.,1,15,1,1
grade1_profile30544_q3_QK_20251122_101834.mp3,loves,0,Dania,30544,post,This is Zara. She loves to draw. This is Faiz. He loves to build things.,4,15,1,0
grade1_profile30544_q3_QK_20251122_101834.mp3,she,1,Dania,30544,post,This is Zara. She loves to draw. This is Faiz. He loves to build things.,3,15,0,0
grade1_profile30544_q3_QK_20251122_101834.mp3,things,1,Dania,30544,post,This is Zara. She loves to draw. This is Faiz. He loves to build things.,14,15,0,0
grade1_profile30544_q3_QK_20251122_101834.mp3,this,1,Dania,30544,post,This is Zara. She loves to draw. This is Faiz. He loves to build things.,0,15,0,0
grade1_profile30544_q3_QK_20251122_101834.mp3,to,1,Dania,30544,post,This is Zara. She loves to draw. This is Faiz. He loves to build things.,5,15,1,1
grade1_profile30544_q3_QK_20251122_101834.mp3,zara,1,Dania,30544,post,This is Zara. She loves to draw. This is Faiz. He loves to build things.,2,15,0,0
grade1_profile30569_q1_LP_20251122_095026.mp3,can,1,Rukhshan,30569,pre,Come on. We can do it together.,3,7,1,1
grade1_profile30569_q1_LP_20251122_095026.mp3,do,1,Rukhshan,30569,pre,Come on. We can do it together.,4,7,1,1
grade1_profile30569_q1_LP_20251122_095026.mp3,it,1,Rukhshan,30569,pre,Come on. We can do it together.,5,7,1,1
grade1_profile30569_q1_LP_20251122_095026.mp3,on,0,Rukhshan,30569,pre,Come on. We can do it together.,1,7,0,1
grade1_profile30569_q1_LP_20251122_095026.mp3,together,1,Rukhshan,30569,pre,Come on. We can do it together.,6,7,1,1
grade1_profile30569_q1_LP_20251122_095026.mp3,we,1,Rukhshan,30569,pre,Come on. We can do it together.,2,7,0,0
grade1_profile30569_q1_QK_20251122_095622.mp3,can,1,Semal,30569,post,Come on. We can do it together.,3,7,1,1
grade1_profile30569_q1_QK_20251122_095622.mp3,come,1,Semal,30569,post,Come on. We can do it together.,0,7,0,0
grade1_profile30569_q1_QK_20251122_095622.mp3,do,1,Semal,30569,post,Come on. We can do it together.,4,7,1,1
grade1_profile30569_q1_QK_20251122_095622.mp3,it,0,Semal,30569,post,Come on. We can do it together.,5,7,1,0
grade1_profile30569_q1_QK_20251122_095622.mp3,on,1,Semal,30569,post,Come on. We can do it together.,1,7,0,0
grade1_profile30569_q1_QK_20251122_095622.mp3,together,0,Semal,30569,post,Come on. We can do it together.,6,7,0,1
grade1_profile30569_q1_QK_20251122_095622.mp3,we,1,Semal,30569,post,Come on. We can do it together.,2,7,1,1
grade1_profile30569_q2_LP_20251122_100201.mp3,can,1,Semal,30569,pre,It's locked. I can open it.,3,6,1,1
grade1_profile30569_q2_LP_20251122_100201.mp3,i,1,Semal,30569,pre,It's locked. I can open it.,2,6,1,1
grade1_profile30569_q2_LP_20251122_100201.mp3,it,1,Semal,30569,pre,It's locked. I can open it.,5,6,1,1
grade1_profile30569_q2_LP_20251122_100201.mp3,it's,0,Semal,30569,pre,It's locked. I can open it.,0,6,1,0
grade1_profile30569_q2_LP_20251122_100201.mp3,locked,0,Semal,30569,pre,It's locked. I can open it.,1,6,0,1
grade1_profile30569_q2_LP_20251122_100201.mp3,open,1,Semal,30569,pre,It's locked. I can open it.,4,6,1,1
grade1_profile30569_q2_QK_20251122_100724.mp3,can,1,Semal,30569,post,It's locked. I can open it.,3,6,1,1
grade1_profile30569_q2_QK_20251122_100724.mp3,i,1,Semal,30569,post,It's locked. I can open it.,2,6,1,1
grade1_profile30569_q2_QK_20251122_100724.mp3,it,0,Semal,30569,post,It's locked. I can open it.,5,6,1,0
grade1_profile30569_q2_QK_20251122_100724.mp3,it's,0,Semal,30569,post,It's locked. I can open it.,0,6,1,0
grade1_profile30569_q2_QK_20251122_100724.mp3,locked,0,Semal,30569,post,It's locked. I can open it.,1,6,0,1
grade1_profile30569_q2_QK_20251122_100724.mp3,open,1,Semal,30569,post,It's locked. I can open it.,4,6,1,1
grade1_profile30569_q3_LP_20251122_101304.mp3,build,1,Salman,30569,pre,This is Zara. She loves to draw. This is Faiz. He loves to build things.,13,15,1,1
grade1_profile30569_q3_LP_20251122_101304.mp3,draw,1,Salman,30569,pre,This is Zara. She loves to draw. This is Faiz. He loves to build things.,6,15,1,1
grade1_profile30569_q3_LP_20251122_101304.mp3,faiz,1,Salman,30569,pre,This is Zara. She loves to draw. This is Faiz. He loves to build things.,9,15,0,0
grade1_profile30569_q3_LP_20251122_101304.mp3,he,1,Salman,30569,pre,This is Zara. She loves to draw. This is Faiz. He loves to build things.,10,15,1,1
grade1_profile30569_q3_LP_20251122_101304.mp3,is,1,Salman,30569,pre,This is Zara. She loves to draw. This is Faiz. He loves to build things.,1,15,1,1
grade1_profile30569_q3_LP_20251122_101304.mp3,loves,1,Salman,30569,pre,This is Zara. She loves to draw. This is Faiz. He loves to build things.,4,15,1,1
grade1_profile30569_q3_LP_20251122_101304.mp3,she,1,Salman,30569,pre,This is Zara. She loves to draw. This is Faiz. He loves to build things.,3,15,1,1
grade1_profile30569_q3_LP_20251122_101304.mp3,things,1,Salman,30569,pre,This is Zara. She loves to draw. This is Faiz. He loves to build things.,14,15,0,0
grade1_profile30569_q3_LP_20251122_101304.mp3,this,1,Salman,30569,pre,This is Zara. She loves to draw. This is Faiz. He loves to build things.,0,15,1,1
grade1_profile30569_q3_LP_20251122_101304.mp3,to,1,Salman,30569,pre,This is Zara. She loves to draw. This is Faiz. He loves to build things.,5,15,1,1
grade1_profile30569_q3_LP_20251122_101304.mp3,zara,1,Salman,30569,pre,This is Zara. She loves to draw. This is Faiz. He loves to build things.,2,15,0,0
grade1_profile30575_q1_LP_20251122_095026.mp3,can,1,Ali,30575,pre,Come on. We can do it together.,3,7,1,1
grade1_profile30575_q1_LP_20251122_095026.mp3,do,1,Ali,30575,pre,Come on. We can do it together.,4,7,1,1
grade1_profile30575_q1_LP_20251122_095026.mp3,it,1,Ali,30575,pre,Come on. We can do it together.,5,7,1,1
grade1_profile30575_q1_LP_20251122_095026.mp3,together,1,Ali,30575,pre,Come on. We can do it together.,6,7,0,0
grade1_profile30575_q1_LP_20251122_095026.mp3,we,1,Ali,30575,pre,Come on. We can do it together.,2,7,1,1
grade1_profile30575_q1_QK_20251122_095622.mp3,can,1,Semal,30575,post,Come on. We can do it together.,3,7,1,1
grade1_profile30575_q1_QK_20251122_095622.mp3,come,1,Semal,30575,post,Come on. We can do it together.,0,7,0,0
grade1_profile30575_q1_QK_20251122_095622.mp3,do,1,Semal,30575,post,Come on. We can do it together.,4,7,1,1
grade1_profile30575_q1_QK_20251122_095622.mp3,it,1,Semal,30575,post,Come on. We can do it together.,5,7,1,1
grade1_profile30575_q1_QK_20251122_095622.mp3,on,0,Semal,30575,post,Come on. We can do it together.,1,7,0,1
grade1_profile30575_q1_QK_20251122_095622.mp3,together,0,Semal,30575,post,Come on. We can do it together.,6,7,0,1
grade1_profile30575_q1_QK_20251122_095622.mp3,we,1,Semal,30575,post,Come on. We can do it together.,2,7,1,1
grade1_profile30575_q2_LP_20251122_100201.mp3,can,1,Rehma,30575,pre,It's locked. I can open it.,3,6,0,0
grade1_profile30575_q2_LP_20251122_100201.mp3,i,1,Rehma,30575,pre,It's locked. I can open it.,2,6,1,1
grade1_profile30575_q2_LP_20251122_100201.mp3,it,1,Rehma,30575,pre,It's locked. I can open it.,5,6,1,1
grade1_profile30575_q2_LP_20251122_100201.mp3,it's,1,Rehma,30575,pre,It's locked. I can open it.,0,6,1,1
grade1_profile30575_q2_LP_20251122_100201.mp3,locked,0,Rehma,30575,pre,It's locked. I can open it.,1,6,0,1
grade1_profile30575_q2_LP_20251122_100201.mp3,open,1,Rehma,30575,pre,It's locked. I can open it.,4,6,0,0
grade1_profile30575_q2_QK_20251122_100724.mp3,can,1,Salman,30575,post,It's locked. I can open it.,3,6,1,1
grade1_profile30575_q2_QK_20251122_100724.mp3,i,1,Salman,30575,post,It's locked. I can open it.,2,6,1,1
grade1_profile30575_q2_QK_20251122_100724.mp3,it,1,Salman,30575,post,It's locked. I can open it.,5,6,1,1
grade1_profile30575_q2_QK_20251122_100724.mp3,it's,1,Salman,30575,post,It's locked. I can open it.,0,6,1,1
grade1_profile30575_q2_QK_20251122_100724.mp3,locked,0,Salman,30575,post,It's locked. I can open it.,1,6,0,1
grade1_profile30575_q2_QK_20251122_100724.mp3,open,1,Salman,30575,post,It's locked. I can open it.,4,6,1,1
grade1_profile30575_q3_LP_20251122_101304.mp3,build,1,Salman,30575,pre,This is Zara. She loves to draw. This is Faiz. He loves to build things.,13,15,1,1
grade1_profile30575_q3_LP_20251122_101304.mp3,draw,1,Salman,30575,pre,This is Zara. She loves to draw. This is Faiz. He loves to build things.,6,15,1,1
grade1_profile30575_q3_LP_20251122_101304.mp3,faiz,1,Salman,30575,pre,This is Zara. She loves to draw. This is Faiz. He loves to build things.,9,15,0,0
grade1_profile30575_q3_LP_20251122_101304.mp3,he,1,Salman,30575,pre,This is Zara. She loves to draw. This is Faiz. He loves to build things.,10,15,1,1
grade1_profile30575_q3_LP_20251122_101304.mp3,is,1,Salman,30575,pre,This is Zara. She loves to draw. This is Faiz. He loves to build things.,1,15,1,1
grade1_profile30575_q3_LP_20251122_101304.mp3,loves,1,Salman,30575,pre,This is Zara. She loves to draw. This is Faiz. He loves to build things.,4,15,1,1
grade1_profile30575_q3_LP_20251122_101304.mp3,she,1,Salman,30575,pre,This is Zara. She loves to draw. This is Faiz. He loves to build things.,3,15,1,1
grade1_profile30575_q3_LP_20251122_101304.mp3,things,1,Salman,30575,pre,This is Zara. She loves to draw. This is Faiz. He loves to build things.,14,15,1,1
grade1_profile30575_q3_LP_20251122_101304.mp3,this,1,Salman,30575,pre,This is Zara. She loves to draw. This is Faiz. He loves to build things.,0,15,1,1
grade1_profile30575_q3_LP_20251122_101304.mp3,to,1,Salman,30575,pre,This is Zara. She loves to draw. This is Faiz. He loves to build things.,5,15,1,1
grade1_profile30575_q3_LP_20251122_101304.mp3,zara,1,Salman,30575,pre,This is Zara. She loves to draw. This is Faiz. He loves to build things.,2,15,1,1
grade1_profile30581_q1_LP_20251122_095026.mp3,can,1,Amna,30581,pre,Come on. We can do it together.,3,7,1,1
grade1_profile30581_q1_LP_20251122_095026.mp3,come,1,Amna,30581,pre,Come on. We can do it together.,0,7,0,0
grade1_profile30581_q1_LP_20251122_095026.mp3,do,1,Amna,30581,pre,Come on. We can do it together.,4,7,1,1
grade1_profile30581_q1_LP_20251122_095026.mp3,it,1,Amna,30581,pre,Come on. We can do it together.,5,7,1,1
grade1_profile30581_q1_LP_20251122_095026.mp3,on,1,Amna,30581,pre,Come on. We can do it together.,1,7,1,1
grade1_profile30581_q1_LP_20251122_095026.mp3,together,1,Amna,30581,pre,Come on. We can do it together.,6,7,0,0
grade1_profile30581_q1_LP_20251122_095026.mp3,we,1,Amna,30581,pre,Come on. We can do it together.,2,7,1,1
grade1_profile30581_q1_QK_20251122_095622.mp3,can,1,Semal,30581,post,Come on. We can do it together.,3,7,1,1
grade1_profile30581_q1_QK_20251122_095622.mp3,come,1,Semal,30581,post,Come on. We can do it together.,0,7,0,0
grade1_profile30581_q1_QK_20251122_095622.mp3,do,1,Semal,30581,post,Come on. We can do it together.,4,7,1,1
grade1_profile30581_q1_QK_20251122_095622.mp3,it,1,Semal,30581,post,Come on. We can do it together.,5,7,1,1
grade1_profile30581_q1_QK_20251122_095622.mp3,on,1,Semal,30581,post,Come on. We can do it together.,1,7,1,1
grade1_profile30581_q1_QK_20251122_095622.mp3,together,1,Semal,30581,post,Come on. We can do it together.,6,7,1,1
grade1_profile30581_q1_QK_20251122_095622.mp3,we,1,Semal,30581,post,Come on. We can do it together.,2,7,1,1
grade1_profile30581_q2_LP_20251122_100201.mp3,can,1,Amna,30581,pre,It's locked. I can open it.,3,6,1,1
grade1_profile30581_q2_LP_20251122_100201.mp3,i,1,Amna,30581,pre,It's locked. I can open it.,2,6,1,1
grade1_profile30581_q2_LP_20251122_100201.mp3,it,1,Amna,30581,pre,It's locked. I can open it.,5,6,1,1
grade1_profile30581_q2_LP_20251122_100201.mp3,it's,0,Amna,30581,pre,It's locked. I can open it.,0,6,0,1
grade1_profile30581_q2_LP_20251122_100201.mp3,locked,1,Amna,30581,pre,It's locked. I can open it.,1,6,0,0
grade1_profile30581_q2_LP_20251122_100201.mp3,open,1,Amna,30581,pre,It's locked. I can open it.,4,6,1,1
grade1_profile30581_q2_QK_20251122_100724.mp3,can,1,Dania,30581,post,It's locked. I can open it.,3,6,1,1
grade1_profile30581_q2_QK_20251122_100724.mp3,i,1,Dania,30581,post,It's locked. I can open it.,2,6,1,1
grade1_profile30581_q2_QK_20251122_100724.mp3,it,1,Dania,30581,post,It's locked. I can open it.,5,6,1,1
grade1_profile30581_q2_QK_20251122_100724.mp3,it's,1,Dania,30581,post,It's locked. I can open it.,0,6,1,1
grade1_profile30581_q2_QK_20251122_100724.mp3,locked,0,Dania,30581,post,It's locked. I can open it.,1,6,0,1
grade1_profile30581_q2_QK_20251122_100724.mp3,open,1,Dania,30581,post,It's locked. I can open it.,4,6,1,1
grade1_profile30581_q3_LP_20251122_101304.mp3,build,1,Amna,30581,pre,This is Zara. She loves to draw. This is Faiz. He loves to build things.,13,15,1,1
grade1_profile30581_q3_LP_20251122_101304.mp3,draw,1,Amna,30581,pre,This is Zara. She loves to draw. This is Faiz. He loves to build things.,6,15,1,1
grade1_profile30581_q3_LP_20251122_101304.mp3,faiz,1,Amna,30581,pre,This is Zara. She loves to draw. This is Faiz. He loves to build things.,9,15,0,0
grade1_profile30581_q3_LP_20251122_101304.mp3,he,1,Amna,30581,pre,This is Zara. She loves to draw. This is Faiz. He loves to build things.,10,15,1,1
grade1_profile30581_q3_LP_20251122_101304.mp3,is,1,Amna,30581,pre,This is Zara. She loves to draw. This is Faiz. He loves to build things.,1,15,1,1
grade1_profile30581_q3_LP_20251122_101304.mp3,loves,1,Amna,30581,pre,This is Zara. She loves to draw. This is Faiz. He loves to build things.,4,15,1,1
grade1_profile30581_q3_LP_20251122_101304.mp3,she,1,Amna,30581,pre,This is Zara. She loves to draw. This is Faiz. He loves to build things.,3,15,1,1
grade1_profile30581_q3_LP_20251122_101304.mp3,things,1,Amna,30581,pre,This is Zara. She loves to draw. This is Faiz. He loves to build things.,14,15,1,1
grade1_profile30581_q3_LP_20251122_101304.mp3,this,1,Amna,30581,pre,This is Zara. She loves to draw. This is Faiz. He loves to build things.,0,15,1,1
grade1_profile30581_q3_LP_20251122_101304.mp3,to,1,Amna,30581,pre,This is Zara. She loves to draw. This is Faiz. He loves to build things.,5,15,1,1
grade1_profile30581_q3_LP_20251122_101304.mp3,zara,1,Amna,30581,pre,This is Zara. She loves to draw. This is Faiz. He loves to build things.,2,15,1,1
grade1_profile30581_q3_QK_20251122_101834.mp3,build,1,Dania,30581,post,This is Zara. She loves to draw. This is Faiz. He loves to build things.,13,15,0,0
grade1_profile30581_q3_QK_20251122_101834.mp3,draw,1,Dania,30581,post,This is Zara. She loves to draw. This is Faiz. He loves to build things.,6,15,1,1
grade1_profile30581_q3_QK_20251122_101834.mp3,faiz,1,Dania,30581,post,This is Zara. She loves to draw. This is Faiz. He loves to build things.,9,15,0,0
grade1_profile30581_q3_QK_20251122_101834.mp3,he,1,Dania,30581,post,This is Zara. She loves to draw. This is Faiz. He loves to build things.,10,15,1,1
grade1_profile30581_q3_QK_20251122_101834.mp3,is,1,Dania,30581,post,This is Zara. She loves to draw. This is Faiz. He loves to build things.,1,15,1,1
grade1_profile30581_q3_QK_20251122_101834.mp3,loves,1,Dania,30581,post,This is Zara. She loves to draw. This is Faiz. He loves to build things.,4,15,1,1
grade1_profile30581_q3_QK_20251122_101834.mp3,she,1,Dania,30581,post,This is Zara. She loves to draw. This is Faiz. He loves to build things.,3,15,1,1
grade1_profile30581_q3_QK_20251122_101834.mp3,things,1,Dania,30581,post,This is Zara. She loves to draw. This is Faiz. He loves to build things.,14,15,0,0
grade1_profile30581_q3_QK_20251122_101834.mp3,this,1,Dania,30581,post,This is Zara. She loves to draw. This is Faiz. He loves to build things.,0,15,0,0
grade1_profile30581_q3_QK_20251122_101834.mp3,to,1,Dania,30581,post,This is Zara. She loves to draw. This is Faiz. He loves to build things.,5,15,1,1
grade1_profile30581_q3_QK_20251122_101834.mp3,zara,1,Dania,30581,post,This is Zara. She loves to draw. This is Faiz. He loves to build things.,2,15,0,0
grade1_profile30586_q1_LP_20251122_095026.mp3,can,1,Dania,30586,pre,Come on. We can do it together.,3,7,1,1
grade1_profile30586_q1_LP_20251122_095026.mp3,come,1,Dania,30586,pre,Come on. We can do it together.,0,7,1,1
grade1_profile30586_q1_LP_20251122_095026.mp3,do,1,Dania,30586,pre,Come on. We can do it together.,4,7,1,1
grade1_profile30586_q1_LP_20251122_095026.mp3,it,1,Dania,30586,pre,Come on. We can do it together.,5,7,1,1
grade1_profile30586_q1_LP_20251122_095026.mp3,on,1,Dania,30586,pre,Come on. We can do it together.,1,7,1,1
grade1_profile30586_q1_LP_20251122_095026.mp3,together,1,Dania,30586,pre,Come on. We can do it together.,6,7,0,0
grade1_profile30586_q1_LP_20251122_095026.mp3,we,1,Dania,30586,pre,Come on. We can do it together.,2,7,1,1
grade1_profile30586_q1_QK_20251122_095622.mp3,can,1,Semal,30586,post,Come on. We can do it together.,3,7,1,1
grade1_profile30586_q1_QK_20251122_095622.mp3,come,1,Semal,30586,post,Come on. We can do it together.,0,7,1,1
grade1_profile30586_q1_QK_20251122_095622.mp3,do,1,Semal,30586,post,Come on. We can do it together.,4,7,1,1
grade1_profile30586_q1_QK_20251122_095622.mp3,it,1,Semal,30586,post,Come on. We can do it together.,5,7,1,1
grade1_profile30586_q1_QK_20251122_095622.mp3,on,1,Semal,30586,post,Come on. We can do it together.,1,7,1,1
grade1_profile30586_q1_QK_20251122_095622.mp3,together,1,Semal,30586,post,Come on. We can do it together.,6,7,1,1
grade1_profile30586_q1_QK_20251122_095622.mp3,we,1,Semal,30586,post,Come on. We can do it together.,2,7,1,1
grade1_profile30586_q2_LP_20251122_100201.mp3,can,1,Rukhshan,30586,pre,It's locked. I can open it.,3,6,1,1
grade1_profile30586_q2_LP_20251122_100201.mp3,i,1,Rukhshan,30586,pre,It's locked. I can open it.,2,6,1,1
grade1_profile30586_q2_LP_20251122_100201.mp3,it,1,Rukhshan,30586,pre,It's locked. I can open it.,5,6,1,1
grade1_profile30586_q2_LP_20251122_100201.mp3,it's,1,Rukhshan,30586,pre,It's locked. I can open it.,0,6,1,1
grade1_profile30586_q2_LP_20251122_100201.mp3,locked,1,Rukhshan,30586,pre,It's locked. I can open it.,1,6,1,1
grade1_profile30586_q2_LP_20251122_100201.mp3,open,1,Rukhshan,30586,pre,It's locked. I can open it.,4,6,0,0
grade1_profile30586_q2_QK_20251122_100724.mp3,can,1,Semal,30586,post,It's locked. I can open it.,3,6,1,1
grade1_profile30586_q2_QK_20251122_100724.mp3,i,1,Semal,30586,post,It's locked. I can open it.,2,6,1,1
grade1_profile30586_q2_QK_20251122_100724.mp3,it,1,Semal,30586,post,It's locked. I can open it.,5,6,1,1
grade1_profile30586_q2_QK_20251122_100724.mp3,it's,0,Semal,30586,post,It's locked. I can open it.,0,6,1,0
grade1_profile30586_q2_QK_20251122_100724.mp3,locked,1,Semal,30586,post,It's locked. I can open it.,1,6,1,1
grade1_profile30586_q2_QK_20251122_100724.mp3,open,1,Semal,30586,post,It's locked. I can open it.,4,6,1,1
grade1_profile30586_q3_LP_20251122_101304.mp3,build,1,Semal,30586,pre,This is Zara. She loves to draw. This is Faiz. He loves to build things.,13,15,1,1
grade1_profile30586_q3_LP_20251122_101304.mp3,is,1,Semal,30586,pre,This is Zara. She loves to draw. This is Faiz. He loves to build things.,1,15,1,1
grade1_profile30586_q3_LP_20251122_101304.mp3,loves,0,Semal,30586,pre,This is Zara. She loves to draw. This is Faiz. He loves to build things.,4,15,1,0
grade1_profile30586_q3_LP_20251122_101304.mp3,she,1,Semal,30586,pre,This is Zara. She loves to draw. This is Faiz. He loves to build things.,3,15,1,1
grade1_profile30586_q3_LP_20251122_101304.mp3,things,1,Semal,30586,pre,This is Zara. She loves to draw. This is Faiz. He loves to build things.,14,15,1,1
grade1_profile30586_q3_LP_20251122_101304.mp3,this,1,Semal,30586,pre,This is Zara. She loves to draw. This is Faiz. He loves to build things.,0,15,1,1
grade1_profile30586_q3_LP_20251122_101304.mp3,to,1,Semal,30586,pre,This is Zara. She loves to draw. This is Faiz. He loves to build things.,5,15,1,1
grade1_profile30586_q3_LP_20251122_101304.mp3,zara,1,Semal,30586,pre,This is Zara. She loves to draw. This is Faiz. He loves to build things.,2,15,1,1
grade1_profile30586_q3_QK_20251122_101834.mp3,build,1,Amna,30586,post,This is Zara. She loves to draw. This is Faiz. He loves to build things.,13,15,1,1
grade1_profile30586_q3_QK_20251122_101834.mp3,draw,1,Amna,30586,post,This is Zara. She loves to draw. This is Faiz. He loves to build things.,6,15,1,1
grade1_profile30586_q3_QK_20251122_101834.mp3,faiz,1,Amna,30586,post,This is Zara. She loves to draw. This is Faiz. He loves to build things.,9,15,0,0
grade1_profile30586_q3_QK_20251122_101834.mp3,he,1,Amna,30586,post,This is Zara. She loves to draw. This is Faiz. He loves to build things.,10,15,1,1
grade1_profile30586_q3_QK_20251122_101834.mp3,is,1,Amna,30586,post,This is Zara. She loves to draw. This is Faiz. He loves to build things.,1,15,1,1
grade1_profile30586_q3_QK_20251122_101834.mp3,loves,1,Amna,30586,post,This is Zara. She loves to draw. This is Faiz. He loves to build things.,4,15,1,1
grade1_profile30586_q3_QK_20251122_101834.mp3,she,1,Amna,30586,post,This is Zara. She loves to draw. This is Faiz. He loves to build things.,3,15,1,1
grade1_profile30586_q3_QK_20251122_101834.mp3,things,1,Amna,30586,post,This is Zara. She loves to draw. This is Faiz. He loves to build things.,14,15,1,1
grade1_profile30586_q3_QK_20251122_101834.mp3,this,1,Amna,30586,post,This is Zara. She loves to draw. This is Faiz. He loves to build things.,0,15,0,0
grade1_profile30586_q3_QK_20251122_101834.mp3,to,1,Amna,30586,post,This is Zara. She loves to draw. This is Faiz. He loves to build things.,5,15,1,1
grade1_profile30586_q3_QK_20251122_101834.mp3,zara,1,Amna,30586,post,This is Zara. She loves to draw. This is Faiz. He loves to build things.,2,15,1,1
grade1_profile30589_q1_LP_20251122_095026.mp3,can,1,Semal,30589,pre,Come on. We can do it together.,3,7,1,1
grade1_profile30589_q1_LP_20251122_095026.mp3,come,1,Semal,30589,pre,Come on. We can do it together.,0,7,0,0
grade1_profile30589_q1_LP_20251122_095026.mp3,do,1,Semal,30589,pre,Come on. We can do it together.,4,7,1,1
grade1_profile30589_q1_LP_20251122_095026.mp3,it,0,Semal,30589,pre,Come on. We can do it together.,5,7,1,0
grade1_profile30589_q1_LP_20251122_095026.mp3,on,1,Semal,30589,pre,Come on. We can do it together.,1,7,0,0
grade1_profile30589_q1_LP_20251122_095026.mp3,together,1,Semal,30589,pre,Come on. We can do it together.,6,7,0,0
grade1_profile30589_q1_LP_20251122_095026.mp3,we,1,Semal,30589,pre,Come on. We can do it together.,2,7,0,0
grade1_profile30589_q1_QK_20251122_095622.mp3,can,1,Rukhshan,30589,post,Come on. We can do it together.,3,7,1,1
grade1_profile30589_q1_QK_20251122_095622.mp3,come,0,Rukhshan,30589,post,Come on. We can do it together.,0,7,0,1
grade1_profile30589_q1_QK_20251122_095622.mp3,do,1,Rukhshan,30589,post,Come on. We can do it together.,4,7,1,1
grade1_profile30589_q1_QK_20251122_095622.mp3,it,1,Rukhshan,30589,post,Come on. We can do it together.,5,7,1,1
grade1_profile30589_q1_QK_20251122_095622.mp3,on,1,Rukhshan,30589,post,Come on. We can do it together.,1,7,1,1
grade1_profile30589_q1_QK_20251122_095622.mp3,together,1,Rukhshan,30589,post,Come on. We can do it together.,6,7,0,0
grade1_profile30589_q1_QK_20251122_095622.mp3,we,1,Rukhshan,30589,post,Come on. We can do it together.,2,7,1,1
grade1_profile30589_q2_LP_20251122_100201.mp3,can,1,Ali,30589,pre,It's locked. I can open it.,3,6,0,0
grade1_profile30589_q2_LP_20251122_100201.mp3,i,1,Ali,30589,pre,It's locked. I can open it.,2,6,0,0
grade1_profile30589_q2_LP_20251122_100201.mp3,it,1,Ali,30589,pre,It's locked. I can open it.,5,6,1,1
grade1_profile30589_q2_LP_20251122_100201.mp3,it's,1,Ali,30589,pre,It's locked. I can open it.,0,6,1,1
grade1_profile30589_q2_LP_20251122_100201.mp3,locked,1,Ali,30589,pre,It's locked. I can open it.,1,6,0,0
grade1_profile30589_q2_LP_20251122_100201.mp3,open,1,Ali,30589,pre,It's locked. I can open it.,4,6,1,1
grade1_profile30589_q2_QK_20251122_100724.mp3,can,1,Semal,30589,post,It's locked. I can open it.,3,6,1,1
grade1_profile30589_q2_QK_20251122_100724.mp3,i,1,Semal,30589,post,It's locked. I can open it.,2,6,1,1
grade1_profile30589_q2_QK_20251122_100724.mp3,it,1,Semal,30589,post,It's locked. I can open it.,5,6,1,1
grade1_profile30589_q2_QK_20251122_100724.mp3,it's,1,Semal,30589,post,It's locked. I can open it.,0,6,1,1
grade1_profile30589_q2_QK_20251122_100724.mp3,locked,1,Semal,30589,post,It's locked. I can open it.,1,6,0,0
grade1_profile30589_q2_QK_20251122_100724.mp3,open,1,Semal,30589,post,It's locked. I can open it.,4,6,1,1
grade1_profile30589_q3_LP_20251122_101304.mp3,build,1,Rehma,30589,pre,This is Zara. She loves to draw. This is Faiz. He loves to build things.,13,15,0,0
grade1_profile30589_q3_LP_20251122_101304.mp3,draw,1,Rehma,30589,pre,This is Zara. She loves to draw. This is Faiz. He loves to build things.,6,15,0,0
grade1_profile30589_q3_LP_20251122_101304.mp3,faiz,1,Rehma,30589,pre,This is Zara. She loves to draw. This is Faiz. He loves to build things.,9,15,0,0
grade1_profile30589_q3_LP_20251122_101304.mp3,he,1,Rehma,30589,pre,This is Zara. She loves to draw. This is Faiz. He loves to build things.,10,15,1,1
grade1_profile30589_q3_LP_20251122_101304.mp3,is,1,Rehma,30589,pre,This is Zara. She loves to draw. This is Faiz. He loves to build things.,1,15,0,0
grade1_profile30589_q3_LP_20251122_101304.mp3,loves,1,Rehma,30589,pre,This is Zara. She loves to draw. This is Faiz. He loves to build things.,4,15,1,1
grade1_profile30589_q3_LP_20251122_101304.mp3,she,1,Rehma,30589,pre,This is Zara. She loves to draw. This is Faiz. He loves to build things.,3,15,0,0
grade1_profile30589_q3_LP_20251122_101304.mp3,things,1,Rehma,30589,pre,This is Zara. She loves to draw. This is Faiz. He loves to build things.,14,15,1,1
grade1_profile30589_q3_LP_20251122_101304.mp3,this,1,Rehma,30589,pre,This is Zara. She loves to draw. This is Faiz. He loves to build things.,0,15,1,1
grade1_profile30589_q3_LP_20251122_101304.mp3,to,1,Rehma,30589,pre,This is Zara. She loves to draw. This is Faiz. He loves to build things.,5,15,0,0
grade1_profile30589_q3_LP_20251122_101304.mp3,zara,1,Rehma,30589,pre,This is Zara. She loves to draw. This is Faiz. He loves to build things.,2,15,0,0
grade1_profile30589_q3_QK_20251122_101834.mp3,build,1,Amna,30589,post,This is Zara. She loves to draw. This is Faiz. He loves to build things.,13,15,1,1
grade1_profile30589_q3_QK_20251122_101834.mp3,draw,1,Amna,30589,post,This is Zara. She loves to draw. This is Faiz. He loves to build things.,6,15,1,1
grade1_profile30589_q3_QK_20251122_101834.mp3,faiz,1,Amna,30589,post,This is Zara. She loves to draw. This is Faiz. He loves to build things.,9,15,0,0
grade1_profile30589_q3_QK_20251122_101834.mp3,he,1,Amna,30589,post,This is Zara. She loves to draw. This is Faiz. He loves to build things.,10,15,1,1
grade1_profile30589_q3_QK_20251122_101834.mp3,is,1,Amna,30589,post,This is Zara. She loves to draw. This is Faiz. He loves to build things.,1,15,1,1
grade1_profile30589_q3_QK_20251122_101834.mp3,loves,1,Amna,30589,post,This is Zara. She loves to draw. This is Faiz. He loves to build things.,4,15,1,1
grade1_profile30589_q3_QK_20251122_101834.mp3,she,1,Amna,30589,post,This is Zara. She loves to draw. This is Faiz. He loves to build things.,3,15,1,1
grade1_profile30589_q3_QK_20251122_101834.mp3,things,1,Amna,30589,post,This is Zara. She loves to draw. This is Faiz. He loves to build things.,14,15,0,0
grade1_profile30589_q3_QK_20251122_101834.mp3,this,1,Amna,30589,post,This is Zara. She loves to draw. This is Faiz. He loves to build things.,0,15,1,1
grade1_profile30589_q3_QK_20251122_101834.mp3,to,1,Amna,30589,post,This is Zara. She loves to draw. This is Faiz. He loves to build things.,5,15,1,1
grade1_profile30589_q3_QK_20251122_101834.mp3,zara,1,Amna,30589,post,This is Zara. She loves to draw. This is Faiz. He loves to build things.,2,15,1,1
grade1_profile30596_q1_LP_20251122_095026.mp3,can,1,Rehma,30596,pre,Come on. We can do it together.,3,7,1,1
grade1_profile30596_q1_LP_20251122_095026.mp3,come,1,Rehma,30596,pre,Come on. We can do it together.,0,7,1,1
grade1_profile30596_q1_LP_20251122_095026.mp3,do,1,Rehma,30596,pre,Come on. We can do it together.,4,7,1,1
grade1_profile30596_q1_LP_20251122_095026.mp3,it,1,Rehma,30596,pre,Come on. We can do it together.,5,7,1,1
grade1_profile30596_q1_LP_20251122_095026.mp3,on,0,Rehma,30596,pre,Come on. We can do it together.,1,7,0,1
grade1_profile30596_q1_LP_20251122_095026.mp3,together,0,Rehma,30596,pre,Come on. We can do it together.,6,7,0,1
grade1_profile30596_q1_LP_20251122_095026.mp3,we,1,Rehma,30596,pre,Come on. We can do it together.,2,7,0,0
grade1_profile30596_q1_QK_20251122_095622.mp3,can,1,Rehma,30596,post,Come on. We can do it together.,3,7,1,1
grade1_profile30596_q1_QK_20251122_095622.mp3,come,1,Rehma,30596,post,Come on. We can do it together.,0,7,1,1
grade1_profile30596_q1_QK_20251122_095622.mp3,do,1,Rehma,30596,post,Come on. We can do it together.,4,7,1,1
grade1_profile30596_q1_QK_20251122_095622.mp3,it,1,Rehma,30596,post,Come on. We can do it together.,5,7,1,1
grade1_profile30596_q1_QK_20251122_095622.mp3,on,0,Rehma,30596,post,Come on. We can do it together.,1,7,1,0
grade1_profile30596_q1_QK_20251122_095622.mp3,together,0,Rehma,30596,post,Come on. We can do it together.,6,7,0,1
grade1_profile30596_q1_QK_20251122_095622.mp3,we,1,Rehma,30596,post,Come on. We can do it together.,2,7,1,1
grade1_profile30596_q2_LP_20251122_100201.mp3,can,1,Rehma,30596,pre,It's locked. I can open it.,3,6,0,0
grade1_profile30596_q2_LP_20251122_100201.mp3,i,1,Rehma,30596,pre,It's locked. I can open it.,2,6,1,1
grade1_profile30596_q2_LP_20251122_100201.mp3,it,1,Rehma,30596,pre,It's locked. I can open it.,5,6,1,1
grade1_profile30596_q2_LP_20251122_100201.mp3,it's,1,Rehma,30596,pre,It's locked. I can open it.,0,6,1,1
grade1_profile30596_q2_LP_20251122_100201.mp3,locked,0,Rehma,30596,pre,It's locked. I can open it.,1,6,0,1
grade1_profile30596_q2_LP_20251122_100201.mp3,open,0,Rehma,30596,pre,It's locked. I can open it.,4,6,1,0
grade1_profile30596_q2_QK_20251122_100724.mp3,can,1,Amna,30596,post,It's locked. I can open it.,3,6,1,1
grade1_profile30596_q2_QK_20251122_100724.mp3,i,1,Amna,30596,post,It's locked. I can open it.,2,6,1,1
grade1_profile30596_q2_QK_20251122_100724.mp3,it,1,Amna,30596,post,It's locked. I can open it.,5,6,1,1
grade1_profile30596_q2_QK_20251122_100724.mp3,it's,1,Amna,30596,post,It's locked. I can open it.,0,6,1,1
grade1_profile30596_q2_QK_20251122_100724.mp3,locked,1,Amna,30596,post,It's locked. I can open it.,1,6,1,1
grade1_profile30596_q2_QK_20251122_100724.mp3,open,1,Amna,30596,post,It's locked. I can open it.,4,6,1,1
grade1_profile30596_q3_LP_20251122_101304.mp3,build,1,Dania,30596,pre,This is Zara. She loves to draw. This is Faiz. He loves to build things.,13,15,0,0
grade1_profile30596_q3_LP_20251122_101304.mp3,draw,1,Dania,30596,pre,This is Zara. She loves to draw. This is Faiz. He loves to build things.,6,15,1,1
grade1_profile30596_q3_LP_20251122_101304.mp3,is,1,Dania,30596,pre,This is Zara. She loves to draw. This is Faiz. He loves to build things.,1,15,1,1
grade1_profile30596_q3_LP_20251122_101304.mp3,loves,0,Dania,30596,pre,This is Zara. She loves to draw. This is Faiz. He loves to build things.,4,15,1,0
grade1_profile30596_q3_LP_20251122_101304.mp3,she,1,Dania,30596,pre,This is Zara. She loves to draw. This is Faiz. He loves to build things.,3,15,1,1
grade1_profile30596_q3_LP_20251122_101304.mp3,things,1,Dania,30596,pre,This is Zara. She loves to draw. This is Faiz. He loves to build things.,14,15,0,0
grade1_profile30596_q3_LP_20251122_101304.mp3,this,1,Dania,30596,pre,This is Zara. She loves to draw. This is Faiz. He loves to build things.,0,15,1,1
grade1_profile30596_q3_LP_20251122_101304.mp3,to,1,Dania,30596,pre,This is Zara. She loves to draw. This is Faiz. He loves to build things.,5,15,1,1
grade1_profile30596_q3_LP_20251122_101304.mp3,zara,1,Dania,30596,pre,This is Zara. She loves to draw. This is Faiz. He loves to build things.,2,15,1,1
grade1_profile30596_q3_QK_20251122_101834.mp3,build,1,Rukhshan,30596,post,This is Zara. She loves to draw. This is Faiz. He loves to build things.,13,15,1,1
grade1_profile30596_q3_QK_20251122_101834.mp3,draw,0,Rukhshan,30596,post,This is Zara. She loves to draw. This is Faiz. He loves to build things.,6,15,0,1
grade1_profile30596_q3_QK_20251122_101834.mp3,faiz,1,Rukhshan,30596,post,This is Zara. She loves to draw. This is Faiz. He loves to build things.,9,15,0,0
grade1_profile30596_q3_QK_20251122_101834.mp3,he,1,Rukhshan,30596,post,This is Zara. She loves to draw. This is Faiz. He loves to build things.,10,15,1,1
grade1_profile30596_q3_QK_20251122_101834.mp3,is,1,Rukhshan,30596,post,This is Zara. She loves to draw. This is Faiz. He loves to build things.,1,15,1,1
grade1_profile30596_q3_QK_20251122_101834.mp3,loves,0,Rukhshan,30596,post,This is Zara. She loves to draw. This is Faiz. He loves to build things.,4,15,1,0
grade1_profile30596_q3_QK_20251122_101834.mp3,she,1,Rukhshan,30596,post,This is Zara. She loves to draw. This is Faiz. He loves to build things.,3,15,1,1
grade1_profile30596_q3_QK_20251122_101834.mp3,things,1,Rukhshan,30596,post,This is Zara. She loves to draw. This is Faiz. He loves to build things.,14,15,0,0
grade1_profile30596_q3_QK_20251122_101834.mp3,this,1,Rukhshan,30596,post,This is Zara. She loves to draw. This is Faiz. He loves to build things.,0,15,1,1
grade1_profile30596_q3_QK_20251122_101834.mp3,to,1,Rukhshan,30596,post,This is Zara. She loves to draw. This is Faiz. He loves to build things.,5,15,1,1
grade1_profile30596_q3_QK_20251122_101834.mp3,zara,1,Rukhshan,30596,post,This is Zara. She loves to draw. This is Faiz. He loves to build things.,2,15,0,0
grade1_profile30626_q1_LP_20251122_095026.mp3,can,1,Rehma,30626,pre,Come on. We can do it together.,3,7,1,1
grade1_profile30626_q1_LP_20251122_095026.mp3,come,1,Rehma,30626,pre,Come on. We can do it together.,0,7,1,1
grade1_profile30626_q1_LP_20251122_095026.mp3,do,1,Rehma,30626,pre,Come on. We can do it together.,4,7,1,1
grade1_profile30626_q1_LP_20251122_095026.mp3,it,1,Rehma,30626,pre,Come on. We can do it together.,5,7,1,1
grade1_profile30626_q1_LP_20251122_095026.mp3,on,1,Rehma,30626,pre,Come on. We can do it together.,1,7,1,1
grade1_profile30626_q1_LP_20251122_095026.mp3,together,1,Rehma,30626,pre,Come on. We can do it together.,6,7,1,1
grade1_profile30626_q1_LP_20251122_095026.mp3,we,1,Rehma,30626,pre,Come on. We can do it together.,2,7,1,1
grade1_profile30626_q1_QK_20251122_095622.mp3,can,1,Rehma,30626,post,Come on. We can do it together.,3,7,1,1
grade1_profile30626_q1_QK_20251122_095622.mp3,come,1,Rehma,30626,post,Come on. We can do it together.,0,7,1,1
grade1_profile30626_q1_QK_20251122_095622.mp3,do,1,Rehma,30626,post,Come on. We can do it together.,4,7,1,1
grade1_profile30626_q1_QK_20251122_095622.mp3,it,1,Rehma,30626,post,Come on. We can do it together.,5,7,1,1
grade1_profile30626_q1_QK_20251122_095622.mp3,on,1,Rehma,30626,post,Come on. We can do it together.,1,7,1,1
grade1_profile30626_q1_QK_20251122_095622.mp3,together,1,Rehma,30626,post,Come on. We can do it together.,6,7,0,0
grade1_profile30626_q1_QK_20251122_095622.mp3,we,1,Rehma,30626,post,Come on. We can do it together.,2,7,1,1
grade1_profile30626_q2_LP_20251122_100201.mp3,can,1,Semal,30626,pre,It's locked. I can open it.,3,6,1,1
grade1_profile30626_q2_LP_20251122_100201.mp3,i,1,Semal,30626,pre,It's locked. I can open it.,2,6,1,1
grade1_profile30626_q2_LP_20251122_100201.mp3,it,1,Semal,30626,pre,It's locked. I can open it.,5,6,1,1
grade1_profile30626_q2_LP_20251122_100201.mp3,it's,1,Semal,30626,pre,It's locked. I can open it.,0,6,1,1
grade1_profile30626_q2_LP_20251122_100201.mp3,locked,1,Semal,30626,pre,It's locked. I can open it.,1,6,1,1
grade1_profile30626_q2_LP_20251122_100201.mp3,open,1,Semal,30626,pre,It's locked. I can open it.,4,6,1,1
grade1_profile30626_q2_QK_20251122_100724.mp3,can,1,Semal,30626,post,It's locked. I can open it.,3,6,1,1
grade1_profile30626_q2_QK_20251122_100724.mp3,i,1,Semal,30626,post,It's locked. I can open it.,2,6,1,1
grade1_profile30626_q2_QK_20251122_100724.mp3,it,0,Semal,30626,post,It's locked. I can open it.,5,6,1,0
grade1_profile30626_q2_QK_20251122_100724.mp3,it's,0,Semal,30626,post,It's locked. I can open it.,0,6,0,1
grade1_profile30626_q2_QK_20251122_100724.mp3,locked,1,Semal,30626,post,It's locked. I can open it.,1,6,1,1
grade1_profile30626_q2_QK_20251122_100724.mp3,open,1,Semal,30626,post,It's locked. I can open it.,4,6,1,1
grade1_profile30626_q3_LP_20251122_101304.mp3,build,1,Dania,30626,pre,This is Zara. She loves to draw. This is Faiz. He loves to build things.,13,15,1,1
grade1_profile30626_q3_LP_20251122_101304.mp3,draw,1,Dania,30626,pre,This is Zara. She loves to draw. This is Faiz. He loves to build things.,6,15,1,1
grade1_profile30626_q3_LP_20251122_101304.mp3,faiz,1,Dania,30626,pre,This is Zara. She loves to draw. This is Faiz. He loves to build things.,9,15,0,0
grade1_profile30626_q3_LP_20251122_101304.mp3,he,1,Dania,30626,pre,This is Zara. She loves to draw. This is Faiz. He loves to build things.,10,15,1,1
grade1_profile30626_q3_LP_20251122_101304.mp3,is,1,Dania,30626,pre,This is Zara. She loves to draw. This is Faiz. He loves to build things.,1,15,1,1
grade1_profile30626_q3_LP_20251122_101304.mp3,loves,1,Dania,30626,pre,This is Zara. She loves to draw. This is Faiz. He loves to build things.,4,15,1,1
grade1_profile30626_q3_LP_20251122_101304.mp3,she,1,Dania,30626,pre,This is Zara. She loves to draw. This is Faiz. He loves to build things.,3,15,1,1
grade1_profile30626_q3_LP_20251122_101304.mp3,things,1,Dania,30626,pre,This is Zara. She loves to draw. This is Faiz. He loves to build things.,14,15,1,1
grade1_profile30626_q3_LP_20251122_101304.mp3,this,1,Dania,30626,pre,This is Zara. She loves to draw. This is Faiz. He loves to build things.,0,15,1,1
grade1_profile30626_q3_LP_20251122_101304.mp3,to,1,Dania,30626,pre,This is Zara. She loves to draw. This is Faiz. He loves to build things.,5,15,1,1
grade1_profile30626_q3_LP_20251122_101304.mp3,zara,1,Dania,30626,pre,This is Zara. She loves to draw. This is Faiz. He loves to build things.,2,15,1,1
grade1_profile30626_q3_QK_20251122_101834.mp3,build,1,Salman,30626,post,This is Zara. She loves to draw. This is Faiz. He loves to build things.,13,15,0,0
grade1_profile30626_q3_QK_20251122_101834.mp3,draw,1,Salman,30626,post,This is Zara. She loves to draw. This is Faiz. He loves to build things.,6,15,1,1
grade1_profile30626_q3_QK_20251122_101834.mp3,faiz,1,Salman,30626,post,This is Zara. She loves to draw. This is Faiz. He loves to build things.,9,15,0,0
grade1_profile30626_q3_QK_20251122_101834.mp3,he,1,Salman,30626,post,This is Zara. She loves to draw. This is Faiz. He loves to build things.,10,15,0,0
grade1_profile30626_q3_QK_20251122_101834.mp3,is,1,Salman,30626,post,This is Zara. She loves to draw. This is Faiz. He loves to build things.,1,15,1,1
grade1_profile30626_q3_QK_20251122_101834.mp3,loves,1,Salman,30626,post,This is Zara. She loves to draw. This is Faiz. He loves to build things.,4,15,1,1
grade1_profile30626_q3_QK_20251122_101834.mp3,she,1,Salman,30626,post,This is Zara. She loves to draw. This is Faiz. He loves to build things.,3,15,1,1
grade1_profile30626_q3_QK_20251122_101834.mp3,things,1,Salman,30626,post,This is Zara. She loves to draw. This is Faiz. He loves to build things.,14,15,1,1
grade1_profile30626_q3_QK_20251122_101834.mp3,this,1,Salman,30626,post,This is Zara. She loves to draw. This is Faiz. He loves to build things.,0,15,1,1
grade1_profile30626_q3_QK_20251122_101834.mp3,to,1,Salman,30626,post,This is Zara. She loves to draw. This is Faiz. He loves to build things.,5,15,1,1
grade1_profile30626_q3_QK_20251122_101834.mp3,zara,1,Salman,30626,post,This is Zara. She loves to draw. This is Faiz. He loves to build things.,2,15,0,0
grade1_profile30630_q1_QK_20251122_095622.mp3,can,1,Semal,30630,post,Come on. We can do it together.,3,7,0,0
grade1_profile30630_q1_QK_20251122_095622.mp3,come,1,Semal,30630,post,Come on. We can do it together.,0,7,0,0
grade1_profile30630_q1_QK_20251122_095622.mp3,do,1,Semal,30630,post,Come on. We can do it together.,4,7,1,1
grade1_profile30630_q1_QK_20251122_095622.mp3,it,1,Semal,30630,post,Come on. We can do it together.,5,7,1,1
grade1_profile30630_q1_QK_20251122_095622.mp3,on,1,Semal,30630,post,Come on. We can do it together.,1,7,0,0
grade1_profile30630_q1_QK_20251122_095622.mp3,together,0,Semal,30630,post,Come on. We can do it together.,6,7,0,1
grade1_profile30630_q1_QK_20251122_095622.mp3,we,1,Semal,30630,post,Come on. We can do it together.,2,7,1,1
grade1_profile30630_q2_LP_20251122_100201.mp3,can,1,Dania,30630,pre,It's locked. I can open it.,3,6,1,1
grade1_profile30630_q2_LP_20251122_100201.mp3,i,1,Dania,30630,pre,It's locked. I can open it.,2,6,1,1
grade1_profile30630_q2_LP_20251122_100201.mp3,it,1,Dania,30630,pre,It's locked. I can open it.,5,6,1,1
grade1_profile30630_q2_LP_20251122_100201.mp3,it's,1,Dania,30630,pre,It's locked. I can open it.,0,6,1,1
grade1_profile30630_q2_LP_20251122_100201.mp3,locked,0,Dania,30630,pre,It's locked. I can open it.,1,6,0,1
grade1_profile30630_q2_LP_20251122_100201.mp3,open,1,Dania,30630,pre,It's locked. I can open it.,4,6,1,1
grade1_profile30630_q2_QK_20251122_100724.mp3,can,1,Salman,30630,post,It's locked. I can open it.,3,6,0,0
grade1_profile30630_q2_QK_20251122_100724.mp3,i,1,Salman,30630,post,It's locked. I can open it.,2,6,0,0
grade1_profile30630_q2_QK_20251122_100724.mp3,it,1,Salman,30630,post,It's locked. I can open it.,5,6,0,0
grade1_profile30630_q2_QK_20251122_100724.mp3,it's,1,Salman,30630,post,It's locked. I can open it.,0,6,1,1
grade1_profile30630_q2_QK_20251122_100724.mp3,locked,1,Salman,30630,post,It's locked. I can open it.,1,6,0,0
grade1_profile30630_q2_QK_20251122_100724.mp3,open,1,Salman,30630,post,It's locked. I can open it.,4,6,0,0
grade1_profile30630_q3_LP_20251122_101304.mp3,draw,1,Dania,30630,pre,This is Zara. She loves to draw. This is Faiz. He loves to build things.,6,15,1,1
grade1_profile30630_q3_LP_20251122_101304.mp3,is,1,Dania,30630,pre,This is Zara. She loves to draw. This is Faiz. He loves to build things.,1,15,1,1
grade1_profile30630_q3_LP_20251122_101304.mp3,loves,1,Dania,30630,pre,This is Zara. She loves to draw. This is Faiz. He loves to build things.,4,15,1,1
grade1_profile30630_q3_LP_20251122_101304.mp3,she,1,Dania,30630,pre,This is Zara. She loves to draw. This is Faiz. He loves to build things.,3,15,1,1
grade1_profile30630_q3_LP_20251122_101304.mp3,this,1,Dania,30630,pre,This is Zara. She loves to draw. This is Faiz. He loves to build things.,0,15,1,1
grade1_profile30630_q3_LP_20251122_101304.mp3,to,1,Dania,30630,pre,This is Zara. She loves to draw. This is Faiz. He loves to build things.,5,15,0,0
grade1_profile30630_q3_LP_20251122_101304.mp3,zara,1,Dania,30630,pre,This is Zara. She loves to draw. This is Faiz. He loves to build things.,2,15,1,1
grade1_profile30630_q3_QK_20251122_101834.mp3,build,1,Rehma,30630,post,This is Zara. She loves to draw. This is Faiz. He loves to build things.,13,15,0,0
grade1_profile30630_q3_QK_20251122_101834.mp3,draw,0,Rehma,30630,post,This is Zara. She loves to draw. This is Faiz. He loves to build things.,6,15,0,1
grade1_profile30630_q3_QK_20251122_101834.mp3,faiz,1,Rehma,30630,post,This is Zara. She loves to draw. This is Faiz. He loves to build things.,9,15,0,0
grade1_profile30630_q3_QK_20251122_101834.mp3,he,1,Rehma,30630,post,This is Zara. She loves to draw. This is Faiz. He loves to build things.,10,15,0,0
grade1_profile30630_q3_QK_20251122_101834.mp3,is,1,Rehma,30630,post,This is Zara. She loves to draw. This is Faiz. He loves to build things.,1,15,0,0
grade1_profile30630_q3_QK_20251122_101834.mp3,loves,1,Rehma,30630,post,This is Zara. She loves to draw. This is Faiz. He loves to build things.,4,15,1,1
grade1_profile30630_q3_QK_20251122_101834.mp3,things,1,Rehma,30630,post,This is Zara. She loves to draw. This is Faiz. He loves to build things.,14,15,0,0
grade1_profile30630_q3_QK_20251122_101834.mp3,this,1,Rehma,30630,post,This is Zara. She loves to draw. This is Faiz. He loves to build things.,0,15,1,1
grade1_profile30630_q3_QK_20251122_101834.mp3,to,1,Rehma,30630,post,This is Zara. She loves to draw. This is Faiz. He loves to build things.,5,15,1,1
grade1_profile30633_q1_LP_20251122_095026.mp3,come,1,Dania,30633,pre,Come on. We can do it together.,0,7,0,0
grade1_profile30633_q1_LP_20251122_095026.mp3,on,1,Dania,30633,pre,Come on. We can do it together.,1,7,1,1
grade1_profile30633_q1_LP_20251122_095026.mp3,we,1,Dania,30633,pre,Come on. We can do it together.,2,7,0,0
grade1_profile30633_q1_QK_20251122_095622.mp3,can,1,Amna,30633,post,Come on. We can do it together.,3,7,1,1
grade1_profile30633_q1_QK_20251122_095622.mp3,come,1,Amna,30633,post,Come on. We can do it together.,0,7,0,0
grade1_profile30633_q1_QK_20251122_095622.mp3,do,1,Amna,30633,post,Come on. We can do it together.,4,7,1,1
grade1_profile30633_q1_QK_20251122_095622.mp3,it,1,Amna,30633,post,Come on. We can do it together.,5,7,1,1
grade1_profile30633_q1_QK_20251122_095622.mp3,on,1,Amna,30633,post,Come on. We can do it together.,1,7,0,0
grade1_profile30633_q1_QK_20251122_095622.mp3,together,1,Amna,30633,post,Come on. We can do it together.,6,7,0,0
grade1_profile30633_q1_QK_20251122_095622.mp3,we,1,Amna,30633,post,Come on. We can do it together.,2,7,1,1
grade1_profile30633_q2_LP_20251122_100201.mp3,can,1,Rehma,30633,pre,It's locked. I can open it.,3,6,1,1
grade1_profile30633_q2_LP_20251122_100201.mp3,i,1,Rehma,30633,pre,It's locked. I can open it.,2,6,1,1
grade1_profile30633_q2_LP_20251122_100201.mp3,it,1,Rehma,30633,pre,It's locked. I can open it.,5,6,1,1
grade1_profile30633_q2_LP_20251122_100201.mp3,it's,1,Rehma,30633,pre,It's locked. I can open it.,0,6,1,1
grade1_profile30633_q2_LP_20251122_100201.mp3,locked,0,Rehma,30633,pre,It's locked. I can open it.,1,6,0,1
grade1_profile30633_q2_LP_20251122_100201.mp3,open,1,Rehma,30633,pre,It's locked. I can open it.,4,6,1,1
grade1_profile30633_q2_QK_20251122_100724.mp3,can,1,Ali,30633,post,It's locked. I can open it.,3,6,1,1
grade1_profile30633_q2_QK_20251122_100724.mp3,i,1,Ali,30633,post,It's locked. I can open it.,2,6,1,1
grade1_profile30633_q2_QK_20251122_100724.mp3,it,1,Ali,30633,post,It's locked. I can open it.,5,6,1,1
grade1_profile30633_q2_QK_20251122_100724.mp3,it's,1,Ali,30633,post,It's locked. I can open it.,0,6,1,1
grade1_profile30633_q2_QK_20251122_100724.mp3,locked,0,Ali,30633,post,It's locked. I can open it.,1,6,0,1
grade1_profile30633_q2_QK_20251122_100724.mp3,open,1,Ali,30633,post,It's locked. I can open it.,4,6,1,1
grade1_profile30633_q3_LP_20251122_101304.mp3,build,1,Salman,30633,pre,This is Zara. She loves to draw. This is Faiz. He loves to build things.,13,15,0,0
grade1_profile30633_q3_LP_20251122_101304.mp3,draw,1,Salman,30633,pre,This is Zara. She loves to draw. This is Faiz. He loves to build things.,6,15,1,1
grade1_profile30633_q3_LP_20251122_101304.mp3,faiz,0,Salman,30633,pre,This is Zara. She loves to draw. This is Faiz. He loves to build things.,9,15,0,1
grade1_profile30633_q3_LP_20251122_101304.mp3,he,0,Salman,30633,pre,This is Zara. She loves to draw. This is Faiz. He loves to build things.,10,15,1,0
grade1_profile30633_q3_LP_20251122_101304.mp3,is,1,Salman,30633,pre,This is Zara. She loves to draw. This is Faiz. He loves to build things.,1,15,1,1
grade1_profile30633_q3_LP_20251122_101304.mp3,loves,1,Salman,30633,pre,This is Zara. She loves to draw. This is Faiz. He loves to build things.,4,15,1,1
grade1_profile30633_q3_LP_20251122_101304.mp3,she,1,Salman,30633,pre,This is Zara. She loves to draw. This is Faiz. He loves to build things.,3,15,1,1
grade1_profile30633_q3_LP_20251122_101304.mp3,things,1,Salman,30633,pre,This is Zara. She loves to draw. This is Faiz. He loves to build things.,14,15,1,1
grade1_profile30633_q3_LP_20251122_101304.mp3,this,1,Salman,30633,pre,This is Zara. She loves to draw. This is Faiz. He loves to build things.,0,15,1,1
grade1_profile30633_q3_LP_20251122_101304.mp3,to,1,Salman,30633,pre,This is Zara. She loves to draw. This is Faiz. He loves to build things.,5,15,1,1
grade1_profile30633_q3_LP_20251122_101304.mp3,zara,1,Salman,30633,pre,This is Zara. She loves to draw. This is Faiz. He loves to build things.,2,15,1,1
grade1_profile30633_q3_QK_20251122_101834.mp3,build,1,Amna,30633,post,This is Zara. She loves to draw. This is Faiz. He loves to build things.,13,15,0,0
grade1_profile30633_q3_QK_20251122_101834.mp3,draw,0,Amna,30633,post,This is Zara. She loves to draw. This is Faiz. He loves to build things.,6,15,0,1
grade1_profile30633_q3_QK_20251122_101834.mp3,faiz,1,Amna,30633,post,This is Zara. She loves to draw. This is Faiz. He loves to build things.,9,15,0,0
grade1_profile30633_q3_QK_20251122_101834.mp3,he,1,Amna,30633,post,This is Zara. She loves to draw. This is Faiz. He loves to build things.,10,15,1,1
grade1_profile30633_q3_QK_20251122_101834.mp3,is,1,Amna,30633,post,This is Zara. She loves to draw. This is Faiz. He loves to build things.,1,15,1,1
grade1_profile30633_q3_QK_20251122_101834.mp3,loves,1,Amna,30633,post,This is Zara. She loves to draw. This is Faiz. He loves to build things.,4,15,1,1
grade1_profile30633_q3_QK_20251122_101834.mp3,she,1,Amna,30633,post,This is Zara. She loves to draw. This is Faiz. He loves to build things.,3,15,1,1
grade1_profile30633_q3_QK_20251122_101834.mp3,things,1,Amna,30633,post,This is Zara. She loves to draw. This is Faiz. He loves to build things.,14,15,1,1
grade1_profile30633_q3_QK_20251122_101834.mp3,this,1,Amna,30633,post,This is Zara. She loves to draw. This is Faiz. He loves to build things.,0,15,1,1
grade1_profile30633_q3_QK_20251122_101834.mp3,to,1,Amna,30633,post,This is Zara. She loves to draw. This is Faiz. He loves to build things.,5,15,1,1
grade1_profile30633_q3_QK_20251122_101834.mp3,zara,1,Amna,30633,post,This is Zara. She loves to draw. This is Faiz. He loves to build things.,2,15,1,1
grade1_profile30665_q1_LP_20251122_095026.mp3,can,1,Rukhshan,30665,pre,Come on. We can do it together.,3,7,0,0
grade1_profile30665_q1_LP_20251122_095026.mp3,come,1,Rukhshan,30665,pre,Come on. We can do it together.,0,7,0,0
grade1_profile30665_q1_LP_20251122_095026.mp3,do,1,Rukhshan,30665,pre,Come on. We can do it together.,4,7,1,1
grade1_profile30665_q1_LP_20251122_095026.mp3,on,1,Rukhshan,30665,pre,Come on. We can do it together.,1,7,0,0
grade1_profile30665_q1_LP_20251122_095026.mp3,we,1,Rukhshan,30665,pre,Come on. We can do it together.,2,7,0,0
grade1_profile30665_q1_QK_20251122_095622.mp3,can,1,Rehma,30665,post,Come on. We can do it together.,3,7,1,1
grade1_profile30665_q1_QK_20251122_095622.mp3,come,1,Rehma,30665,post,Come on. We can do it together.,0,7,0,0
grade1_profile30665_q1_QK_20251122_095622.mp3,do,1,Rehma,30665,post,Come on. We can do it together.,4,7,1,1
grade1_profile30665_q1_QK_20251122_095622.mp3,it,1,Rehma,30665,post,Come on. We can do it together.,5,7,1,1
grade1_profile30665_q1_QK_20251122_095622.mp3,on,1,Rehma,30665,post,Come on. We can do it together.,1,7,0,0
grade1_profile30665_q1_QK_20251122_095622.mp3,together,1,Rehma,30665,post,Come on. We can do it together.,6,7,0,0
grade1_profile30665_q1_QK_20251122_095622.mp3,we,1,Rehma,30665,post,Come on. We can do it together.,2,7,1,1
grade1_profile30665_q2_LP_20251122_100201.mp3,can,1,Semal,30665,pre,It's locked. I can open it.,3,6,0,0
grade1_profile30665_q2_LP_20251122_100201.mp3,i,1,Semal,30665,pre,It's locked. I can open it.,2,6,1,1
grade1_profile30665_q2_LP_20251122_100201.mp3,it,1,Semal,30665,pre,It's locked. I can open it.,5,6,1,1
grade1_profile30665_q2_LP_20251122_100201.mp3,it's,0,Semal,30665,pre,It's locked. I can open it.,0,6,0,1
grade1_profile30665_q2_LP_20251122_100201.mp3,locked,0,Semal,30665,pre,It's locked. I can open it.,1,6,0,1
grade1_profile30665_q2_LP_20251122_100201.mp3,open,1,Semal,30665,pre,It's locked. I can open it.,4,6,1,1
grade1_profile30665_q3_LP_20251122_101304.mp3,build,1,Salman,30665,pre,This is Zara. She loves to draw. This is Faiz. He loves to build things.,13,15,1,1
grade1_profile30665_q3_LP_20251122_101304.mp3,draw,1,Salman,30665,pre,This is Zara. She loves to draw. This is Faiz. He loves to build things.,6,15,0,0
grade1_profile30665_q3_LP_20251122_101304.mp3,faiz,1,Salman,30665,pre,This is Zara. She loves to draw. This is Faiz. He loves to build things.,9,15,0,0
grade1_profile30665_q3_LP_20251122_101304.mp3,he,1,Salman,30665,pre,This is Zara. She loves to draw. This is Faiz. He loves to build things.,10,15,1,1
grade1_profile30665_q3_LP_20251122_101304.mp3,is,1,Salman,30665,pre,This is Zara. She loves to draw. This is Faiz. He loves to build things.,1,15,1,1
grade1_profile30665_q3_LP_20251122_101304.mp3,loves,1,Salman,30665,pre,This is Zara. She loves to draw. This is Faiz. He loves to build things.,4,15,1,1
grade1_profile30665_q3_LP_20251122_101304.mp3,she,1,Salman,30665,pre,This is Zara. She loves to draw. This is Faiz. He loves to build things.,3,15,0,0
grade1_profile30665_q3_LP_20251122_101304.mp3,things,0,Salman,30665,pre,This is Zara. She loves to draw. This is Faiz. He loves to build things.,14,15,0,1
grade1_profile30665_q3_LP_20251122_101304.mp3,this,1,Salman,30665,pre,This is Zara. She loves to draw. This is Faiz. He loves to build things.,0,15,1,1
grade1_profile30665_q3_LP_20251122_101304.mp3,to,1,Salman,30665,pre,This is Zara. She loves to draw. This is Faiz. He loves to build things.,5,15,1,1
grade1_profile30665_q3_LP_20251122_101304.mp3,zara,1,Salman,30665,pre,This is Zara. She loves to draw. This is Faiz. He loves to build things.,2,15,1,1
grade1_profile30665_q3_QK_20251122_101834.mp3,build,1,Semal,30665,post,This is Zara. She loves to draw. This is Faiz. He loves to build things.,13,15,1,1
grade1_profile30665_q3_QK_20251122_101834.mp3,draw,1,Semal,30665,post,This is Zara. She loves to draw. This is Faiz. He loves to build things.,6,15,1,1
grade1_profile30665_q3_QK_20251122_101834.mp3,faiz,1,Semal,30665,post,This is Zara. She loves to draw. This is Faiz. He loves to build things.,9,15,0,0
grade1_profile30665_q3_QK_20251122_101834.mp3,he,1,Semal,30665,post,This is Zara. She loves to draw. This is Faiz. He loves to build things.,10,15,1,1
grade1_profile30665_q3_QK_20251122_101834.mp3,is,1,Semal,30665,post,This is Zara. She loves to draw. This is Faiz. He loves to build things.,1,15,1,1
grade1_profile30665_q3_QK_20251122_101834.mp3,loves,1,Semal,30665,post,This is Zara. She loves to draw. This is Faiz. He loves to build things.,4,15,1,1
grade1_profile30665_q3_QK_20251122_101834.mp3,she,1,Semal,30665,post,This is Zara. She loves to draw. This is Faiz. He loves to build things.,3,15,1,1
grade1_profile30665_q3_QK_20251122_101834.mp3,things,1,Semal,30665,post,This is Zara. She loves to draw. This is Faiz. He loves to build things.,14,15,1,1
grade1_profile30665_q3_QK_20251122_101834.mp3,this,1,Semal,30665,post,This is Zara. She loves to draw. This is Faiz. He loves to build things.,0,15,1,1
grade1_profile30665_q3_QK_20251122_101834.mp3,to,1,Semal,30665,post,This is Zara. She loves to draw. This is Faiz. He loves to build things.,5,15,1,1
grade1_profile30665_q3_QK_20251122_101834.mp3,zara,1,Semal,30665,post,This is Zara. She loves to draw. This is Faiz. He loves to build things.,2,15,0,0
grade1_profile30684_q1_LP_20251122_095026.mp3,can,1,Rehma,30684,pre,Come on. We can do it together.,3,7,1,1
grade1_profile30684_q1_LP_20251122_095026.mp3,come,1,Rehma,30684,pre,Come on. We can do it together.,0,7,1,1
grade1_profile30684_q1_LP_20251122_095026.mp3,do,1,Rehma,30684,pre,Come on. We can do it together.,4,7,1,1
grade1_profile30684_q1_LP_20251122_095026.mp3,it,1,Rehma,30684,pre,Come on. We can do it together.,5,7,1,1
grade1_profile30684_q1_LP_20251122_095026.mp3,on,1,Rehma,30684,pre,Come on. We can do it together.,1,7,1,1
grade1_profile30684_q1_LP_20251122_095026.mp3,together,1,Rehma,30684,pre,Come on. We can do it together.,6,7,1,1
grade1_profile30684_q1_LP_20251122_095026.mp3,we,1,Rehma,30684,pre,Come on. We can do it together.,2,7,1,1
grade1_profile30684_q1_QK_20251122_095622.mp3,can,1,Semal,30684,post,Come on. We can do it together.,3,7,1,1
grade1_profile30684_q1_QK_20251122_095622.mp3,come,1,Semal,30684,post,Come on. We can do it together.,0,7,1,1
grade1_profile30684_q1_QK_20251122_095622.mp3,do,1,Semal,30684,post,Come on. We can do it together.,4,7,1,1
grade1_profile30684_q1_QK_20251122_095622.mp3,it,1,Semal,30684,post,Come on. We can do it together.,5,7,1,1
grade1_profile30684_q1_QK_20251122_095622.mp3,on,0,Semal,30684,post,Come on. We can do it together.,1,7,0,1
grade1_profile30684_q1_QK_20251122_095622.mp3,together,0,Semal,30684,post,Come on. We can do it together.,6,7,1,0
grade1_profile30684_q1_QK_20251122_095622.mp3,we,1,Semal,30684,post,Come on. We can do it together.,2,7,1,1
grade1_profile30684_q2_LP_20251122_100201.mp3,can,1,Rukhshan,30684,pre,It's locked. I can open it.,3,6,1,1
grade1_profile30684_q2_LP_20251122_100201.mp3,i,1,Rukhshan,30684,pre,It's locked. I can open it.,2,6,1,1
grade1_profile30684_q2_LP_20251122_100201.mp3,it,1,Rukhshan,30684,pre,It's locked. I can open it.,5,6,1,1
grade1_profile30684_q2_LP_20251122_100201.mp3,it's,1,Rukhshan,30684,pre,It's locked. I can open it.,0,6,1,1
grade1_profile30684_q2_LP_20251122_100201.mp3,locked,0,Rukhshan,30684,pre,It's locked. I can open it.,1,6,0,1
grade1_profile30684_q2_LP_20251122_100201.mp3,open,1,Rukhshan,30684,pre,It's locked. I can open it.,4,6,1,1
grade1_profile30684_q2_QK_20251122_100724.mp3,can,1,Ali,30684,post,It's locked. I can open it.,3,6,1,1
grade1_profile30684_q2_QK_20251122_100724.mp3,i,1,Ali,30684,post,It's locked. I can open it.,2,6,1,1
grade1_profile30684_q2_QK_20251122_100724.mp3,it,1,Ali,30684,post,It's locked. I can open it.,5,6,1,1
grade1_profile30684_q2_QK_20251122_100724.mp3,it's,1,Ali,30684,post,It's locked. I can open it.,0,6,1,1
grade1_profile30684_q2_QK_20251122_100724.mp3,locked,0,Ali,30684,post,It's locked. I can open it.,1,6,0,1
grade1_profile30684_q2_QK_20251122_100724.mp3,open,1,Ali,30684,post,It's locked. I can open it.,4,6,1,1
grade1_profile30684_q3_LP_20251122_101304.mp3,build,0,Rukhshan,30684,pre,This is Zara. She loves to draw. This is Faiz. He loves to build things.,13,15,0,1
grade1_profile30684_q3_LP_20251122_101304.mp3,draw,1,Rukhshan,30684,pre,This is Zara. She loves to draw. This is Faiz. He loves to build things.,6,15,1,1
grade1_profile30684_q3_LP_20251122_101304.mp3,faiz,1,Rukhshan,30684,pre,This is Zara. She loves to draw. This is Faiz. He loves to build things.,9,15,0,0
grade1_profile30684_q3_LP_20251122_101304.mp3,he,1,Rukhshan,30684,pre,This is Zara. She loves to draw. This is Faiz. He loves to build things.,10,15,1,1
grade1_profile30684_q3_LP_20251122_101304.mp3,is,1,Rukhshan,30684,pre,This is Zara. She loves to draw. This is Faiz. He loves to build things.,1,15,1,1
grade1_profile30684_q3_LP_20251122_101304.mp3,loves,1,Rukhshan,30684,pre,This is Zara. She loves to draw. This is Faiz. He loves to build things.,4,15,1,1
grade1_profile30684_q3_LP_20251122_101304.mp3,she,1,Rukhshan,30684,pre,This is Zara. She loves to draw. This is Faiz. He loves to build things.,3,15,1,1
grade1_profile30684_q3_LP_20251122_101304.mp3,things,1,Rukhshan,30684,pre,This is Zara. She loves to draw. This is Faiz. He loves to build things.,14,15,0,0
grade1_profile30684_q3_LP_20251122_101304.mp3,this,1,Rukhshan,30684,pre,This is Zara. She loves to draw. This is Faiz. He loves to build things.,0,15,1,1
grade1_profile30684_q3_LP_20251122_101304.mp3,to,1,Rukhshan,30684,pre,This is Zara. She loves to draw. This is Faiz. He loves to build things.,5,15,1,1
grade1_profile30684_q3_LP_20251122_101304.mp3,zara,1,Rukhshan,30684,pre,This is Zara. She loves to draw. This is Faiz. He loves to build things.,2,15,0,0
grade1_profile30684_q3_QK_20251122_101834.mp3,build,0,Rehma,30684,post,This is Zara. She loves to draw. This is Faiz. He loves to build things.,13,15,0,1
grade1_profile30684_q3_QK_20251122_101834.mp3,draw,1,Rehma,30684,post,This is Zara. She loves to draw. This is Faiz. He loves to build things.,6,15,1,1
grade1_profile30684_q3_QK_20251122_101834.mp3,faiz,1,Rehma,30684,post,This is Zara. She loves to draw. This is Faiz. He loves to build things.,9,15,0,0
grade1_profile30684_q3_QK_20251122_101834.mp3,he,1,Rehma,30684,post,This is Zara. She loves to draw. This is Faiz. He loves to build things.,10,15,1,1
grade1_profile30684_q3_QK_20251122_101834.mp3,is,1,Rehma,30684,post,This is Zara. She loves to draw. This is Faiz. He loves to build things.,1,15,1,1
grade1_profile30684_q3_QK_20251122_101834.mp3,loves,1,Rehma,30684,post,This is Zara. She loves to draw. This is Faiz. He loves to build things.,4,15,1,1
grade1_profile30684_q3_QK_20251122_101834.mp3,she,1,Rehma,30684,post,This is Zara. She loves to draw. This is Faiz. He loves to build things.,3,15,1,1
grade1_profile30684_q3_QK_20251122_101834.mp3,things,1,Rehma,30684,post,This is Zara. She loves to draw. This is Faiz. He loves to build things.,14,15,1,1
grade1_profile30684_q3_QK_20251122_101834.mp3,this,1,Rehma,30684,post,This is Zara. She loves to draw. This is Faiz. He loves to build things.,0,15,1,1
grade1_profile30684_q3_QK_20251122_101834.mp3,to,1,Rehma,30684,post,This is Zara. She loves to draw. This is Faiz. He loves to build things.,5,15,1,1
grade1_profile30684_q3_QK_20251122_101834.mp3,zara,1,Rehma,30684,post,This is Zara. She loves to draw. This is Faiz. He loves to build things.,2,15,0,0
grade1_profile30693_q1_LP_20251122_095026.mp3,come,0,Rehma,30693,pre,Come on. We can do it together.,0,7,0,1
grade1_profile30693_q1_LP_20251122_095026.mp3,do,1,Rehma,30693,pre,Come on. We can do it together.,4,7,0,0
grade1_profile30693_q1_LP_20251122_095026.mp3,on,0,Rehma,30693,pre,Come on. We can do it together.,1,7,0,1
grade1_profile30693_q3_LP_20251122_101304.mp3,is,1,Rehma,30693,pre,This is Zara. She loves to draw. This is Faiz. He loves to build things.,1,15,1,1
grade1_profile30693_q3_LP_20251122_101304.mp3,loves,0,Rehma,30693,pre,This is Zara. She loves to draw. This is Faiz. He loves to build things.,4,15,1,0
grade1_profile30693_q3_LP_20251122_101304.mp3,she,1,Rehma,30693,pre,This is Zara. She loves to draw. This is Faiz. He loves to build things.,3,15,1,1
grade1_profile30693_q3_LP_20251122_101304.mp3,this,1,Rehma,30693,pre,This is Zara. She loves to draw. This is Faiz. He loves to build things.,0,15,1,1
grade1_profile30693_q3_LP_20251122_101304.mp3,zara,0,Rehma,30693,pre,This is Zara. She loves to draw. This is Faiz. He loves to build things.,2,15,0,1
grade1_profile30695_q1_LP_20251122_095026.mp3,come,1,Rehma,30695,pre,Come on. We can do it together.,0,7,1,1
grade1_profile30695_q1_LP_20251122_095026.mp3,on,1,Rehma,30695,pre,Come on. We can do it together.,1,7,1,1
grade1_profile30695_q1_LP_20251122_095026.mp3,together,0,Rehma,30695,pre,Come on. We can do it together.,6,7,0,1
grade1_profile30695_q1_QK_20251122_095622.mp3,can,0,Dania,30695,post,Come on. We can do it together.,3,7,1,0
grade1_profile30695_q1_QK_20251122_095622.mp3,come,0,Dania,30695,post,Come on. We can do it together.,0,7,1,0
grade1_profile30695_q1_QK_20251122_095622.mp3,do,0,Dania,30695,post,Come on. We can do it together.,4,7,1,0
grade1_profile30695_q1_QK_20251122_095622.mp3,it,0,Dania,30695,post,Come on. We can do it together.,5,7,1,0
grade1_profile30695_q1_QK_20251122_095622.mp3,on,0,Dania,30695,post,Come on. We can do it together.,1,7,1,0
grade1_profile30695_q1_QK_20251122_095622.mp3,together,0,Dania,30695,post,Come on. We can do it together.,6,7,0,1
grade1_profile30695_q1_QK_20251122_095622.mp3,we,0,Dania,30695,post,Come on. We can do it together.,2,7,1,0
grade1_profile30695_q2_LP_20251122_100201.mp3,can,1,Semal,30695,pre,It's locked. I can open it.,3,6,1,1
grade1_profile30695_q2_LP_20251122_100201.mp3,i,1,Semal,30695,pre,It's locked. I can open it.,2,6,0,0
grade1_profile30695_q2_LP_20251122_100201.mp3,it,1,Semal,30695,pre,It's locked. I can open it.,5,6,1,1
grade1_profile30695_q2_LP_20251122_100201.mp3,it's,0,Semal,30695,pre,It's locked. I can open it.,0,6,0,1
grade1_profile30695_q2_LP_20251122_100201.mp3,locked,1,Semal,30695,pre,It's locked. I can open it.,1,6,0,0
grade1_profile30695_q2_LP_20251122_100201.mp3,open,1,Semal,30695,pre,It's locked. I can open it.,4,6,1,1
grade1_profile30695_q2_QK_20251122_100724.mp3,can,1,Rukhshan,30695,post,It's locked. I can open it.,3,6,1,1
grade1_profile30695_q2_QK_20251122_100724.mp3,i,1,Rukhshan,30695,post,It's locked. I can open it.,2,6,1,1
grade1_profile30695_q2_QK_20251122_100724.mp3,it,1,Rukhshan,30695,post,It's locked. I can open it.,5,6,1,1
grade1_profile30695_q2_QK_20251122_100724.mp3,it's,1,Rukhshan,30695,post,It's locked. I can open it.,0,6,1,1
grade1_profile30695_q2_QK_20251122_100724.mp3,locked,1,Rukhshan,30695,post,It's locked. I can open it.,1,6,1,1
grade1_profile30695_q2_QK_20251122_100724.mp3,open,1,Rukhshan,30695,post,It's locked. I can open it.,4,6,1,1
grade1_profile30695_q3_LP_20251122_101304.mp3,build,1,Dania,30695,pre,This is Zara. She loves to draw. This is Faiz. He loves to build things.,13,15,0,0
grade1_profile30695_q3_LP_20251122_101304.mp3,draw,1,Dania,30695,pre,This is Zara. She loves to draw. This is Faiz. He loves to build things.,6,15,0,0
grade1_profile30695_q3_LP_20251122_101304.mp3,faiz,1,Dania,30695,pre,This is Zara. She loves to draw. This is Faiz. He loves to build things.,9,15,0,0
grade1_profile30695_q3_LP_20251122_101304.mp3,he,1,Dania,30695,pre,This is Zara. She loves to draw. This is Faiz. He loves to build things.,10,15,0,0
grade1_profile30695_q3_LP_20251122_101304.mp3,is,1,Dania,30695,pre,This is Zara. She loves to draw. This is Faiz. He loves to build things.,1,15,1,1
grade1_profile30695_q3_LP_20251122_101304.mp3,loves,1,Dania,30695,pre,This is Zara. She loves to draw. This is Faiz. He loves to build things.,4,15,1,1
grade1_profile30695_q3_LP_20251122_101304.mp3,she,1,Dania,30695,pre,This is Zara. She loves to draw. This is Faiz. He loves to build things.,3,15,0,0
grade1_profile30695_q3_LP_20251122_101304.mp3,things,1,Dania,30695,pre,This is Zara. She loves to draw. This is Faiz. He loves to build things.,14,15,0,0
grade1_profile30695_q3_LP_20251122_101304.mp3,this,1,Dania,30695,pre,This is Zara. She loves to draw. This is Faiz. He loves to build things.,0,15,1,1
grade1_profile30695_q3_LP_20251122_101304.mp3,to,0,Dania,30695,pre,This is Zara. She loves to draw. This is Faiz. He loves to build things.,5,15,1,0
grade1_profile30695_q3_LP_20251122_101304.mp3,zara,1,Dania,30695,pre,This is Zara. She loves to draw. This is Faiz. He loves to build things.,2,15,0,0
grade1_profile30695_q3_QK_20251122_101834.mp3,build,1,Amna,30695,post,This is Zara. She loves to draw. This is Faiz. He loves to build things.,13,15,1,1
grade1_profile30695_q3_QK_20251122_101834.mp3,draw,1,Amna,30695,post,This is Zara. She loves to draw. This is Faiz. He loves to build things.,6,15,1,1
grade1_profile30695_q3_QK_20251122_101834.mp3,faiz,1,Amna,30695,post,This is Zara. She loves to draw. This is Faiz. He loves to build things.,9,15,0,0
grade1_profile30695_q3_QK_20251122_101834.mp3,he,1,Amna,30695,post,This is Zara. She loves to draw. This is Faiz. He loves to build things.,10,15,1,1
grade1_profile30695_q3_QK_20251122_101834.mp3,is,1,Amna,30695,post,This is Zara. She loves to draw. This is Faiz. He loves to build things.,1,15,1,1
grade1_profile30695_q3_QK_20251122_101834.mp3,loves,1,Amna,30695,post,This is Zara. She loves to draw. This is Faiz. He loves to build things.,4,15,1,1
grade1_profile30695_q3_QK_20251122_101834.mp3,she,1,Amna,30695,post,This is Zara. She loves to draw. This is Faiz. He loves to build things.,3,15,1,1
grade1_profile30695_q3_QK_20251122_101834.mp3,things,1,Amna,30695,post,This is Zara. She loves to draw. This is Faiz. He loves to build things.,14,15,0,0
grade1_profile30695_q3_QK_20251122_101834.mp3,this,1,Amna,30695,post,This is Zara. She loves to draw. This is Faiz. He loves to build things.,0,15,1,1
grade1_profile30695_q3_QK_20251122_101834.mp3,to,1,Amna,30695,post,This is Zara. She loves to draw. This is Faiz. He loves to build things.,5,15,1,1
grade1_profile30695_q3_QK_20251122_101834.mp3,zara,1,Amna,30695,post,This is Zara. She loves to draw. This is Faiz. He loves to build things.,2,15,1,1
grade1_profile30822_q1_LP_20251122_095026.mp3,can,1,Dania,30822,pre,Come on. We can do it together.,3,7,1,1
grade1_profile30822_q1_LP_20251122_095026.mp3,come,1,Dania,30822,pre,Come on. We can do it together.,0,7,1,1
grade1_profile30822_q1_LP_20251122_095026.mp3,do,1,Dania,30822,pre,Come on. We can do it together.,4,7,1,1
grade1_profile30822_q1_LP_20251122_095026.mp3,it,1,Dania,30822,pre,Come on. We can do it together.,5,7,1,1
grade1_profile30822_q1_LP_20251122_095026.mp3,on,0,Dania,30822,pre,Come on. We can do it together.,1,7,0,1
grade1_profile30822_q1_LP_20251122_095026.mp3,together,1,Dania,30822,pre,Come on. We can do it together.,6,7,0,0
grade1_profile30822_q1_LP_20251122_095026.mp3,we,1,Dania,30822,pre,Come on. We can do it together.,2,7,1,1
grade1_profile30822_q1_QK_20251122_095622.mp3,can,1,Rehma,30822,post,Come on. We can do it together.,3,7,1,1
grade1_profile30822_q1_QK_20251122_095622.mp3,come,1,Rehma,30822,post,Come on. We can do it together.,0,7,1,1
grade1_profile30822_q1_QK_20251122_095622.mp3,do,1,Rehma,30822,post,Come on. We can do it together.,4,7,1,1
grade1_profile30822_q1_QK_20251122_095622.mp3,it,1,Rehma,30822,post,Come on. We can do it together.,5,7,1,1
grade1_profile30822_q1_QK_20251122_095622.mp3,on,1,Rehma,30822,post,Come on. We can do it together.,1,7,1,1
grade1_profile30822_q1_QK_20251122_095622.mp3,together,1,Rehma,30822,post,Come on. We can do it together.,6,7,1,1
grade1_profile30822_q1_QK_20251122_095622.mp3,we,1,Rehma,30822,post,Come on. We can do it together.,2,7,1,1
grade1_profile30822_q2_LP_20251122_100201.mp3,can,1,Semal,30822,pre,It's locked. I can open it.,3,6,1,1
grade1_profile30822_q2_LP_20251122_100201.mp3,i,1,Semal,30822,pre,It's locked. I can open it.,2,6,1,1
grade1_profile30822_q2_LP_20251122_100201.mp3,it,1,Semal,30822,pre,It's locked. I can open it.,5,6,1,1
grade1_profile30822_q2_LP_20251122_100201.mp3,it's,1,Semal,30822,pre,It's locked. I can open it.,0,6,1,1
grade1_profile30822_q2_LP_20251122_100201.mp3,locked,1,Semal,30822,pre,It's locked. I can open it.,1,6,0,0
grade1_profile30822_q2_LP_20251122_100201.mp3,open,1,Semal,30822,pre,It's locked. I can open it.,4,6,1,1
grade1_profile30822_q2_QK_20251122_100724.mp3,can,1,Amna,30822,post,It's locked. I can open it.,3,6,1,1
grade1_profile30822_q2_QK_20251122_100724.mp3,i,1,Amna,30822,post,It's locked. I can open it.,2,6,1,1
grade1_profile30822_q2_QK_20251122_100724.mp3,it,1,Amna,30822,post,It's locked. I can open it.,5,6,1,1
grade1_profile30822_q2_QK_20251122_100724.mp3,it's,1,Amna,30822,post,It's locked. I can open it.,0,6,1,1
grade1_profile30822_q2_QK_20251122_100724.mp3,locked,1,Amna,30822,post,It's locked. I can open it.,1,6,0,0
grade1_profile30822_q2_QK_20251122_100724.mp3,open,1,Amna,30822,post,It's locked. I can open it.,4,6,1,1
grade1_profile30822_q3_LP_20251122_101304.mp3,build,1,Amna,30822,pre,This is Zara. She loves to draw. This is Faiz. He loves to build things.,13,15,1,1
grade1_profile30822_q3_LP_20251122_101304.mp3,draw,1,Amna,30822,pre,This is Zara. She loves to draw. This is Faiz. He loves to build things.,6,15,1,1
grade1_profile30822_q3_LP_20251122_101304.mp3,faiz,1,Amna,30822,pre,This is Zara. She loves to draw. This is Faiz. He loves to build things.,9,15,0,0
grade1_profile30822_q3_LP_20251122_101304.mp3,he,1,Amna,30822,pre,This is Zara. She loves to draw. This is Faiz. He loves to build things.,10,15,1,1
grade1_profile30822_q3_LP_20251122_101304.mp3,is,1,Amna,30822,pre,This is Zara. She loves to draw. This is Faiz. He loves to build things.,1,15,1,1
grade1_profile30822_q3_LP_20251122_101304.mp3,loves,1,Amna,30822,pre,This is Zara. She loves to draw. This is Faiz. He loves to build things.,4,15,1,1
grade1_profile30822_q3_LP_20251122_101304.mp3,she,1,Amna,30822,pre,This is Zara. She loves to draw. This is Faiz. He loves to build things.,3,15,1,1
grade1_profile30822_q3_LP_20251122_101304.mp3,things,1,Amna,30822,pre,This is Zara. She loves to draw. This is Faiz. He loves to build things.,14,15,1,1
grade1_profile30822_q3_LP_20251122_101304.mp3,this,1,Amna,30822,pre,This is Zara. She loves to draw. This is Faiz. He loves to build things.,0,15,1,1
grade1_profile30822_q3_LP_20251122_101304.mp3,to,1,Amna,30822,pre,This is Zara. She loves to draw. This is Faiz. He loves to build things.,5,15,1,1
grade1_profile30822_q3_LP_20251122_101304.mp3,zara,1,Amna,30822,pre,This is Zara. She loves to draw. This is Faiz. He loves to build things.,2,15,1,1
grade1_profile30822_q3_QK_20251122_101834.mp3,build,1,Salman,30822,post,This is Zara. She loves to draw. This is Faiz. He loves to build things.,13,15,1,1
grade1_profile30822_q3_QK_20251122_101834.mp3,draw,1,Salman,30822,post,This is Zara. She loves to draw. This is Faiz. He loves to build things.,6,15,1,1
grade1_profile30822_q3_QK_20251122_101834.mp3,faiz,1,Salman,30822,post,This is Zara. She loves to draw. This is Faiz. He loves to build things.,9,15,0,0
grade1_profile30822_q3_QK_20251122_101834.mp3,he,1,Salman,30822,post,This is Zara. She loves to draw. This is Faiz. He loves to build things.,10,15,1,1
grade1_profile30822_q3_QK_20251122_101834.mp3,is,1,Salman,30822,post,This is Zara. She loves to draw. This is Faiz. He loves to build things.,1,15,1,1
grade1_profile30822_q3_QK_20251122_101834.mp3,loves,1,Salman,30822,post,This is Zara. She loves to draw. This is Faiz. He loves to build things.,4,15,1,1
grade1_profile30822_q3_QK_20251122_101834.mp3,she,1,Salman,30822,post,This is Zara. She loves to draw. This is Faiz. He loves to build things.,3,15,1,1
grade1_profile30822_q3_QK_20251122_101834.mp3,things,1,Salman,30822,post,This is Zara. She loves to draw. This is Faiz. He loves to build things.,14,15,1,1
grade1_profile30822_q3_QK_20251122_101834.mp3,this,1,Salman,30822,post,This is Zara. She loves to draw. This is Faiz. He loves to build things.,0,15,1,1
grade1_profile30822_q3_QK_20251122_101834.mp3,to,1,Salman,30822,post,This is Zara. She loves to draw. This is Faiz. He loves to build things.,5,15,1,1
grade1_profile30822_q3_QK_20251122_101834.mp3,zara,1,Salman,30822,post,This is Zara. She loves to draw. This is Faiz. He loves to build things.,2,15,1,1
grade1_profile30823_q1_LP_20251122_095026.mp3,can,1,Semal,30823,pre,Come on. We can do it together.,3,7,1,1
grade1_profile30823_q1_LP_20251122_095026.mp3,come,1,Semal,30823,pre,Come on. We can do it together.,0,7,1,1
grade1_profile30823_q1_LP_20251122_095026.mp3,do,1,Semal,30823,pre,Come on. We can do it together.,4,7,1,1
grade1_profile30823_q1_LP_20251122_095026.mp3,it,1,Semal,30823,pre,Come on. We can do it together.,5,7,1,1
grade1_profile30823_q1_LP_20251122_095026.mp3,on,1,Semal,30823,pre,Come on. We can do it together.,1,7,0,0
grade1_profile30823_q1_LP_20251122_095026.mp3,together,0,Semal,30823,pre,Come on. We can do it together.,6,7,0,1
grade1_profile30823_q1_LP_20251122_095026.mp3,we,1,Semal,30823,pre,Come on. We can do it together.,2,7,0,0
grade1_profile30823_q1_QK_20251122_095622.mp3,can,1,Dania,30823,post,Come on. We can do it together.,3,7,1,1
grade1_profile30823_q1_QK_20251122_095622.mp3,come,1,Dania,30823,post,Come on. We can do it together.,0,7,1,1
grade1_profile30823_q1_QK_20251122_095622.mp3,do,1,Dania,30823,post,Come on. We can do it together.,4,7,1,1
grade1_profile30823_q1_QK_20251122_095622.mp3,it,1,Dania,30823,post,Come on. We can do it together.,5,7,1,1
grade1_profile30823_q1_QK_20251122_095622.mp3,on,1,Dania,30823,post,Come on. We can do it together.,1,7,1,1
grade1_profile30823_q1_QK_20251122_095622.mp3,together,1,Dania,30823,post,Come on. We can do it together.,6,7,0,0
grade1_profile30823_q1_QK_20251122_095622.mp3,we,1,Dania,30823,post,Come on. We can do it together.,2,7,1,1
grade1_profile30823_q2_LP_20251122_100201.mp3,can,1,Ali,30823,pre,It's locked. I can open it.,3,6,1,1
grade1_profile30823_q2_LP_20251122_100201.mp3,i,1,Ali,30823,pre,It's locked. I can open it.,2,6,1,1
grade1_profile30823_q2_LP_20251122_100201.mp3,it,1,Ali,30823,pre,It's locked. I can open it.,5,6,1,1
grade1_profile30823_q2_LP_20251122_100201.mp3,it's,1,Ali,30823,pre,It's locked. I can open it.,0,6,0,0
grade1_profile30823_q2_LP_20251122_100201.mp3,locked,1,Ali,30823,pre,It's locked. I can open it.,1,6,0,0
grade1_profile30823_q2_LP_20251122_100201.mp3,open,1,Ali,30823,pre,It's locked. I can open it.,4,6,1,1
grade1_profile30823_q2_QK_20251122_100724.mp3,can,1,Rehma,30823,post,It's locked. I can open it.,3,6,1,1
grade1_profile30823_q2_QK_20251122_100724.mp3,i,1,Rehma,30823,post,It's locked. I can open it.,2,6,1,1
grade1_profile30823_q2_QK_20251122_100724.mp3,it,1,Rehma,30823,post,It's locked. I can open it.,5,6,1,1
grade1_profile30823_q2_QK_20251122_100724.mp3,it's,1,Rehma,30823,post,It's locked. I can open it.,0,6,1,1
grade1_profile30823_q2_QK_20251122_100724.mp3,locked,0,Rehma,30823,post,It's locked. I can open it.,1,6,0,1
grade1_profile30823_q2_QK_20251122_100724.mp3,open,1,Rehma,30823,post,It's locked. I can open it.,4,6,1,1
grade1_profile30823_q3_LP_20251122_101304.mp3,build,1,Rukhshan,30823,pre,This is Zara. She loves to draw. This is Faiz. He loves to build things.,13,15,0,0
grade1_profile30823_q3_LP_20251122_101304.mp3,draw,0,Rukhshan,30823,pre,This is Zara. She loves to draw. This is Faiz. He loves to build things.,6,15,0,1
grade1_profile30823_q3_LP_20251122_101304.mp3,faiz,1,Rukhshan,30823,pre,This is Zara. She loves to draw. This is Faiz. He loves to build things.,9,15,0,0
grade1_profile30823_q3_LP_20251122_101304.mp3,he,1,Rukhshan,30823,pre,This is Zara. She loves to draw. This is Faiz. He loves to build things.,10,15,0,0
grade1_profile30823_q3_LP_20251122_101304.mp3,is,1,Rukhshan,30823,pre,This is Zara. She loves to draw. This is Faiz. He loves to build things.,1,15,1,1
grade1_profile30823_q3_LP_20251122_101304.mp3,loves,1,Rukhshan,30823,pre,This is Zara. She loves to draw. This is Faiz. He loves to build things.,4,15,1,1
grade1_profile30823_q3_LP_20251122_101304.mp3,things,1,Rukhshan,30823,pre,This is Zara. She loves to draw. This is Faiz. He loves to build things.,14,15,1,1
grade1_profile30823_q3_LP_20251122_101304.mp3,this,1,Rukhshan,30823,pre,This is Zara. She loves to draw. This is Faiz. He loves to build things.,0,15,1,1
grade1_profile30823_q3_LP_20251122_101304.mp3,to,1,Rukhshan,30823,pre,This is Zara. She loves to draw. This is Faiz. He loves to build things.,5,15,0,0
grade1_profile30823_q3_LP_20251122_101304.mp3,zara,1,Rukhshan,30823,pre,This is Zara. She loves to draw. This is Faiz. He loves to build things.,2,15,1,1
grade1_profile30840_q1_LP_20251122_095026.mp3,can,1,Semal,30840,pre,Come on. We can do it together.,3,7,1,1
grade1_profile30840_q1_LP_20251122_095026.mp3,come,1,Semal,30840,pre,Come on. We can do it together.,0,7,1,1
grade1_profile30840_q1_LP_20251122_095026.mp3,do,1,Semal,30840,pre,Come on. We can do it together.,4,7,1,1
grade1_profile30840_q1_LP_20251122_095026.mp3,it,1,Semal,30840,pre,Come on. We can do it together.,5,7,1,1
grade1_profile30840_q1_LP_20251122_095026.mp3,on,1,Semal,30840,pre,Come on. We can do it together.,1,7,1,1
grade1_profile30840_q1_LP_20251122_095026.mp3,together,1,Semal,30840,pre,Come on. We can do it together.,6,7,0,0
grade1_profile30840_q1_LP_20251122_095026.mp3,we,1,Semal,30840,pre,Come on. We can do it together.,2,7,1,1
grade1_profile30840_q1_QK_20251122_095622.mp3,can,1,Salman,30840,post,Come on. We can do it together.,3,7,1,1
grade1_profile30840_q1_QK_20251122_095622.mp3,come,1,Salman,30840,post,Come on. We can do it together.,0,7,1,1
grade1_profile30840_q1_QK_20251122_095622.mp3,do,1,Salman,30840,post,Come on. We can do it together.,4,7,1,1
grade1_profile30840_q1_QK_20251122_095622.mp3,it,1,Salman,30840,post,Come on. We can do it together.,5,7,1,1
grade1_profile30840_q1_QK_20251122_095622.mp3,on,1,Salman,30840,post,Come on. We can do it together.,1,7,0,0
grade1_profile30840_q1_QK_20251122_095622.mp3,together,1,Salman,30840,post,Come on. We can do it together.,6,7,1,1
grade1_profile30840_q1_QK_20251122_095622.mp3,we,1,Salman,30840,post,Come on. We can do it together.,2,7,1,1
grade1_profile30840_q2_LP_20251122_100201.mp3,can,1,Amna,30840,pre,It's locked. I can open it.,3,6,1,1
grade1_profile30840_q2_LP_20251122_100201.mp3,i,1,Amna,30840,pre,It's locked. I can open it.,2,6,1,1
grade1_profile30840_q2_LP_20251122_100201.mp3,it,1,Amna,30840,pre,It's locked. I can open it.,5,6,1,1
grade1_profile30840_q2_LP_20251122_100201.mp3,it's,1,Amna,30840,pre,It's locked. I can open it.,0,6,1,1
grade1_profile30840_q2_LP_20251122_100201.mp3,locked,1,Amna,30840,pre,It's locked. I can open it.,1,6,1,1
grade1_profile30840_q2_LP_20251122_100201.mp3,open,1,Amna,30840,pre,It's locked. I can open it.,4,6,1,1
grade1_profile30840_q2_QK_20251122_100724.mp3,can,1,Rukhshan,30840,post,It's locked. I can open it.,3,6,1,1
grade1_profile30840_q2_QK_20251122_100724.mp3,i,1,Rukhshan,30840,post,It's locked. I can open it.,2,6,1,1
grade1_profile30840_q2_QK_20251122_100724.mp3,it,1,Rukhshan,30840,post,It's locked. I can open it.,5,6,1,1
grade1_profile30840_q2_QK_20251122_100724.mp3,it's,1,Rukhshan,30840,post,It's locked. I can open it.,0,6,0,0
grade1_profile30840_q2_QK_20251122_100724.mp3,locked,1,Rukhshan,30840,post,It's locked. I can open it.,1,6,0,0
grade1_profile30840_q2_QK_20251122_100724.mp3,open,1,Rukhshan,30840,post,It's locked. I can open it.,4,6,1,1
grade1_profile30840_q3_LP_20251122_101304.mp3,build,1,Rehma,30840,pre,This is Zara. She loves to draw. This is Faiz. He loves to build things.,13,15,0,0
grade1_profile30840_q3_LP_20251122_101304.mp3,draw,1,Rehma,30840,pre,This is Zara. She loves to draw. This is Faiz. He loves to build things.,6,15,1,1
grade1_profile30840_q3_LP_20251122_101304.mp3,faiz,1,Rehma,30840,pre,This is Zara. She loves to draw. This is Faiz. He loves to build things.,9,15,0,0
grade1_profile30840_q3_LP_20251122_101304.mp3,he,1,Rehma,30840,pre,This is Zara. She loves to draw. This is Faiz. He loves to build things.,10,15,1,1
grade1_profile30840_q3_LP_20251122_101304.mp3,is,1,Rehma,30840,pre,This is Zara. She loves to draw. This is Faiz. He loves to build things.,1,15,1,1
grade1_profile30840_q3_LP_20251122_101304.mp3,loves,1,Rehma,30840,pre,This is Zara. She loves to draw. This is Faiz. He loves to build things.,4,15,1,1
grade1_profile30840_q3_LP_20251122_101304.mp3,she,1,Rehma,30840,pre,This is Zara. She loves to draw. This is Faiz. He loves to build things.,3,15,1,1
grade1_profile30840_q3_LP_20251122_101304.mp3,things,1,Rehma,30840,pre,This is Zara. She loves to draw. This is Faiz. He loves to build things.,14,15,0,0
grade1_profile30840_q3_LP_20251122_101304.mp3,this,1,Rehma,30840,pre,This is Zara. She loves to draw. This is Faiz. He loves to build things.,0,15,1,1
grade1_profile30840_q3_LP_20251122_101304.mp3,to,1,Rehma,30840,pre,This is Zara. She loves to draw. This is Faiz. He loves to build things.,5,15,1,1
grade1_profile30840_q3_LP_20251122_101304.mp3,zara,1,Rehma,30840,pre,This is Zara. She loves to draw. This is Faiz. He loves to build things.,2,15,1,1
grade1_profile30840_q3_QK_20251122_101834.mp3,build,1,Salman,30840,post,This is Zara. She loves to draw. This is Faiz. He loves to build things.,13,15,0,0
grade1_profile30840_q3_QK_20251122_101834.mp3,draw,1,Salman,30840,post,This is Zara. She loves to draw. This is Faiz. He loves to build things.,6,15,0,0
grade1_profile30840_q3_QK_20251122_101834.mp3,is,1,Salman,30840,post,This is Zara. She loves to draw. This is Faiz. He loves to build things.,1,15,1,1
grade1_profile30840_q3_QK_20251122_101834.mp3,loves,0,Salman,30840,post,This is Zara. She loves to draw. This is Faiz. He loves to build things.,4,15,1,0
grade1_profile30840_q3_QK_20251122_101834.mp3,she,1,Salman,30840,post,This is Zara. She loves to draw. This is Faiz. He loves to build things.,3,15,1,1
grade1_profile30840_q3_QK_20251122_101834.mp3,things,1,Salman,30840,post,This is Zara. She loves to draw. This is Faiz. He loves to build things.,14,15,0,0
grade1_profile30840_q3_QK_20251122_101834.mp3,this,1,Salman,30840,post,This is Zara. She loves to draw. This is Faiz. He loves to build things.,0,15,1,1
grade1_profile30840_q3_QK_20251122_101834.mp3,to,1,Salman,30840,post,This is Zara. She loves to draw. This is Faiz. He loves to build things.,5,15,1,1
grade1_profile30840_q3_QK_20251122_101834.mp3,zara,1,Salman,30840,post,This is Zara. She loves to draw. This is Faiz. He loves to build things.,2,15,0,0
grade1_profile30941_q1_LP_20251122_095026.mp3,do,0,Dania,30941,pre,Come on. We can do it together.,4,7,0,1
grade1_profile30941_q1_LP_20251122_095026.mp3,it,0,Dania,30941,pre,Come on. We can do it together.,5,7,1,0
grade1_profile30941_q1_LP_20251122_095026.mp3,on,1,Dania,30941,pre,Come on. We can do it together.,1,7,1,1
grade1_profile30941_q1_LP_20251122_095026.mp3,together,1,Dania,30941,pre,Come on. We can do it together.,6,7,0,0
grade1_profile30941_q1_QK_20251122_095622.mp3,can,1,Amna,30941,post,Come on. We can do it together.,3,7,1,1
grade1_profile30941_q1_QK_20251122_095622.mp3,come,1,Amna,30941,post,Come on. We can do it together.,0,7,0,0
grade1_profile30941_q1_QK_20251122_095622.mp3,do,1,Amna,30941,post,Come on. We can do it together.,4,7,0,0
grade1_profile30941_q1_QK_20251122_095622.mp3,it,1,Amna,30941,post,Come on. We can do it together.,5,7,1,1
grade1_profile30941_q1_QK_20251122_095622.mp3,on,1,Amna,30941,post,Come on. We can do it together.,1,7,0,0
grade1_profile30941_q1_QK_20251122_095622.mp3,we,1,Amna,30941,post,Come on. We can do it together.,2,7,1,1
grade1_profile30941_q2_LP_20251122_100201.mp3,i,1,Salman,30941,pre,It's locked. I can open it.,2,6,1,1
grade1_profile30941_q2_LP_20251122_100201.mp3,it,1,Salman,30941,pre,It's locked. I can open it.,5,6,1,1
grade1_profile30941_q2_LP_20251122_100201.mp3,it's,1,Salman,30941,pre,It's locked. I can open it.,0,6,0,0
grade1_profile30941_q2_LP_20251122_100201.mp3,locked,0,Salman,30941,pre,It's locked. I can open it.,1,6,0,1
grade1_profile30941_q2_LP_20251122_100201.mp3,open,1,Salman,30941,pre,It's locked. I can open it.,4,6,1,1
grade1_profile30941_q2_QK_20251122_100724.mp3,can,0,Rukhshan,30941,post,It's locked. I can open it.,3,6,0,1
grade1_profile30941_q2_QK_20251122_100724.mp3,i,0,Rukhshan,30941,post,It's locked. I can open it.,2,6,1,0
grade1_profile30941_q2_QK_20251122_100724.mp3,it,1,Rukhshan,30941,post,It's locked. I can open it.,5,6,1,1
grade1_profile30941_q2_QK_20251122_100724.mp3,it's,0,Rukhshan,30941,post,It's locked. I can open it.,0,6,0,1
grade1_profile30941_q2_QK_20251122_100724.mp3,locked,0,Rukhshan,30941,post,It's locked. I can open it.,1,6,0,1
grade1_profile30941_q2_QK_20251122_100724.mp3,open,0,Rukhshan,30941,post,It's locked. I can open it.,4,6,0,1
grade1_profile30941_q3_LP_20251122_101304.mp3,build,1,Dania,30941,pre,This is Zara. She loves to draw. This is Faiz. He loves to build things.,13,15,0,0
grade1_profile30941_q3_LP_20251122_101304.mp3,draw,1,Dania,30941,pre,This is Zara. She loves to draw. This is Faiz. He loves to build things.,6,15,1,1
grade1_profile30941_q3_LP_20251122_101304.mp3,faiz,1,Dania,30941,pre,This is Zara. She loves to draw. This is Faiz. He loves to build things.,9,15,0,0
grade1_profile30941_q3_LP_20251122_101304.mp3,he,1,Dania,30941,pre,This is Zara. She loves to draw. This is Faiz. He loves to build things.,10,15,1,1
grade1_profile30941_q3_LP_20251122_101304.mp3,is,1,Dania,30941,pre,This is Zara. She loves to draw. This is Faiz. He loves to build things.,1,15,1,1
grade1_profile30941_q3_LP_20251122_101304.mp3,loves,1,Dania,30941,pre,This is Zara. She loves to draw. This is Faiz. He loves to build things.,4,15,1,1
grade1_profile30941_q3_LP_20251122_101304.mp3,she,1,Dania,30941,pre,This is Zara. She loves to draw. This is Faiz. He loves to build things.,3,15,1,1
grade1_profile30941_q3_LP_20251122_101304.mp3,things,0,Dania,30941,pre,This is Zara. She loves to draw. This is Faiz. He loves to build things.,14,15,1,0
grade1_profile30941_q3_LP_20251122_101304.mp3,this,1,Dania,30941,pre,This is Zara. She loves to draw. This is Faiz. He loves to build things.,0,15,1,1
grade1_profile30941_q3_LP_20251122_101304.mp3,to,1,Dania,30941,pre,This is Zara. She loves to draw. This is Faiz. He loves to build things.,5,15,1,1
grade1_profile30941_q3_LP_20251122_101304.mp3,zara,1,Dania,30941,pre,This is Zara. She loves to draw. This is Faiz. He loves to build things.,2,15,1,1
grade1_profile30941_q3_QK_20251122_101834.mp3,he,1,Amna,30941,post,This is Zara. She loves to draw. This is Faiz. He loves to build things.,10,15,1,1
grade1_profile30941_q3_QK_20251122_101834.mp3,is,1,Amna,30941,post,This is Zara. She loves to draw. This is Faiz. He loves to build things.,1,15,0,0
grade1_profile30941_q3_QK_20251122_101834.mp3,loves,0,Amna,30941,post,This is Zara. She loves to draw. This is Faiz. He loves to build things.,4,15,0,1
grade1_profile30941_q3_QK_20251122_101834.mp3,she,1,Amna,30941,post,This is Zara. She loves to draw. This is Faiz. He loves to build things.,3,15,1,1
grade1_profile30941_q3_QK_20251122_101834.mp3,this,1,Amna,30941,post,This is Zara. She loves to draw. This is Faiz. He loves to build things.,0,15,0,0
grade1_profile31184_q1_LP_20251122_095026.mp3,come,1,Dania,31184,pre,Come on. We can do it together.,0,7,1,1
grade1_profile31184_q1_LP_20251122_095026.mp3,do,1,Dania,31184,pre,Come on. We can do it together.,4,7,1,1
grade1_profile31184_q1_LP_20251122_095026.mp3,it,1,Dania,31184,pre,Come on. We can do it together.,5,7,1,1
grade1_profile31184_q1_LP_20251122_095026.mp3,on,1,Dania,31184,pre,Come on. We can do it together.,1,7,1,1
grade1_profile31184_q1_LP_20251122_095026.mp3,together,1,Dania,31184,pre,Come on. We can do it together.,6,7,0,0
grade1_profile31184_q1_QK_20251122_095622.mp3,can,1,Semal,31184,post,Come on. We can do it together.,3,7,1,1
grade1_profile31184_q1_QK_20251122_095622.mp3,come,1,Semal,31184,post,Come on. We can do it together.,0,7,0,0
grade1_profile31184_q1_QK_20251122_095622.mp3,do,1,Semal,31184,post,Come on. We can do it together.,4,7,1,1
grade1_profile31184_q1_QK_20251122_095622.mp3,it,1,Semal,31184,post,Come on. We can do it together.,5,7,1,1
grade1_profile31184_q1_QK_20251122_095622.mp3,on,1,Semal,31184,post,Come on. We can do it together.,1,7,1,1
grade1_profile31184_q1_QK_20251122_095622.mp3,together,0,Semal,31184,post,Come on. We can do it together.,6,7,0,1
grade1_profile31184_q1_QK_20251122_095622.mp3,we,1,Semal,31184,post,Come on. We can do it together.,2,7,1,1
grade1_profile31184_q2_LP_20251122_100201.mp3,can,1,Rehma,31184,pre,It's locked. I can open it.,3,6,1,1
grade1_profile31184_q2_LP_20251122_100201.mp3,i,1,Rehma,31184,pre,It's locked. I can open it.,2,6,1,1
grade1_profile31184_q2_LP_20251122_100201.mp3,it,1,Rehma,31184,pre,It's locked. I can open it.,5,6,1,1
grade1_profile31184_q2_LP_20251122_100201.mp3,it's,1,Rehma,31184,pre,It's locked. I can open it.,0,6,1,1
grade1_profile31184_q2_LP_20251122_100201.mp3,locked,0,Rehma,31184,pre,It's locked. I can open it.,1,6,0,1
grade1_profile31184_q2_LP_20251122_100201.mp3,open,1,Rehma,31184,pre,It's locked. I can open it.,4,6,1,1
grade1_profile31184_q2_QK_20251122_100724.mp3,can,1,Semal,31184,post,It's locked. I can open it.,3,6,1,1
grade1_profile31184_q2_QK_20251122_100724.mp3,i,1,Semal,31184,post,It's locked. I can open it.,2,6,1,1
grade1_profile31184_q2_QK_20251122_100724.mp3,it,1,Semal,31184,post,It's locked. I can open it.,5,6,1,1
grade1_profile31184_q2_QK_20251122_100724.mp3,it's,1,Semal,31184,post,It's locked. I can open it.,0,6,1,1
grade1_profile31184_q2_QK_20251122_100724.mp3,locked,0,Semal,31184,post,It's locked. I can open it.,1,6,0,1
grade1_profile31184_q2_QK_20251122_100724.mp3,open,1,Semal,31184,post,It's locked. I can open it.,4,6,1,1
grade1_profile31184_q3_LP_20251122_101304.mp3,build,0,Rukhshan,31184,pre,This is Zara. She loves to draw. This is Faiz. He loves to build things.,13,15,0,1
grade1_profile31184_q3_LP_20251122_101304.mp3,draw,1,Rukhshan,31184,pre,This is Zara. She loves to draw. This is Faiz. He loves to build things.,6,15,1,1
grade1_profile31184_q3_LP_20251122_101304.mp3,faiz,0,Rukhshan,31184,pre,This is Zara. She loves to draw. This is Faiz. He loves to build things.,9,15,0,1
grade1_profile31184_q3_LP_20251122_101304.mp3,he,1,Rukhshan,31184,pre,This is Zara. She loves to draw. This is Faiz. He loves to build things.,10,15,1,1
grade1_profile31184_q3_LP_20251122_101304.mp3,is,1,Rukhshan,31184,pre,This is Zara. She loves to draw. This is Faiz. He loves to build things.,1,15,1,1
grade1_profile31184_q3_LP_20251122_101304.mp3,loves,1,Rukhshan,31184,pre,This is Zara. She loves to draw. This is Faiz. He loves to build things.,4,15,1,1
grade1_profile31184_q3_LP_20251122_101304.mp3,she,1,Rukhshan,31184,pre,This is Zara. She loves to draw. This is Faiz. He loves to build things.,3,15,1,1
grade1_profile31184_q3_LP_20251122_101304.mp3,things,1,Rukhshan,31184,pre,This is Zara. She loves to draw. This is Faiz. He loves to build things.,14,15,1,1
grade1_profile31184_q3_LP_20251122_101304.mp3,this,1,Rukhshan,31184,pre,This is Zara. She loves to draw. This is Faiz. He loves to build things.,0,15,1,1
grade1_profile31184_q3_LP_20251122_101304.mp3,to,1,Rukhshan,31184,pre,This is Zara. She loves to draw. This is Faiz. He loves to build things.,5,15,1,1
grade1_profile31184_q3_LP_20251122_101304.mp3,zara,1,Rukhshan,31184,pre,This is Zara. She loves to draw. This is Faiz. He loves to build things.,2,15,1,1
grade1_profile31184_q3_QK_20251122_101834.mp3,build,0,Rukhshan,31184,post,This is Zara. She loves to draw. This is Faiz. He loves to build things.,13,15,0,1
grade1_profile31184_q3_QK_20251122_101834.mp3,draw,1,Rukhshan,31184,post,This is Zara. She loves to draw. This is Faiz. He loves to build things.,6,15,1,1
grade1_profile31184_q3_QK_20251122_101834.mp3,faiz,1,Rukhshan,31184,post,This is Zara. She loves to draw. This is Faiz. He loves to build things.,9,15,0,0
grade1_profile31184_q3_QK_20251122_101834.mp3,he,1,Rukhshan,31184,post,This is Zara. She loves to draw. This is Faiz. He loves to build things.,10,15,0,0
grade1_profile31184_q3_QK_20251122_101834.mp3,is,1,Rukhshan,31184,post,This is Zara. She loves to draw. This is Faiz. He loves to build things.,1,15,0,0
grade1_profile31184_q3_QK_20251122_101834.mp3,loves,1,Rukhshan,31184,post,This is Zara. She loves to draw. This is Faiz. He loves to build things.,4,15,1,1
grade1_profile31184_q3_QK_20251122_101834.mp3,she,1,Rukhshan,31184,post,This is Zara. She loves to draw. This is Faiz. He loves to build things.,3,15,1,1
grade1_profile31184_q3_QK_20251122_101834.mp3,things,1,Rukhshan,31184,post,This is Zara. She loves to draw. This is Faiz. He loves to build things.,14,15,0,0
grade1_profile31184_q3_QK_20251122_101834.mp3,this,1,Rukhshan,31184,post,This is Zara. She loves to draw. This is Faiz. He loves to build things.,0,15,1,1
grade1_profile31184_q3_QK_20251122_101834.mp3,to,1,Rukhshan,31184,post,This is Zara. She loves to draw. This is Faiz. He loves to build things.,5,15,0,0
grade1_profile31184_q3_QK_20251122_101834.mp3,zara,1,Rukhshan,31184,post,This is Zara. She loves to draw. This is Faiz. He loves to build things.,2,15,1,1
grade1_profile31192_q1_LP_20251122_095026.mp3,can,1,Rukhshan,31192,pre,Come on. We can do it together.,3,7,1,1
grade1_profile31192_q1_LP_20251122_095026.mp3,come,1,Rukhshan,31192,pre,Come on. We can do it together.,0,7,1,1
grade1_profile31192_q1_LP_20251122_095026.mp3,do,1,Rukhshan,31192,pre,Come on. We can do it together.,4,7,1,1
grade1_profile31192_q1_LP_20251122_095026.mp3,it,1,Rukhshan,31192,pre,Come on. We can do it together.,5,7,1,1
grade1_profile31192_q1_LP_20251122_095026.mp3,on,1,Rukhshan,31192,pre,Come on. We can do it together.,1,7,1,1
grade1_profile31192_q1_LP_20251122_095026.mp3,together,0,Rukhshan,31192,pre,Come on. We can do it together.,6,7,0,1
grade1_profile31192_q1_LP_20251122_095026.mp3,we,1,Rukhshan,31192,pre,Come on. We can do it together.,2,7,1,1
grade1_profile31192_q1_QK_20251122_095622.mp3,can,1,Rehma,31192,post,Come on. We can do it together.,3,7,1,1
grade1_profile31192_q1_QK_20251122_095622.mp3,come,1,Rehma,31192,post,Come on. We can do it together.,0,7,1,1
grade1_profile31192_q1_QK_20251122_095622.mp3,do,1,Rehma,31192,post,Come on. We can do it together.,4,7,1,1
grade1_profile31192_q1_QK_20251122_095622.mp3,it,1,Rehma,31192,post,Come on. We can do it together.,5,7,1,1
grade1_profile31192_q1_QK_20251122_095622.mp3,on,1,Rehma,31192,post,Come on. We can do it together.,1,7,1,1
grade1_profile31192_q1_QK_20251122_095622.mp3,together,1,Rehma,31192,post,Come on. We can do it together.,6,7,1,1
grade1_profile31192_q1_QK_20251122_095622.mp3,we,1,Rehma,31192,post,Come on. We can do it together.,2,7,1,1
grade1_profile31192_q2_LP_20251122_100201.mp3,can,1,Semal,31192,pre,It's locked. I can open it.,3,6,1,1
grade1_profile31192_q2_LP_20251122_100201.mp3,i,1,Semal,31192,pre,It's locked. I can open it.,2,6,1,1
grade1_profile31192_q2_LP_20251122_100201.mp3,it,0,Semal,31192,pre,It's locked. I can open it.,5,6,1,0
grade1_profile31192_q2_LP_20251122_100201.mp3,it's,0,Semal,31192,pre,It's locked. I can open it.,0,6,1,0
grade1_profile31192_q2_LP_20251122_100201.mp3,locked,0,Semal,31192,pre,It's locked. I can open it.,1,6,0,1
grade1_profile31192_q2_LP_20251122_100201.mp3,open,0,Semal,31192,pre,It's locked. I can open it.,4,6,1,0
grade1_profile31192_q2_QK_20251122_100724.mp3,can,1,Semal,31192,post,It's locked. I can open it.,3,6,1,1
grade1_profile31192_q2_QK_20251122_100724.mp3,i,1,Semal,31192,post,It's locked. I can open it.,2,6,1,1
grade1_profile31192_q2_QK_20251122_100724.mp3,it,1,Semal,31192,post,It's locked. I can open it.,5,6,1,1
grade1_profile31192_q2_QK_20251122_100724.mp3,it's,0,Semal,31192,post,It's locked. I can open it.,0,6,1,0
grade1_profile31192_q2_QK_20251122_100724.mp3,locked,0,Semal,31192,post,It's locked. I can open it.,1,6,0,1
grade1_profile31192_q2_QK_20251122_100724.mp3,open,1,Semal,31192,post,It's locked. I can open it.,4,6,1,1
grade1_profile31192_q3_LP_20251122_101304.mp3,draw,1,Semal,31192,pre,This is Zara. She loves to draw. This is Faiz. He loves to build things.,6,15,0,0
grade1_profile31192_q3_LP_20251122_101304.mp3,faiz,1,Semal,31192,pre,This is Zara. She loves to draw. This is Faiz. He loves to build things.,9,15,0,0
grade1_profile31192_q3_LP_20251122_101304.mp3,he,1,Semal,31192,pre,This is Zara. She loves to draw. This is Faiz. He loves to build things.,10,15,0,0
grade1_profile31192_q3_LP_20251122_101304.mp3,is,1,Semal,31192,pre,This is Zara. She loves to draw. This is Faiz. He loves to build things.,1,15,1,1
grade1_profile31192_q3_LP_20251122_101304.mp3,loves,0,Semal,31192,pre,This is Zara. She loves to draw. This is Faiz. He loves to build things.,4,15,1,0
grade1_profile31192_q3_LP_20251122_101304.mp3,this,0,Semal,31192,pre,This is Zara. She loves to draw. This is Faiz. He loves to build things.,0,15,0,1
grade1_profile31192_q3_LP_20251122_101304.mp3,to,1,Semal,31192,pre,This is Zara. She loves to draw. This is Faiz. He loves to build things.,5,15,1,1
grade1_profile31192_q3_QK_20251122_101834.mp3,build,0,Amna,31192,post,This is Zara. She loves to draw. This is Faiz. He loves to build things.,13,15,1,0
grade1_profile31192_q3_QK_20251122_101834.mp3,draw,1,Amna,31192,post,This is Zara. She loves to draw. This is Faiz. He loves to build things.,6,15,1,1
grade1_profile31192_q3_QK_20251122_101834.mp3,faiz,1,Amna,31192,post,This is Zara. She loves to draw. This is Faiz. He loves to build things.,9,15,0,0
grade1_profile31192_q3_QK_20251122_101834.mp3,he,1,Amna,31192,post,This is Zara. She loves to draw. This is Faiz. He loves to build things.,10,15,1,1
grade1_profile31192_q3_QK_20251122_101834.mp3,is,1,Amna,31192,post,This is Zara. She loves to draw. This is Faiz. He loves to build things.,1,15,1,1
grade1_profile31192_q3_QK_20251122_101834.mp3,loves,0,Amna,31192,post,This is Zara. She loves to draw. This is Faiz. He loves to build things.,4,15,1,0
grade1_profile31192_q3_QK_20251122_101834.mp3,she,1,Amna,31192,post,This is Zara. She loves to draw. This is Faiz. He loves to build things.,3,15,1,1
grade1_profile31192_q3_QK_20251122_101834.mp3,things,0,Amna,31192,post,This is Zara. She loves to draw. This is Faiz. He loves to build things.,14,15,0,1
grade1_profile31192_q3_QK_20251122_101834.mp3,this,1,Amna,31192,post,This is Zara. She loves to draw. This is Faiz. He loves to build things.,0,15,1,1
grade1_profile31192_q3_QK_20251122_101834.mp3,to,1,Amna,31192,post,This is Zara. She loves to draw. This is Faiz. He loves to build things.,5,15,1,1
grade1_profile31192_q3_QK_20251122_101834.mp3,zara,1,Amna,31192,post,This is Zara. She loves to draw. This is Faiz. He loves to build things.,2,15,1,1
grade1_profile31203_q1_LP_20251122_095026.mp3,can,1,Ali,31203,pre,Come on. We can do it together.,3,7,1,1
grade1_profile31203_q1_LP_20251122_095026.mp3,come,1,Ali,31203,pre,Come on. We can do it together.,0,7,1,1
grade1_profile31203_q1_LP_20251122_095026.mp3,do,1,Ali,31203,pre,Come on. We can do it together.,4,7,1,1
grade1_profile31203_q1_LP_20251122_095026.mp3,it,1,Ali,31203,pre,Come on. We can do it together.,5,7,1,1
grade1_profile31203_q1_LP_20251122_095026.mp3,on,1,Ali,31203,pre,Come on. We can do it together.,1,7,1,1
grade1_profile31203_q1_LP_20251122_095026.mp3,together,1,Ali,31203,pre,Come on. We can do it together.,6,7,0,0
grade1_profile31203_q1_LP_20251122_095026.mp3,we,1,Ali,31203,pre,Come on. We can do it together.,2,7,0,0
grade1_profile31203_q1_QK_20251122_095622.mp3,can,1,Semal,31203,post,Come on. We can do it together.,3,7,1,1
grade1_profile31203_q1_QK_20251122_095622.mp3,come,1,Semal,31203,post,Come on. We can do it together.,0,7,1,1
grade1_profile31203_q1_QK_20251122_095622.mp3,do,1,Semal,31203,post,Come on. We can do it together.,4,7,1,1
grade1_profile31203_q1_QK_20251122_095622.mp3,it,0,Semal,31203,post,Come on. We can do it together.,5,7,1,0
grade1_profile31203_q1_QK_20251122_095622.mp3,on,1,Semal,31203,post,Come on. We can do it together.,1,7,1,1
grade1_profile31203_q1_QK_20251122_095622.mp3,together,1,Semal,31203,post,Come on. We can do it together.,6,7,1,1
grade1_profile31203_q1_QK_20251122_095622.mp3,we,1,Semal,31203,post,Come on. We can do it together.,2,7,1,1
grade1_profile31203_q2_LP_20251122_100201.mp3,can,1,Dania,31203,pre,It's locked. I can open it.,3,6,1,1
grade1_profile31203_q2_LP_20251122_100201.mp3,i,1,Dania,31203,pre,It's locked. I can open it.,2,6,1,1
grade1_profile31203_q2_LP_20251122_100201.mp3,it,1,Dania,31203,pre,It's locked. I can open it.,5,6,1,1
grade1_profile31203_q2_LP_20251122_100201.mp3,it's,1,Dania,31203,pre,It's locked. I can open it.,0,6,1,1
grade1_profile31203_q2_LP_20251122_100201.mp3,locked,1,Dania,31203,pre,It's locked. I can open it.,1,6,1,1
grade1_profile31203_q2_LP_20251122_100201.mp3,open,1,Dania,31203,pre,It's locked. I can open it.,4,6,1,1
grade1_profile31203_q2_QK_20251122_100724.mp3,can,1,Ali,31203,post,It's locked. I can open it.,3,6,1,1
grade1_profile31203_q2_QK_20251122_100724.mp3,i,1,Ali,31203,post,It's locked. I can open it.,2,6,1,1
grade1_profile31203_q2_QK_20251122_100724.mp3,it,1,Ali,31203,post,It's locked. I can open it.,5,6,1,1
grade1_profile31203_q2_QK_20251122_100724.mp3,it's,1,Ali,31203,post,It's locked. I can open it.,0,6,0,0
grade1_profile31203_q2_QK_20251122_100724.mp3,locked,1,Ali,31203,post,It's locked. I can open it.,1,6,0,0
grade1_profile31203_q2_QK_20251122_100724.mp3,open,1,Ali,31203,post,It's locked. I can open it.,4,6,1,1
grade1_profile31203_q3_LP_20251122_101304.mp3,build,1,Semal,31203,pre,This is Zara. She loves to draw. This is Faiz. He loves to build things.,13,15,1,1
grade1_profile31203_q3_LP_20251122_101304.mp3,draw,1,Semal,31203,pre,This is Zara. She loves to draw. This is Faiz. He loves to build things.,6,15,1,1
grade1_profile31203_q3_LP_20251122_101304.mp3,faiz,1,Semal,31203,pre,This is Zara. She loves to draw. This is Faiz. He loves to build things.,9,15,0,0
grade1_profile31203_q3_LP_20251122_101304.mp3,he,1,Semal,31203,pre,This is Zara. She loves to draw. This is Faiz. He loves to build things.,10,15,1,1
grade1_profile31203_q3_LP_20251122_101304.mp3,is,1,Semal,31203,pre,This is Zara. She loves to draw. This is Faiz. He loves to build things.,1,15,1,1
grade1_profile31203_q3_LP_20251122_101304.mp3,loves,1,Semal,31203,pre,This is Zara. She loves to draw. This is Faiz. He loves to build things.,4,15,1,1
grade1_profile31203_q3_LP_20251122_101304.mp3,she,1,Semal,31203,pre,This is Zara. She loves to draw. This is Faiz. He loves to build things.,3,15,1,1
grade1_profile31203_q3_LP_20251122_101304.mp3,things,1,Semal,31203,pre,This is Zara. She loves to draw. This is Faiz. He loves to build things.,14,15,1,1
grade1_profile31203_q3_LP_20251122_101304.mp3,this,1,Semal,31203,pre,This is Zara. She loves to draw. This is Faiz. He loves to build things.,0,15,1,1
grade1_profile31203_q3_LP_20251122_101304.mp3,to,1,Semal,31203,pre,This is Zara. She loves to draw. This is Faiz. He loves to build things.,5,15,1,1
grade1_profile31203_q3_LP_20251122_101304.mp3,zara,1,Semal,31203,pre,This is Zara. She loves to draw. This is Faiz. He loves to build things.,2,15,1,1
grade1_profile31203_q3_QK_20251122_101834.mp3,build,1,Salman,31203,post,This is Zara. She loves to draw. This is Faiz. He loves to build things.,13,15,1,1
grade1_profile31203_q3_QK_20251122_101834.mp3,draw,1,Salman,31203,post,This is Zara. She loves to draw. This is Faiz. He loves to build things.,6,15,1,1
grade1_profile31203_q3_QK_20251122_101834.mp3,faiz,1,Salman,31203,post,This is Zara. She loves to draw. This is Faiz. He loves to build things.,9,15,0,0
grade1_profile31203_q3_QK_20251122_101834.mp3,he,1,Salman,31203,post,This is Zara. She loves to draw. This is Faiz. He loves to build things.,10,15,1,1
grade1_profile31203_q3_QK_20251122_101834.mp3,is,1,Salman,31203,post,This is Zara. She loves to draw. This is Faiz. He loves to build things.,1,15,1,1
grade1_profile31203_q3_QK_20251122_101834.mp3,loves,1,Salman,31203,post,This is Zara. She loves to draw. This is Faiz. He loves to build things.,4,15,1,1
grade1_profile31203_q3_QK_20251122_101834.mp3,she,1,Salman,31203,post,This is Zara. She loves to draw. This is Faiz. He loves to build things.,3,15,1,1
grade1_profile31203_q3_QK_20251122_101834.mp3,things,1,Salman,31203,post,This is Zara. She loves to draw. This is Faiz. He loves to build things.,14,15,0,0
grade1_profile31203_q3_QK_20251122_101834.mp3,this,1,Salman,31203,post,This is Zara. She loves to draw. This is Faiz. He loves to build things.,0,15,1,1
grade1_profile31203_q3_QK_20251122_101834.mp3,to,1,Salman,31203,post,This is Zara. She loves to draw. This is Faiz. He loves to build things.,5,15,1,1
grade1_profile31203_q3_QK_20251122_101834.mp3,zara,1,Salman,31203,post,This is Zara. She loves to draw. This is Faiz. He loves to build things.,2,15,1,1
grade1_profile31204_q1_LP_20251122_095026.mp3,can,1,Salman,31204,pre,Come on. We can do it together.,3,7,1,1
grade1_profile31204_q1_LP_20251122_095026.mp3,come,1,Salman,31204,pre,Come on. We can do it together.,0,7,1,1
grade1_profile31204_q1_LP_20251122_095026.mp3,do,1,Salman,31204,pre,Come on. We can do it together.,4,7,1,1
grade1_profile31204_q1_LP_20251122_095026.mp3,it,1,Salman,31204,pre,Come on. We can do it together.,5,7,1,1
grade1_profile31204_q1_LP_20251122_095026.mp3,on,1,Salman,31204,pre,Come on. We can do it together.,1,7,1,1
grade1_profile31204_q1_LP_20251122_095026.mp3,together,1,Salman,31204,pre,Come on. We can do it together.,6,7,0,0
grade1_profile31204_q1_LP_20251122_095026.mp3,we,1,Salman,31204,pre,Come on. We can do it together.,2,7,0,0
grade1_profile31204_q1_QK_20251122_095622.mp3,can,1,Amna,31204,post,Come on. We can do it together.,3,7,1,1
grade1_profile31204_q1_QK_20251122_095622.mp3,come,1,Amna,31204,post,Come on. We can do it together.,0,7,1,1
grade1_profile31204_q1_QK_20251122_095622.mp3,do,1,Amna,31204,post,Come on. We can do it together.,4,7,1,1
grade1_profile31204_q1_QK_20251122_095622.mp3,it,1,Amna,31204,post,Come on. We can do it together.,5,7,1,1
grade1_profile31204_q1_QK_20251122_095622.mp3,on,1,Amna,31204,post,Come on. We can do it together.,1,7,1,1
grade1_profile31204_q1_QK_20251122_095622.mp3,together,1,Amna,31204,post,Come on. We can do it together.,6,7,0,0
grade1_profile31204_q1_QK_20251122_095622.mp3,we,1,Amna,31204,post,Come on. We can do it together.,2,7,1,1
grade1_profile31204_q2_LP_20251122_100201.mp3,can,1,Semal,31204,pre,It's locked. I can open it.,3,6,1,1
grade1_profile31204_q2_LP_20251122_100201.mp3,i,0,Semal,31204,pre,It's locked. I can open it.,2,6,1,0
grade1_profile31204_q2_LP_20251122_100201.mp3,it,1,Semal,31204,pre,It's locked. I can open it.,5,6,1,1
grade1_profile31204_q2_LP_20251122_100201.mp3,it's,1,Semal,31204,pre,It's locked. I can open it.,0,6,1,1
grade1_profile31204_q2_LP_20251122_100201.mp3,locked,1,Semal,31204,pre,It's locked. I can open it.,1,6,0,0
grade1_profile31204_q2_LP_20251122_100201.mp3,open,1,Semal,31204,pre,It's locked. I can open it.,4,6,1,1
grade1_profile31204_q2_QK_20251122_100724.mp3,can,1,Rukhshan,31204,post,It's locked. I can open it.,3,6,1,1
grade1_profile31204_q2_QK_20251122_100724.mp3,i,1,Rukhshan,31204,post,It's locked. I can open it.,2,6,1,1
grade1_profile31204_q2_QK_20251122_100724.mp3,it,1,Rukhshan,31204,post,It's locked. I can open it.,5,6,1,1
grade1_profile31204_q2_QK_20251122_100724.mp3,it's,1,Rukhshan,31204,post,It's locked. I can open it.,0,6,1,1
grade1_profile31204_q2_QK_20251122_100724.mp3,locked,0,Rukhshan,31204,post,It's locked. I can open it.,1,6,0,1
grade1_profile31204_q2_QK_20251122_100724.mp3,open,1,Rukhshan,31204,post,It's locked. I can open it.,4,6,1,1
grade1_profile31204_q3_LP_20251122_101304.mp3,build,0,Rukhshan,31204,pre,This is Zara. She loves to draw. This is Faiz. He loves to build things.,13,15,0,1
grade1_profile31204_q3_LP_20251122_101304.mp3,draw,1,Rukhshan,31204,pre,This is Zara. She loves to draw. This is Faiz. He loves to build things.,6,15,0,0
grade1_profile31204_q3_LP_20251122_101304.mp3,faiz,1,Rukhshan,31204,pre,This is Zara. She loves to draw. This is Faiz. He loves to build things.,9,15,0,0
grade1_profile31204_q3_LP_20251122_101304.mp3,he,1,Rukhshan,31204,pre,This is Zara. She loves to draw. This is Faiz. He loves to build things.,10,15,1,1
grade1_profile31204_q3_LP_20251122_101304.mp3,is,1,Rukhshan,31204,pre,This is Zara. She loves to draw. This is Faiz. He loves to build things.,1,15,0,0
grade1_profile31204_q3_LP_20251122_101304.mp3,loves,1,Rukhshan,31204,pre,This is Zara. She loves to draw. This is Faiz. He loves to build things.,4,15,1,1
grade1_profile31204_q3_LP_20251122_101304.mp3,she,1,Rukhshan,31204,pre,This is Zara. She loves to draw. This is Faiz. He loves to build things.,3,15,1,1
grade1_profile31204_q3_LP_20251122_101304.mp3,things,1,Rukhshan,31204,pre,This is Zara. She loves to draw. This is Faiz. He loves to build things.,14,15,1,1
grade1_profile31204_q3_LP_20251122_101304.mp3,this,1,Rukhshan,31204,pre,This is Zara. She loves to draw. This is Faiz. He loves to build things.,0,15,1,1
grade1_profile31204_q3_LP_20251122_101304.mp3,to,1,Rukhshan,31204,pre,This is Zara. She loves to draw. This is Faiz. He loves to build things.,5,15,1,1
grade1_profile31204_q3_LP_20251122_101304.mp3,zara,1,Rukhshan,31204,pre,This is Zara. She loves to draw. This is Faiz. He loves to build things.,2,15,0,0
grade1_profile31204_q3_QK_20251122_101834.mp3,build,1,Amna,31204,post,This is Zara. She loves to draw. This is Faiz. He loves to build things.,13,15,0,0
grade1_profile31204_q3_QK_20251122_101834.mp3,draw,1,Amna,31204,post,This is Zara. She loves to draw. This is Faiz. He loves to build things.,6,15,0,0
grade1_profile31204_q3_QK_20251122_101834.mp3,faiz,1,Amna,31204,post,This is Zara. She loves to draw. This is Faiz. He loves to build things.,9,15,0,0
grade1_profile31204_q3_QK_20251122_101834.mp3,he,1,Amna,31204,post,This is Zara. She loves to draw. This is Faiz. He loves to build things.,10,15,1,1
grade1_profile31204_q3_QK_20251122_101834.mp3,is,1,Amna,31204,post,This is Zara. She loves to draw. This is Faiz. He loves to build things.,1,15,1,1
grade1_profile31204_q3_QK_20251122_101834.mp3,loves,1,Amna,31204,post,This is Zara. She loves to draw. This is Faiz. He loves to build things.,4,15,1,1
grade1_profile31204_q3_QK_20251122_101834.mp3,she,1,Amna,31204,post,This is Zara. She loves to draw. This is Faiz. He loves to build things.,3,15,1,1
grade1_profile31204_q3_QK_20251122_101834.mp3,things,1,Amna,31204,post,This is Zara. She loves to draw. This is Faiz. He loves to build things.,14,15,0,0
grade1_profile31204_q3_QK_20251122_101834.mp3,this,1,Amna,31204,post,This is Zara. She loves to draw. This is Faiz. He loves to build things.,0,15,1,1
grade1_profile31204_q3_QK_20251122_101834.mp3,to,1,Amna,31204,post,This is Zara. She loves to draw. This is Faiz. He loves to build things.,5,15,1,1
grade1_profile31204_q3_QK_20251122_101834.mp3,zara,1,Amna,31204,post,This is Zara. She loves to draw. This is Faiz. He loves to build things.,2,15,0,0
grade1_profile31205_q1_LP_20251122_095026.mp3,can,1,Semal,31205,pre,Come on. We can do it together.,3,7,1,1
grade1_profile31205_q1_LP_20251122_095026.mp3,come,0,Semal,31205,pre,Come on. We can do it together.,0,7,1,0
grade1_profile31205_q1_LP_20251122_095026.mp3,do,1,Semal,31205,pre,Come on. We can do it together.,4,7,1,1
grade1_profile31205_q1_LP_20251122_095026.mp3,it,1,Semal,31205,pre,Come on. We can do it together.,5,7,1,1
grade1_profile31205_q1_LP_20251122_095026.mp3,on,1,Semal,31205,pre,Come on. We can do it together.,1,7,1,1
grade1_profile31205_q1_LP_20251122_095026.mp3,together,1,Semal,31205,pre,Come on. We can do it together.,6,7,1,1
grade1_profile31205_q1_LP_20251122_095026.mp3,we,1,Semal,31205,pre,Come on. We can do it together.,2,7,1,1
grade1_profile31205_q1_QK_20251122_095622.mp3,can,1,Semal,31205,post,Come on. We can do it together.,3,7,1,1
grade1_profile31205_q1_QK_20251122_095622.mp3,come,0,Semal,31205,post,Come on. We can do it together.,0,7,0,1
grade1_profile31205_q1_QK_20251122_095622.mp3,do,1,Semal,31205,post,Come on. We can do it together.,4,7,1,1
grade1_profile31205_q1_QK_20251122_095622.mp3,it,0,Semal,31205,post,Come on. We can do it together.,5,7,1,0
grade1_profile31205_q1_QK_20251122_095622.mp3,on,1,Semal,31205,post,Come on. We can do it together.,1,7,0,0
grade1_profile31205_q1_QK_20251122_095622.mp3,together,1,Semal,31205,post,Come on. We can do it together.,6,7,0,0
grade1_profile31205_q1_QK_20251122_095622.mp3,we,1,Semal,31205,post,Come on. We can do it together.,2,7,1,1
grade1_profile31205_q2_LP_20251122_100201.mp3,can,1,Ali,31205,pre,It's locked. I can open it.,3,6,1,1
grade1_profile31205_q2_LP_20251122_100201.mp3,i,1,Ali,31205,pre,It's locked. I can open it.,2,6,1,1
grade1_profile31205_q2_LP_20251122_100201.mp3,it,1,Ali,31205,pre,It's locked. I can open it.,5,6,1,1
grade1_profile31205_q2_LP_20251122_100201.mp3,it's,1,Ali,31205,pre,It's locked. I can open it.,0,6,1,1
grade1_profile31205_q2_LP_20251122_100201.mp3,locked,1,Ali,31205,pre,It's locked. I can open it.,1,6,0,0
grade1_profile31205_q2_LP_20251122_100201.mp3,open,1,Ali,31205,pre,It's locked. I can open it.,4,6,1,1
grade1_profile31205_q2_QK_20251122_100724.mp3,can,1,Amna,31205,post,It's locked. I can open it.,3,6,1,1
grade1_profile31205_q2_QK_20251122_100724.mp3,i,1,Amna,31205,post,It's locked. I can open it.,2,6,1,1
grade1_profile31205_q2_QK_20251122_100724.mp3,it,1,Amna,31205,post,It's locked. I can open it.,5,6,1,1
grade1_profile31205_q2_QK_20251122_100724.mp3,it's,1,Amna,31205,post,It's locked. I can open it.,0,6,0,0
grade1_profile31205_q2_QK_20251122_100724.mp3,locked,1,Amna,31205,post,It's locked. I can open it.,1,6,0,0
grade1_profile31205_q2_QK_20251122_100724.mp3,open,1,Amna,31205,post,It's locked. I can open it.,4,6,1,1
grade1_profile31205_q3_LP_20251122_101304.mp3,build,0,Dania,31205,pre,This is Zara. She loves to draw. This is Faiz. He loves to build things.,13,15,1,0
grade1_profile31205_q3_LP_20251122_101304.mp3,draw,1,Dania,31205,pre,This is Zara. She loves to draw. This is Faiz. He loves to build things.,6,15,1,1
grade1_profile31205_q3_LP_20251122_101304.mp3,faiz,1,Dania,31205,pre,This is Zara. She loves to draw. This is Faiz. He loves to build things.,9,15,0,0
grade1_profile31205_q3_LP_20251122_101304.mp3,he,1,Dania,31205,pre,This is Zara. She loves to draw. This is Faiz. He loves to build things.,10,15,1,1
grade1_profile31205_q3_LP_20251122_101304.mp3,is,1,Dania,31205,pre,This is Zara. She loves to draw. This is Faiz. He loves to build things.,1,15,1,1
grade1_profile31205_q3_LP_20251122_101304.mp3,loves,1,Dania,31205,pre,This is Zara. She loves to draw. This is Faiz. He loves to build things.,4,15,1,1
grade1_profile31205_q3_LP_20251122_101304.mp3,she,1,Dania,31205,pre,This is Zara. She loves to draw. This is Faiz. He loves to build things.,3,15,1,1
grade1_profile31205_q3_LP_20251122_101304.mp3,things,1,Dania,31205,pre,This is Zara. She loves to draw. This is Faiz. He loves to build things.,14,15,1,1
grade1_profile31205_q3_LP_20251122_101304.mp3,this,1,Dania,31205,pre,This is Zara. She loves to draw. This is Faiz. He loves to build things.,0,15,1,1
grade1_profile31205_q3_LP_20251122_101304.mp3,to,1,Dania,31205,pre,This is Zara. She loves to draw. This is Faiz. He loves to build things.,5,15,1,1
grade1_profile31205_q3_LP_20251122_101304.mp3,zara,1,Dania,31205,pre,This is Zara. She loves to draw. This is Faiz. He loves to build things.,2,15,1,1
grade1_profile31206_q1_LP_20251122_095026.mp3,can,1,Rehma,31206,pre,Come on. We can do it together.,3,7,1,1
grade1_profile31206_q1_LP_20251122_095026.mp3,come,1,Rehma,31206,pre,Come on. We can do it together.,0,7,1,1
grade1_profile31206_q1_LP_20251122_095026.mp3,do,1,Rehma,31206,pre,Come on. We can do it together.,4,7,1,1
grade1_profile31206_q1_LP_20251122_095026.mp3,it,1,Rehma,31206,pre,Come on. We can do it together.,5,7,1,1
grade1_profile31206_q1_LP_20251122_095026.mp3,on,1,Rehma,31206,pre,Come on. We can do it together.,1,7,0,0
grade1_profile31206_q1_LP_20251122_095026.mp3,together,0,Rehma,31206,pre,Come on. We can do it together.,6,7,0,1
grade1_profile31206_q1_LP_20251122_095026.mp3,we,1,Rehma,31206,pre,Come on. We can do it together.,2,7,0,0
grade1_profile31206_q1_QK_20251122_095622.mp3,can,1,Rukhshan,31206,post,Come on. We can do it together.,3,7,1,1
grade1_profile31206_q1_QK_20251122_095622.mp3,come,0,Rukhshan,31206,post,Come on. We can do it together.,0,7,1,0
grade1_profile31206_q1_QK_20251122_095622.mp3,do,1,Rukhshan,31206,post,Come on. We can do it together.,4,7,1,1
grade1_profile31206_q1_QK_20251122_095622.mp3,it,0,Rukhshan,31206,post,Come on. We can do it together.,5,7,1,0
grade1_profile31206_q1_QK_20251122_095622.mp3,on,0,Rukhshan,31206,post,Come on. We can do it together.,1,7,1,0
grade1_profile31206_q1_QK_20251122_095622.mp3,together,0,Rukhshan,31206,post,Come on. We can do it together.,6,7,0,1
grade1_profile31206_q1_QK_20251122_095622.mp3,we,1,Rukhshan,31206,post,Come on. We can do it together.,2,7,1,1
grade1_profile31206_q2_LP_20251122_100201.mp3,can,1,Salman,31206,pre,It's locked. I can open it.,3,6,1,1
grade1_profile31206_q2_LP_20251122_100201.mp3,i,1,Salman,31206,pre,It's locked. I can open it.,2,6,1,1
grade1_profile31206_q2_LP_20251122_100201.mp3,it,1,Salman,31206,pre,It's locked. I can open it.,5,6,1,1
grade1_profile31206_q2_LP_20251122_100201.mp3,it's,1,Salman,31206,pre,It's locked. I can open it.,0,6,1,1
grade1_profile31206_q2_LP_20251122_100201.mp3,locked,1,Salman,31206,pre,It's locked. I can open it.,1,6,1,1
grade1_profile31206_q2_LP_20251122_100201.mp3,open,1,Salman,31206,pre,It's locked. I can open it.,4,6,1,1
grade1_profile31206_q2_QK_20251122_100724.mp3,can,1,Semal,31206,post,It's locked. I can open it.,3,6,1,1
grade1_profile31206_q2_QK_20251122_100724.mp3,i,1,Semal,31206,post,It's locked. I can open it.,2,6,1,1
grade1_profile31206_q2_QK_20251122_100724.mp3,it,1,Semal,31206,post,It's locked. I can open it.,5,6,1,1
grade1_profile31206_q2_QK_20251122_100724.mp3,it's,1,Semal,31206,post,It's locked. I can open it.,0,6,1,1
grade1_profile31206_q2_QK_20251122_100724.mp3,locked,1,Semal,31206,post,It's locked. I can open it.,1,6,1,1
grade1_profile31206_q2_QK_20251122_100724.mp3,open,1,Semal,31206,post,It's locked. I can open it.,4,6,1,1
grade1_profile31206_q3_LP_20251122_101304.mp3,build,0,Rukhshan,31206,pre,This is Zara. She loves to draw. This is Faiz. He loves to build things.,13,15,1,0
grade1_profile31206_q3_LP_20251122_101304.mp3,draw,0,Rukhshan,31206,pre,This is Zara. She loves to draw. This is Faiz. He loves to build things.,6,15,0,1
grade1_profile31206_q3_LP_20251122_101304.mp3,faiz,1,Rukhshan,31206,pre,This is Zara. She loves to draw. This is Faiz. He loves to build things.,9,15,0,0
grade1_profile31206_q3_LP_20251122_101304.mp3,he,1,Rukhshan,31206,pre,This is Zara. She loves to draw. This is Faiz. He loves to build things.,10,15,1,1
grade1_profile31206_q3_LP_20251122_101304.mp3,is,1,Rukhshan,31206,pre,This is Zara. She loves to draw. This is Faiz. He loves to build things.,1,15,0,0
grade1_profile31206_q3_LP_20251122_101304.mp3,loves,0,Rukhshan,31206,pre,This is Zara. She loves to draw. This is Faiz. He loves to build things.,4,15,1,0
grade1_profile31206_q3_LP_20251122_101304.mp3,she,1,Rukhshan,31206,pre,This is Zara. She loves to draw. This is Faiz. He loves to build things.,3,15,1,1
grade1_profile31206_q3_LP_20251122_101304.mp3,things,1,Rukhshan,31206,pre,This is Zara. She loves to draw. This is Faiz. He loves to build things.,14,15,0,0
grade1_profile31206_q3_LP_20251122_101304.mp3,this,1,Rukhshan,31206,pre,This is Zara. She loves to draw. This is Faiz. He loves to build things.,0,15,1,1
grade1_profile31206_q3_LP_20251122_101304.mp3,to,1,Rukhshan,31206,pre,This is Zara. She loves to draw. This is Faiz. He loves to build things.,5,15,0,0
grade1_profile31206_q3_LP_20251122_101304.mp3,zara,1,Rukhshan,31206,pre,This is Zara. She loves to draw. This is Faiz. He loves to build things.,2,15,0,0
grade1_profile31206_q3_QK_20251122_101834.mp3,build,1,Semal,31206,post,This is Zara. She loves to draw. This is Faiz. He loves to build things.,13,15,0,0
grade1_profile31206_q3_QK_20251122_101834.mp3,draw,1,Semal,31206,post,This is Zara. She loves to draw. This is Faiz. He loves to build things.,6,15,1,1
grade1_profile31206_q3_QK_20251122_101834.mp3,faiz,1,Semal,31206,post,This is Zara. She loves to draw. This is Faiz. He loves to build things.,9,15,1,1
grade1_profile31206_q3_QK_20251122_101834.mp3,is,1,Semal,31206,post,This is Zara. She loves to draw. This is Faiz. He loves to build things.,1,15,1,1
grade1_profile31206_q3_QK_20251122_101834.mp3,loves,1,Semal,31206,post,This is Zara. She loves to draw. This is Faiz. He loves to build things.,4,15,1,1
grade1_profile31206_q3_QK_20251122_101834.mp3,she,1,Semal,31206,post,This is Zara. She loves to draw. This is Faiz. He loves to build things.,3,15,1,1
grade1_profile31206_q3_QK_20251122_101834.mp3,things,1,Semal,31206,post,This is Zara. She loves to draw. This is Faiz. He loves to build things.,14,15,0,0
grade1_profile31206_q3_QK_20251122_101834.mp3,this,1,Semal,31206,post,This is Zara. She loves to draw. This is Faiz. He loves to build things.,0,15,1,1
grade1_profile31206_q3_QK_20251122_101834.mp3,to,1,Semal,31206,post,This is Zara. She loves to draw. This is Faiz. He loves to build things.,5,15,1,1
grade1_profile31206_q3_QK_20251122_101834.mp3,zara,1,Semal,31206,post,This is Zara. She loves to draw. This is Faiz. He loves to build things.,2,15,1,1
grade1_profile31207_q1_LP_20251122_095026.mp3,can,1,Amna,31207,pre,Come on. We can do it together.,3,7,1,1
grade1_profile31207_q1_LP_20251122_095026.mp3,come,0,Amna,31207,pre,Come on. We can do it together.,0,7,0,1
grade1_profile31207_q1_LP_20251122_095026.mp3,do,1,Amna,31207,pre,Come on. We can do it together.,4,7,1,1
grade1_profile31207_q1_LP_20251122_095026.mp3,it,1,Amna,31207,pre,Come on. We can do it together.,5,7,1,1
grade1_profile31207_q1_LP_20251122_095026.mp3,on,1,Amna,31207,pre,Come on. We can do it together.,1,7,0,0
grade1_profile31207_q1_LP_20251122_095026.mp3,together,1,Amna,31207,pre,Come on. We can do it together.,6,7,0,0
grade1_profile31207_q1_LP_20251122_095026.mp3,we,1,Amna,31207,pre,Come on. We can do it together.,2,7,0,0
grade1_profile31207_q1_QK_20251122_095622.mp3,can,1,Ali,31207,post,Come on. We can do it together.,3,7,1,1
grade1_profile31207_q1_QK_20251122_095622.mp3,come,1,Ali,31207,post,Come on. We can do it together.,0,7,0,0
grade1_profile31207_q1_QK_20251122_095622.mp3,do,1,Ali,31207,post,Come on. We can do it together.,4,7,1,1
grade1_profile31207_q1_QK_20251122_095622.mp3,it,1,Ali,31207,post,Come on. We can do it together.,5,7,1,1
grade1_profile31207_q1_QK_20251122_095622.mp3,on,1,Ali,31207,post,Come on. We can do it together.,1,7,0,0
grade1_profile31207_q1_QK_20251122_095622.mp3,we,1,Ali,31207,post,Come on. We can do it together.,2,7,1,1
grade1_profile31207_q2_LP_20251122_100201.mp3,can,1,Rehma,31207,pre,It's locked. I can open it.,3,6,0,0
grade1_profile31207_q2_LP_20251122_100201.mp3,i,1,Rehma,31207,pre,It's locked. I can open it.,2,6,0,0
grade1_profile31207_q2_LP_20251122_100201.mp3,it,1,Rehma,31207,pre,It's locked. I can open it.,5,6,1,1
grade1_profile31207_q2_LP_20251122_100201.mp3,it's,1,Rehma,31207,pre,It's locked. I can open it.,0,6,0,0
grade1_profile31207_q2_LP_20251122_100201.mp3,locked,0,Rehma,31207,pre,It's locked. I can open it.,1,6,0,1
grade1_profile31207_q2_LP_20251122_100201.mp3,open,1,Rehma,31207,pre,It's locked. I can open it.,4,6,0,0
grade1_profile31207_q2_QK_20251122_100724.mp3,can,1,Abdullah,31207,post,It's locked. I can open it.,3,6,1,1
grade1_profile31207_q2_QK_20251122_100724.mp3,i,0,Abdullah,31207,post,It's locked. I can open it.,2,6,1,0
grade1_profile31207_q2_QK_20251122_100724.mp3,it's,0,Abdullah,31207,post,It's locked. I can open it.,0,6,0,1
grade1_profile31207_q2_QK_20251122_100724.mp3,locked,0,Abdullah,31207,post,It's locked. I can open it.,1,6,0,1
grade1_profile31207_q2_QK_20251122_100724.mp3,open,1,Abdullah,31207,post,It's locked. I can open it.,4,6,0,0
grade1_profile31207_q3_QK_20251122_101834.mp3,build,1,Dania,31207,post,This is Zara. She loves to draw. This is Faiz. He loves to build things.,13,15,0,0
grade1_profile31207_q3_QK_20251122_101834.mp3,draw,1,Dania,31207,post,This is Zara. She loves to draw. This is Faiz. He loves to build things.,6,15,1,1
grade1_profile31207_q3_QK_20251122_101834.mp3,faiz,1,Dania,31207,post,This is Zara. She loves to draw. This is Faiz. He loves to build things.,9,15,0,0
grade1_profile31207_q3_QK_20251122_101834.mp3,he,1,Dania,31207,post,This is Zara. She loves to draw. This is Faiz. He loves to build things.,10,15,0,0
grade1_profile31207_q3_QK_20251122_101834.mp3,is,1,Dania,31207,post,This is Zara. She loves to draw. This is Faiz. He loves to build things.,1,15,0,0
grade1_profile31207_q3_QK_20251122_101834.mp3,loves,1,Dania,31207,post,This is Zara. She loves to draw. This is Faiz. He loves to build things.,4,15,1,1
grade1_profile31207_q3_QK_20251122_101834.mp3,she,1,Dania,31207,post,This is Zara. She loves to draw. This is Faiz. He loves to build things.,3,15,0,0
grade1_profile31207_q3_QK_20251122_101834.mp3,this,1,Dania,31207,post,This is Zara. She loves to draw. This is Faiz. He loves to build things.,0,15,1,1
grade1_profile31207_q3_QK_20251122_101834.mp3,to,1,Dania,31207,post,This is Zara. She loves to draw. This is Faiz. He loves to build things.,5,15,1,1
grade1_profile31207_q3_QK_20251122_101834.mp3,zara,1,Dania,31207,post,This is Zara. She loves to draw. This is Faiz. He loves to build things.,2,15,0,0
grade1_profile31284_q1_LP_20251122_095026.mp3,can,1,Rukhshan,31284,pre,Come on. We can do it together.,3,7,1,1
grade1_profile31284_q1_LP_20251122_095026.mp3,come,1,Rukhshan,31284,pre,Come on. We can do it together.,0,7,1,1
grade1_profile31284_q1_LP_20251122_095026.mp3,do,1,Rukhshan,31284,pre,Come on. We can do it together.,4,7,1,1
grade1_profile31284_q1_LP_20251122_095026.mp3,it,0,Rukhshan,31284,pre,Come on. We can do it together.,5,7,1,0
grade1_profile31284_q1_LP_20251122_095026.mp3,on,1,Rukhshan,31284,pre,Come on. We can do it together.,1,7,1,1
grade1_profile31284_q1_LP_20251122_095026.mp3,together,0,Rukhshan,31284,pre,Come on. We can do it together.,6,7,0,1
grade1_profile31284_q1_LP_20251122_095026.mp3,we,1,Rukhshan,31284,pre,Come on. We can do it together.,2,7,0,0
grade1_profile31284_q1_QK_20251122_095622.mp3,can,0,Rukhshan,31284,post,Come on. We can do it together.,3,7,1,0
grade1_profile31284_q1_QK_20251122_095622.mp3,do,1,Rukhshan,31284,post,Come on. We can do it together.,4,7,1,1
grade1_profile31284_q1_QK_20251122_095622.mp3,it,1,Rukhshan,31284,post,Come on. We can do it together.,5,7,1,1
grade1_profile31284_q1_QK_20251122_095622.mp3,on,0,Rukhshan,31284,post,Come on. We can do it together.,1,7,1,0
grade1_profile31284_q1_QK_20251122_095622.mp3,together,1,Rukhshan,31284,post,Come on. We can do it together.,6,7,1,1
grade1_profile31284_q1_QK_20251122_095622.mp3,we,1,Rukhshan,31284,post,Come on. We can do it together.,2,7,0,0
grade1_profile31284_q2_LP_20251122_100201.mp3,can,1,Salman,31284,pre,It's locked. I can open it.,3,6,1,1
grade1_profile31284_q2_LP_20251122_100201.mp3,i,1,Salman,31284,pre,It's locked. I can open it.,2,6,1,1
grade1_profile31284_q2_LP_20251122_100201.mp3,it,1,Salman,31284,pre,It's locked. I can open it.,5,6,1,1
grade1_profile31284_q2_LP_20251122_100201.mp3,it's,1,Salman,31284,pre,It's locked. I can open it.,0,6,0,0
grade1_profile31284_q2_LP_20251122_100201.mp3,locked,1,Salman,31284,pre,It's locked. I can open it.,1,6,0,0
grade1_profile31284_q2_LP_20251122_100201.mp3,open,1,Salman,31284,pre,It's locked. I can open it.,4,6,1,1
grade1_profile31284_q2_QK_20251122_100724.mp3,can,1,Salman,31284,post,It's locked. I can open it.,3,6,1,1
grade1_profile31284_q2_QK_20251122_100724.mp3,i,1,Salman,31284,post,It's locked. I can open it.,2,6,1,1
grade1_profile31284_q2_QK_20251122_100724.mp3,it,1,Salman,31284,post,It's locked. I can open it.,5,6,1,1
grade1_profile31284_q2_QK_20251122_100724.mp3,it's,1,Salman,31284,post,It's locked. I can open it.,0,6,0,0
grade1_profile31284_q2_QK_20251122_100724.mp3,locked,1,Salman,31284,post,It's locked. I can open it.,1,6,0,0
grade1_profile31284_q2_QK_20251122_100724.mp3,open,1,Salman,31284,post,It's locked. I can open it.,4,6,1,1
grade1_profile31284_q3_LP_20251122_101304.mp3,build,0,Rukhshan,31284,pre,This is Zara. She loves to draw. This is Faiz. He loves to build things.,13,15,1,0
grade1_profile31284_q3_LP_20251122_101304.mp3,draw,0,Rukhshan,31284,pre,This is Zara. She loves to draw. This is Faiz. He loves to build things.,6,15,1,0
grade1_profile31284_q3_LP_20251122_101304.mp3,faiz,1,Rukhshan,31284,pre,This is Zara. She loves to draw. This is Faiz. He loves to build things.,9,15,0,0
grade1_profile31284_q3_LP_20251122_101304.mp3,he,1,Rukhshan,31284,pre,This is Zara. She loves to draw. This is Faiz. He loves to build things.,10,15,0,0
grade1_profile31284_q3_LP_20251122_101304.mp3,is,1,Rukhshan,31284,pre,This is Zara. She loves to draw. This is Faiz. He loves to build things.,1,15,1,1
grade1_profile31284_q3_LP_20251122_101304.mp3,loves,1,Rukhshan,31284,pre,This is Zara. She loves to draw. This is Faiz. He loves to build things.,4,15,1,1
grade1_profile31284_q3_LP_20251122_101304.mp3,she,1,Rukhshan,31284,pre,This is Zara. She loves to draw. This is Faiz. He loves to build things.,3,15,1,1
grade1_profile31284_q3_LP_20251122_101304.mp3,things,1,Rukhshan,31284,pre,This is Zara. She loves to draw. This is Faiz. He loves to build things.,14,15,1,1
grade1_profile31284_q3_LP_20251122_101304.mp3,this,1,Rukhshan,31284,pre,This is Zara. She loves to draw. This is Faiz. He loves to build things.,0,15,1,1
grade1_profile31284_q3_LP_20251122_101304.mp3,to,1,Rukhshan,31284,pre,This is Zara. She loves to draw. This is Faiz. He loves to build things.,5,15,1,1
grade1_profile31284_q3_LP_20251122_101304.mp3,zara,1,Rukhshan,31284,pre,This is Zara. She loves to draw. This is Faiz. He loves to build things.,2,15,1,1
grade1_profile31284_q3_QK_20251122_101834.mp3,draw,1,Rukhshan,31284,post,This is Zara. She loves to draw. This is Faiz. He loves to build things.,6,15,1,1
grade1_profile31284_q3_QK_20251122_101834.mp3,faiz,1,Rukhshan,31284,post,This is Zara. She loves to draw. This is Faiz. He loves to build things.,9,15,0,0
grade1_profile31284_q3_QK_20251122_101834.mp3,he,1,Rukhshan,31284,post,This is Zara. She loves to draw. This is Faiz. He loves to build things.,10,15,1,1
grade1_profile31284_q3_QK_20251122_101834.mp3,is,1,Rukhshan,31284,post,This is Zara. She loves to draw. This is Faiz. He loves to build things.,1,15,1,1
grade1_profile31284_q3_QK_20251122_101834.mp3,loves,1,Rukhshan,31284,post,This is Zara. She loves to draw. This is Faiz. He loves to build things.,4,15,1,1
grade1_profile31284_q3_QK_20251122_101834.mp3,she,1,Rukhshan,31284,post,This is Zara. She loves to draw. This is Faiz. He loves to build things.,3,15,1,1
grade1_profile31284_q3_QK_20251122_101834.mp3,things,1,Rukhshan,31284,post,This is Zara. She loves to draw. This is Faiz. He loves to build things.,14,15,1,1
grade1_profile31284_q3_QK_20251122_101834.mp3,this,1,Rukhshan,31284,post,This is Zara. She loves to draw. This is Faiz. He loves to build things.,0,15,1,1
grade1_profile31284_q3_QK_20251122_101834.mp3,to,1,Rukhshan,31284,post,This is Zara. She loves to draw. This is Faiz. He loves to build things.,5,15,1,1
grade1_profile31284_q3_QK_20251122_101834.mp3,zara,1,Rukhshan,31284,post,This is Zara. She loves to draw. This is Faiz. He loves to build things.,2,15,1,1
grade1_profile31293_q1_LP_20251122_095026.mp3,can,1,Rehma,31293,pre,Come on. We can do it together.,3,7,1,1
grade1_profile31293_q1_LP_20251122_095026.mp3,come,0,Rehma,31293,pre,Come on. We can do it together.,0,7,0,1
grade1_profile31293_q1_LP_20251122_095026.mp3,do,1,Rehma,31293,pre,Come on. We can do it together.,4,7,1,1
grade1_profile31293_q1_LP_20251122_095026.mp3,it,1,Rehma,31293,pre,Come on. We can do it together.,5,7,1,1
grade1_profile31293_q1_LP_20251122_095026.mp3,on,1,Rehma,31293,pre,Come on. We can do it together.,1,7,0,0
grade1_profile31293_q1_LP_20251122_095026.mp3,together,1,Rehma,31293,pre,Come on. We can do it together.,6,7,0,0
grade1_profile31293_q1_LP_20251122_095026.mp3,we,1,Rehma,31293,pre,Come on. We can do it together.,2,7,0,0
grade1_profile31293_q1_QK_20251122_095622.mp3,can,1,Semal,31293,post,Come on. We can do it together.,3,7,0,0
grade1_profile31293_q1_QK_20251122_095622.mp3,come,1,Semal,31293,post,Come on. We can do it together.,0,7,0,0
grade1_profile31293_q1_QK_20251122_095622.mp3,do,1,Semal,31293,post,Come on. We can do it together.,4,7,1,1
grade1_profile31293_q1_QK_20251122_095622.mp3,it,1,Semal,31293,post,Come on. We can do it together.,5,7,1,1
grade1_profile31293_q1_QK_20251122_095622.mp3,on,1,Semal,31293,post,Come on. We can do it together.,1,7,0,0
grade1_profile31293_q1_QK_20251122_095622.mp3,together,1,Semal,31293,post,Come on. We can do it together.,6,7,0,0
grade1_profile31293_q1_QK_20251122_095622.mp3,we,1,Semal,31293,post,Come on. We can do it together.,2,7,1,1
grade1_profile31293_q2_LP_20251122_100201.mp3,can,1,Rukhshan,31293,pre,It's locked. I can open it.,3,6,1,1
grade1_profile31293_q2_LP_20251122_100201.mp3,i,1,Rukhshan,31293,pre,It's locked. I can open it.,2,6,1,1
grade1_profile31293_q2_LP_20251122_100201.mp3,it,1,Rukhshan,31293,pre,It's locked. I can open it.,5,6,1,1
grade1_profile31293_q2_LP_20251122_100201.mp3,it's,1,Rukhshan,31293,pre,It's locked. I can open it.,0,6,1,1
grade1_profile31293_q2_LP_20251122_100201.mp3,locked,0,Rukhshan,31293,pre,It's locked. I can open it.,1,6,0,1
grade1_profile31293_q2_LP_20251122_100201.mp3,open,1,Rukhshan,31293,pre,It's locked. I can open it.,4,6,1,1
grade1_profile31293_q2_QK_20251122_100724.mp3,can,1,Semal,31293,post,It's locked. I can open it.,3,6,0,0
grade1_profile31293_q2_QK_20251122_100724.mp3,i,1,Semal,31293,post,It's locked. I can open it.,2,6,1,1
grade1_profile31293_q2_QK_20251122_100724.mp3,it,1,Semal,31293,post,It's locked. I can open it.,5,6,1,1
grade1_profile31293_q2_QK_20251122_100724.mp3,it's,1,Semal,31293,post,It's locked. I can open it.,0,6,1,1
grade1_profile31293_q2_QK_20251122_100724.mp3,locked,1,Semal,31293,post,It's locked. I can open it.,1,6,0,0
grade1_profile31293_q2_QK_20251122_100724.mp3,open,1,Semal,31293,post,It's locked. I can open it.,4,6,0,0
grade1_profile31293_q3_LP_20251122_101304.mp3,build,0,Rukhshan,31293,pre,This is Zara. She loves to draw. This is Faiz. He loves to build things.,13,15,0,1
grade1_profile31293_q3_LP_20251122_101304.mp3,draw,1,Rukhshan,31293,pre,This is Zara. She loves to draw. This is Faiz. He loves to build things.,6,15,1,1
grade1_profile31293_q3_LP_20251122_101304.mp3,faiz,1,Rukhshan,31293,pre,This is Zara. She loves to draw. This is Faiz. He loves to build things.,9,15,1,1
grade1_profile31293_q3_LP_20251122_101304.mp3,he,1,Rukhshan,31293,pre,This is Zara. She loves to draw. This is Faiz. He loves to build things.,10,15,1,1
grade1_profile31293_q3_LP_20251122_101304.mp3,is,1,Rukhshan,31293,pre,This is Zara. She loves to draw. This is Faiz. He loves to build things.,1,15,1,1
grade1_profile31293_q3_LP_20251122_101304.mp3,loves,0,Rukhshan,31293,pre,This is Zara. She loves to draw. This is Faiz. He loves to build things.,4,15,1,0
grade1_profile31293_q3_LP_20251122_101304.mp3,she,1,Rukhshan,31293,pre,This is Zara. She loves to draw. This is Faiz. He loves to build things.,3,15,1,1
grade1_profile31293_q3_LP_20251122_101304.mp3,things,1,Rukhshan,31293,pre,This is Zara. She loves to draw. This is Faiz. He loves to build things.,14,15,0,0
grade1_profile31293_q3_LP_20251122_101304.mp3,this,1,Rukhshan,31293,pre,This is Zara. She loves to draw. This is Faiz. He loves to build things.,0,15,1,1
grade1_profile31293_q3_LP_20251122_101304.mp3,to,1,Rukhshan,31293,pre,This is Zara. She loves to draw. This is Faiz. He loves to build things.,5,15,1,1
grade1_profile31293_q3_LP_20251122_101304.mp3,zara,0,Rukhshan,31293,pre,This is Zara. She loves to draw. This is Faiz. He loves to build things.,2,15,0,1
grade1_profile31293_q3_QK_20251122_101834.mp3,build,0,Ali,31293,post,This is Zara. She loves to draw. This is Faiz. He loves to build things.,13,15,1,0
grade1_profile31293_q3_QK_20251122_101834.mp3,draw,1,Ali,31293,post,This is Zara. She loves to draw. This is Faiz. He loves to build things.,6,15,1,1
grade1_profile31293_q3_QK_20251122_101834.mp3,faiz,1,Ali,31293,post,This is Zara. She loves to draw. This is Faiz. He loves to build things.,9,15,0,0
grade1_profile31293_q3_QK_20251122_101834.mp3,he,1,Ali,31293,post,This is Zara. She loves to draw. This is Faiz. He loves to build things.,10,15,1,1
grade1_profile31293_q3_QK_20251122_101834.mp3,is,1,Ali,31293,post,This is Zara. She loves to draw. This is Faiz. He loves to build things.,1,15,1,1
grade1_profile31293_q3_QK_20251122_101834.mp3,loves,0,Ali,31293,post,This is Zara. She loves to draw. This is Faiz. He loves to build things.,4,15,1,0
grade1_profile31293_q3_QK_20251122_101834.mp3,she,1,Ali,31293,post,This is Zara. She loves to draw. This is Faiz. He loves to build things.,3,15,1,1
grade1_profile31293_q3_QK_20251122_101834.mp3,things,1,Ali,31293,post,This is Zara. She loves to draw. This is Faiz. He loves to build things.,14,15,0,0
grade1_profile31293_q3_QK_20251122_101834.mp3,this,1,Ali,31293,post,This is Zara. She loves to draw. This is Faiz. He loves to build things.,0,15,1,1
grade1_profile31293_q3_QK_20251122_101834.mp3,to,1,Ali,31293,post,This is Zara. She loves to draw. This is Faiz. He loves to build things.,5,15,1,1
grade1_profile31293_q3_QK_20251122_101834.mp3,zara,1,Ali,31293,post,This is Zara. She loves to draw. This is Faiz. He loves to build things.,2,15,0,0
grade1_profile31361_q1_LP_20251122_095026.mp3,can,1,Semal,31361,pre,Come on. We can do it together.,3,7,1,1
grade1_profile31361_q1_LP_20251122_095026.mp3,come,1,Semal,31361,pre,Come on. We can do it together.,0,7,0,0
grade1_profile31361_q1_LP_20251122_095026.mp3,do,1,Semal,31361,pre,Come on. We can do it together.,4,7,1,1
grade1_profile31361_q1_LP_20251122_095026.mp3,it,1,Semal,31361,pre,Come on. We can do it together.,5,7,1,1
grade1_profile31361_q1_LP_20251122_095026.mp3,on,1,Semal,31361,pre,Come on. We can do it together.,1,7,1,1
grade1_profile31361_q1_LP_20251122_095026.mp3,together,0,Semal,31361,pre,Come on. We can do it together.,6,7,0,1
grade1_profile31361_q1_LP_20251122_095026.mp3,we,1,Semal,31361,pre,Come on. We can do it together.,2,7,1,1
grade1_profile31361_q1_QK_20251122_095622.mp3,can,1,Salman,31361,post,Come on. We can do it together.,3,7,1,1
grade1_profile31361_q1_QK_20251122_095622.mp3,come,1,Salman,31361,post,Come on. We can do it together.,0,7,0,0
grade1_profile31361_q1_QK_20251122_095622.mp3,do,1,Salman,31361,post,Come on. We can do it together.,4,7,1,1
grade1_profile31361_q1_QK_20251122_095622.mp3,it,1,Salman,31361,post,Come on. We can do it together.,5,7,1,1
grade1_profile31361_q1_QK_20251122_095622.mp3,on,1,Salman,31361,post,Come on. We can do it together.,1,7,0,0
grade1_profile31361_q1_QK_20251122_095622.mp3,together,1,Salman,31361,post,Come on. We can do it together.,6,7,0,0
grade1_profile31361_q1_QK_20251122_095622.mp3,we,1,Salman,31361,post,Come on. We can do it together.,2,7,0,0
grade1_profile31361_q2_LP_20251122_100201.mp3,can,1,Amna,31361,pre,It's locked. I can open it.,3,6,1,1
grade1_profile31361_q2_LP_20251122_100201.mp3,i,1,Amna,31361,pre,It's locked. I can open it.,2,6,1,1
grade1_profile31361_q2_LP_20251122_100201.mp3,it,1,Amna,31361,pre,It's locked. I can open it.,5,6,0,0
grade1_profile31361_q2_LP_20251122_100201.mp3,it's,0,Amna,31361,pre,It's locked. I can open it.,0,6,0,1
grade1_profile31361_q2_LP_20251122_100201.mp3,locked,0,Amna,31361,pre,It's locked. I can open it.,1,6,0,1
grade1_profile31361_q2_LP_20251122_100201.mp3,open,1,Amna,31361,pre,It's locked. I can open it.,4,6,1,1
grade1_profile31361_q2_QK_20251122_100724.mp3,can,1,Salman,31361,post,It's locked. I can open it.,3,6,1,1
grade1_profile31361_q2_QK_20251122_100724.mp3,i,1,Salman,31361,post,It's locked. I can open it.,2,6,1,1
grade1_profile31361_q2_QK_20251122_100724.mp3,it,1,Salman,31361,post,It's locked. I can open it.,5,6,1,1
grade1_profile31361_q2_QK_20251122_100724.mp3,it's,1,Salman,31361,post,It's locked. I can open it.,0,6,1,1
grade1_profile31361_q2_QK_20251122_100724.mp3,locked,1,Salman,31361,post,It's locked. I can open it.,1,6,0,0
grade1_profile31361_q2_QK_20251122_100724.mp3,open,1,Salman,31361,post,It's locked. I can open it.,4,6,1,1
grade1_profile31361_q3_LP_20251122_101304.mp3,build,1,Semal,31361,pre,This is Zara. She loves to draw. This is Faiz. He loves to build things.,13,15,1,1
grade1_profile31361_q3_LP_20251122_101304.mp3,draw,1,Semal,31361,pre,This is Zara. She loves to draw. This is Faiz. He loves to build things.,6,15,1,1
grade1_profile31361_q3_LP_20251122_101304.mp3,faiz,1,Semal,31361,pre,This is Zara. She loves to draw. This is Faiz. He loves to build things.,9,15,0,0
grade1_profile31361_q3_LP_20251122_101304.mp3,he,1,Semal,31361,pre,This is Zara. She loves to draw. This is Faiz. He loves to build things.,10,15,1,1
grade1_profile31361_q3_LP_20251122_101304.mp3,is,1,Semal,31361,pre,This is Zara. She loves to draw. This is Faiz. He loves to build things.,1,15,0,0
grade1_profile31361_q3_LP_20251122_101304.mp3,loves,0,Semal,31361,pre,This is Zara. She loves to draw. This is Faiz. He loves to build things.,4,15,1,0
grade1_profile31361_q3_LP_20251122_101304.mp3,she,1,Semal,31361,pre,This is Zara. She loves to draw. This is Faiz. He loves to build things.,3,15,1,1
grade1_profile31361_q3_LP_20251122_101304.mp3,things,1,Semal,31361,pre,This is Zara. She loves to draw. This is Faiz. He loves to build things.,14,15,0,0
grade1_profile31361_q3_LP_20251122_101304.mp3,this,1,Semal,31361,pre,This is Zara. She loves to draw. This is Faiz. He loves to build things.,0,15,0,0
grade1_profile31361_q3_LP_20251122_101304.mp3,to,1,Semal,31361,pre,This is Zara. She loves to draw. This is Faiz. He loves to build things.,5,15,1,1
grade1_profile31361_q3_LP_20251122_101304.mp3,zara,1,Semal,31361,pre,This is Zara. She loves to draw. This is Faiz. He loves to build things.,2,15,0,0
grade1_profile31361_q3_QK_20251122_101834.mp3,build,1,Ali,31361,post,This is Zara. She loves to draw. This is Faiz. He loves to build things.,13,15,0,0
grade1_profile31361_q3_QK_20251122_101834.mp3,draw,1,Ali,31361,post,This is Zara. She loves to draw. This is Faiz. He loves to build things.,6,15,1,1
grade1_profile31361_q3_QK_20251122_101834.mp3,faiz,1,Ali,31361,post,This is Zara. She loves to draw. This is Faiz. He loves to build things.,9,15,0,0
grade1_profile31361_q3_QK_20251122_101834.mp3,he,1,Ali,31361,post,This is Zara. She loves to draw. This is Faiz. He loves to build things.,10,15,1,1
grade1_profile31361_q3_QK_20251122_101834.mp3,is,1,Ali,31361,post,This is Zara. She loves to draw. This is Faiz. He loves to build things.,1,15,1,1
grade1_profile31361_q3_QK_20251122_101834.mp3,loves,1,Ali,31361,post,This is Zara. She loves to draw. This is Faiz. He loves to build things.,4,15,1,1
grade1_profile31361_q3_QK_20251122_101834.mp3,she,1,Ali,31361,post,This is Zara. She loves to draw. This is Faiz. He loves to build things.,3,15,1,1
grade1_profile31361_q3_QK_20251122_101834.mp3,things,1,Ali,31361,post,This is Zara. She loves to draw. This is Faiz. He loves to build things.,14,15,0,0
grade1_profile31361_q3_QK_20251122_101834.mp3,this,1,Ali,31361,post,This is Zara. She loves to draw. This is Faiz. He loves to build things.,0,15,1,1
grade1_profile31361_q3_QK_20251122_101834.mp3,to,1,Ali,31361,post,This is Zara. She loves to draw. This is Faiz. He loves to build things.,5,15,1,1
grade1_profile31361_q3_QK_20251122_101834.mp3,zara,1,Ali,31361,post,This is Zara. She loves to draw. This is Faiz. He loves to build things.,2,15,0,0
